ISO-10303-21;
HEADER;
FILE_DESCRIPTION (( 'STEP AP214' ),
    '1' );
FILE_NAME ('PXC-M10-24WD05.STEP',
    '2021-08-23T09:38:58',
    ( '' ),
    ( '' ),
    'SwSTEP 2.0',
    'SolidWorks 2017',
    '' );
FILE_SCHEMA (( 'AUTOMOTIVE_DESIGN' ));
ENDSEC;

DATA;
#1 =( NAMED_UNIT ( * ) PLANE_ANGLE_UNIT ( ) SI_UNIT ( $, .RADIAN. ) );
#2 = LINE ( 'NONE', #94, #2983 ) ;
#3 = DIRECTION ( 'NONE',  ( 1.000000000000000000, 0.0000000000000000000, 6.986432124638220300E-015 ) ) ;
#4 = CARTESIAN_POINT ( 'NONE',  ( -10.14999999999989000, 3.283241423040816800E-015, -15.90000000000007300 ) ) ;
#5 = ORIENTED_EDGE ( 'NONE', *, *, #2272, .T. ) ;
#6 = VECTOR ( 'NONE', #3162, 1000.000000000000100 ) ;
#7 = CARTESIAN_POINT ( 'NONE',  ( 9.688072225809904100, 9.999999999999998200, 7.550000000000068200 ) ) ;
#8 = LINE ( 'NONE', #268, #181 ) ;
#9 = CARTESIAN_POINT ( 'NONE',  ( -7.620000000000080900, -3.500000000000000000, 11.49999999999994800 ) ) ;
#10 = AXIS2_PLACEMENT_3D ( 'NONE', #749, #3210, #1841 ) ;
#11 = EDGE_CURVE ( 'NONE', #3096, #2237, #3035, .T. ) ;
#12 = EDGE_CURVE ( 'NONE', #3361, #1576, #2271, .T. ) ;
#13 = VERTEX_POINT ( 'NONE', #566 ) ;
#14 = CARTESIAN_POINT ( 'NONE',  ( -10.14999999999995800, 0.0000000000000000000, -6.250000000000066600 ) ) ;
#15 = DIRECTION ( 'NONE',  ( -0.9996573249755573700, 0.02617694830787320800, -6.984038048839142400E-015 ) ) ;
#16 = DIRECTION ( 'NONE',  ( 0.0000000000000000000, 1.000000000000000000, 0.0000000000000000000 ) ) ;
#17 = EDGE_CURVE ( 'NONE', #3187, #120, #2773, .T. ) ;
#18 = SURFACE_STYLE_USAGE ( .BOTH. , #1372 ) ;
#19 = CARTESIAN_POINT ( 'NONE',  ( 10.14999999999998800, 3.469446951953614200E-015, 2.950000000000070800 ) ) ;
#20 = ADVANCED_FACE ( 'NONE', ( #3520 ), #3159, .T. ) ;
#21 = ORIENTED_EDGE ( 'NONE', *, *, #97, .T. ) ;
#22 = CARTESIAN_POINT ( 'NONE',  ( -9.688072225809936100, 9.999999999999998200, -2.950000000000067200 ) ) ;
#23 = CARTESIAN_POINT ( 'NONE',  ( 7.320000000000061600, 0.0000000000000000000, -8.819999999999948800 ) ) ;
#24 = EDGE_LOOP ( 'NONE', ( #1017, #1693, #467, #1170 ) ) ;
#25 = PLANE ( 'NONE',  #2317 ) ;
#26 = CARTESIAN_POINT ( 'NONE',  ( 10.14999999999989000, 0.0000000000000000000, 15.90000000000006600 ) ) ;
#27 = ORIENTED_EDGE ( 'NONE', *, *, #3284, .T. ) ;
#28 = VECTOR ( 'NONE', #992, 1000.000000000000100 ) ;
#29 = ORIENTED_EDGE ( 'NONE', *, *, #2385, .T. ) ;
#30 = AXIS2_PLACEMENT_3D ( 'NONE', #1063, #518, #2424 ) ;
#31 = VERTEX_POINT ( 'NONE', #3383 ) ;
#32 = CARTESIAN_POINT ( 'NONE',  ( 7.619999999999919300, -3.500000000000000000, 11.50000000000005500 ) ) ;
#33 = ORIENTED_EDGE ( 'NONE', *, *, #2138, .T. ) ;
#34 = ORIENTED_EDGE ( 'NONE', *, *, #3306, .T. ) ;
#35 = EDGE_CURVE ( 'NONE', #670, #1524, #3127, .T. ) ;
#36 = DIRECTION ( 'NONE',  ( 5.656211598198025200E-031, -1.000000000000000000, -8.095994489448964300E-017 ) ) ;
#37 = VECTOR ( 'NONE', #2854, 1000.000000000000100 ) ;
#38 = SURFACE_SIDE_STYLE ('',( #806 ) ) ;
#39 = VECTOR ( 'NONE', #445, 1000.000000000000000 ) ;
#40 = CARTESIAN_POINT ( 'NONE',  ( 9.688072225809847300, 10.11895801442279500, 15.63608879322927000 ) ) ;
#41 = CARTESIAN_POINT ( 'NONE',  ( 7.319999999999919500, 0.0000000000000000000, 11.50000000000005300 ) ) ;
#42 = FACE_OUTER_BOUND ( 'NONE', #2909, .T. ) ;
#43 = ORIENTED_EDGE ( 'NONE', *, *, #303, .T. ) ;
#44 = CARTESIAN_POINT ( 'NONE',  ( 9.688072225810016000, 9.999999999999998200, -8.549999999999935000 ) ) ;
#45 = DIRECTION ( 'NONE',  ( -1.000000000000000000, -8.673617379884013400E-015, -6.505213034913010000E-015 ) ) ;
#46 = LINE ( 'NONE', #816, #3161 ) ;
#47 = FILL_AREA_STYLE ('',( #301 ) ) ;
#48 = FACE_OUTER_BOUND ( 'NONE', #2377, .T. ) ;
#49 = CARTESIAN_POINT ( 'NONE',  ( 9.688072225810065800, 10.00523538966157500, -15.63800369080500700 ) ) ;
#50 = DIRECTION ( 'NONE',  ( -1.000000000000000000, 6.865438195700476500E-034, -6.982192103103714400E-015 ) ) ;
#51 = LINE ( 'NONE', #3034, #1196 ) ;
#52 = CIRCLE ( 'NONE', #2949, 0.2000000000000005100 ) ;
#53 = CARTESIAN_POINT ( 'NONE',  ( 10.04996572075097600, 3.541888297575882500E-015, -7.479999999999932900 ) ) ;
#54 = DIRECTION ( 'NONE',  ( -6.986432124638220300E-015, 0.0000000000000000000, 1.000000000000000000 ) ) ;
#55 =( GEOMETRIC_REPRESENTATION_CONTEXT ( 3 ) GLOBAL_UNCERTAINTY_ASSIGNED_CONTEXT ( ( #1519 ) ) GLOBAL_UNIT_ASSIGNED_CONTEXT ( ( #3040, #1, #2465 ) ) REPRESENTATION_CONTEXT ( 'NONE', 'WORKASPACE' ) );
#56 = ORIENTED_EDGE ( 'NONE', *, *, #1356, .F. ) ;
#57 = CARTESIAN_POINT ( 'NONE',  ( -10.15000000000001300, 3.344185297550341200E-015, 1.649999999999936200 ) ) ;
#58 = DIRECTION ( 'NONE',  ( -0.02617694830787331200, -0.9996573249755572600, -1.246588742903134600E-017 ) ) ;
#59 = AXIS2_PLACEMENT_3D ( 'NONE', #394, #1487, #3131 ) ;
#60 = ORIENTED_EDGE ( 'NONE', *, *, #2113, .T. ) ;
#61 = CARTESIAN_POINT ( 'NONE',  ( 7.619999999999919300, -3.500000000000000000, 11.50000000000005500 ) ) ;
#62 = EDGE_CURVE ( 'NONE', #3535, #2408, #813, .T. ) ;
#63 = DIRECTION ( 'NONE',  ( 0.9996573249755573700, -0.02617694830787317000, 7.029447815598241600E-015 ) ) ;
#64 = ORIENTED_EDGE ( 'NONE', *, *, #3322, .T. ) ;
#65 = ORIENTED_EDGE ( 'NONE', *, *, #252, .F. ) ;
#66 = CARTESIAN_POINT ( 'NONE',  ( 7.020000000000078600, -3.500000000000000400, -11.65999999999995400 ) ) ;
#67 = CARTESIAN_POINT ( 'NONE',  ( -9.783503977861885300, 10.17576342253238800, -6.835178648246009800E-014 ) ) ;
#68 = EDGE_LOOP ( 'NONE', ( #2911, #2876, #77, #2040 ) ) ;
#69 = ADVANCED_FACE ( 'NONE', ( #3216 ), #1135, .T. ) ;
#70 = ORIENTED_EDGE ( 'NONE', *, *, #2099, .F. ) ;
#71 = DIRECTION ( 'NONE',  ( -1.000000000000000000, 0.0000000000000000000, -6.505213034913010000E-015 ) ) ;
#72 = ORIENTED_EDGE ( 'NONE', *, *, #567, .T. ) ;
#73 = VECTOR ( 'NONE', #50, 1000.000000000000000 ) ;
#74 = VERTEX_POINT ( 'NONE', #57 ) ;
#75 = EDGE_LOOP ( 'NONE', ( #2832, #3151, #2686, #3320 ) ) ;
#76 = CIRCLE ( 'NONE', #2711, 0.2000000000000005100 ) ;
#77 = ORIENTED_EDGE ( 'NONE', *, *, #2347, .T. ) ;
#78 = AXIS2_PLACEMENT_3D ( 'NONE', #2891, #1200, #661 ) ;
#79 = CARTESIAN_POINT ( 'NONE',  ( -7.619999999999922800, -3.500000000000000000, -11.06000000000005600 ) ) ;
#80 = VECTOR ( 'NONE', #91, 1000.000000000000200 ) ;
#81 = EDGE_CURVE ( 'NONE', #3179, #3276, #1553, .T. ) ;
#82 = EDGE_CURVE ( 'NONE', #197, #752, #8, .T. ) ;
#83 = DIRECTION ( 'NONE',  ( 0.0000000000000000000, 1.000000000000000000, 0.0000000000000000000 ) ) ;
#84 = EDGE_CURVE ( 'NONE', #561, #3359, #3436, .T. ) ;
#85 = DIRECTION ( 'NONE',  ( -6.986432124638220300E-015, 0.0000000000000000000, 1.000000000000000000 ) ) ;
#86 = DIRECTION ( 'NONE',  ( 0.0000000000000000000, 1.000000000000000000, 0.0000000000000000000 ) ) ;
#87 = CARTESIAN_POINT ( 'NONE',  ( 9.783503977861917300, 10.17576342253238800, -3.949999999999933600 ) ) ;
#88 = CARTESIAN_POINT ( 'NONE',  ( -7.620000000000078300, -3.500000000000000000, 11.19999999999994800 ) ) ;
#89 = DIRECTION ( 'NONE',  ( 0.0000000000000000000, 1.000000000000000000, 0.0000000000000000000 ) ) ;
#90 = VECTOR ( 'NONE', #2097, 1000.000000000000000 ) ;
#91 = DIRECTION ( 'NONE',  ( -0.02617694830787331200, 0.9996573249755572600, -1.246588742903134600E-017 ) ) ;
#92 = LINE ( 'NONE', #3116, #644 ) ;
#93 = ADVANCED_FACE ( 'NONE', ( #396 ), #820, .F. ) ;
#94 = CARTESIAN_POINT ( 'NONE',  ( -7.320000000000081100, -3.799999999999999800, 11.49999999999995000 ) ) ;
#95 = ORIENTED_EDGE ( 'NONE', *, *, #2363, .F. ) ;
#96 = UNCERTAINTY_MEASURE_WITH_UNIT (LENGTH_MEASURE( 1.000000000000000100E-005 ), #1918, 'distance_accuracy_value', 'NONE');
#97 = EDGE_CURVE ( 'NONE', #3493, #1674, #92, .T. ) ;
#98 = CARTESIAN_POINT ( 'NONE',  ( 9.888003690805035700, 10.00523538966157500, 5.250000000000069300 ) ) ;
#99 = CARTESIAN_POINT ( 'NONE',  ( 7.620000000000079200, -3.500000000000000000, -11.35999999999994800 ) ) ;
#100 = PRESENTATION_LAYER_ASSIGNMENT (  '', '', ( #2247 ) ) ;
#101 = EDGE_CURVE ( 'NONE', #2660, #573, #1456, .T. ) ;
#102 = CARTESIAN_POINT ( 'NONE',  ( 9.688072225809955600, 9.999999999999998200, 6.768505902421399000E-014 ) ) ;
#103 = ORIENTED_EDGE ( 'NONE', *, *, #3349, .F. ) ;
#104 = CARTESIAN_POINT ( 'NONE',  ( -9.888003690805019700, 10.00523538966157500, -7.550000000000070000 ) ) ;
#105 = CARTESIAN_POINT ( 'NONE',  ( 10.14999999999996100, 3.344560004634646200E-015, 6.250000000000077300 ) ) ;
#106 = EDGE_LOOP ( 'NONE', ( #519, #1382, #1016, #2789 ) ) ;
#107 = DIRECTION ( 'NONE',  ( 6.982192103103714400E-015, 1.619198897889792900E-016, -1.000000000000000000 ) ) ;
#108 = DIRECTION ( 'NONE',  ( 0.02617694830787323900, 0.9996573249755572600, 1.828834725831197000E-016 ) ) ;
#109 = ORIENTED_EDGE ( 'NONE', *, *, #2137, .T. ) ;
#110 = ADVANCED_FACE ( 'NONE', ( #736 ), #2988, .T. ) ;
#111 = ORIENTED_EDGE ( 'NONE', *, *, #379, .F. ) ;
#112 = CARTESIAN_POINT ( 'NONE',  ( -9.888003690805124500, 10.00523538966157500, 7.549999999999931400 ) ) ;
#113 = DIRECTION ( 'NONE',  ( -1.000000000000000000, 0.0000000000000000000, -5.782411586589358000E-015 ) ) ;
#114 = VECTOR ( 'NONE', #1813, 1000.000000000000000 ) ;
#115 = VERTEX_POINT ( 'NONE', #79 ) ;
#116 = ORIENTED_EDGE ( 'NONE', *, *, #211, .T. ) ;
#117 = ORIENTED_EDGE ( 'NONE', *, *, #2138, .F. ) ;
#118 = VECTOR ( 'NONE', #2300, 1000.000000000000100 ) ;
#119 = CARTESIAN_POINT ( 'NONE',  ( 10.14999999999989000, 4.336808689942017700E-016, 15.70006853500496800 ) ) ;
#120 = VERTEX_POINT ( 'NONE', #920 ) ;
#121 = CARTESIAN_POINT ( 'NONE',  ( -10.04307915638191800, 0.2629872831021538600, -6.924378846731799700E-014 ) ) ;
#122 = DIRECTION ( 'NONE',  ( -0.9996573249755573700, 0.02617694830787320800, -6.984038048839142400E-015 ) ) ;
#123 = VERTEX_POINT ( 'NONE', #899 ) ;
#124 = CARTESIAN_POINT ( 'NONE',  ( 7.620000000000081800, -3.500000000000000000, -11.65999999999994900 ) ) ;
#125 = DIRECTION ( 'NONE',  ( 6.986432124638220300E-015, 0.0000000000000000000, -1.000000000000000000 ) ) ;
#126 = LINE ( 'NONE', #1621, #801 ) ;
#127 = EDGE_CURVE ( 'NONE', #573, #3562, #1925, .T. ) ;
#128 = EDGE_CURVE ( 'NONE', #2139, #2813, #2849, .T. ) ;
#129 = CARTESIAN_POINT ( 'NONE',  ( -10.14999999999989200, 4.336808689942017700E-016, -15.70006853500496100 ) ) ;
#130 = VECTOR ( 'NONE', #1439, 1000.000000000000000 ) ;
#131 = CARTESIAN_POINT ( 'NONE',  ( -9.783503977861901300, 10.17576342253238600, -8.502566218797284700E-014 ) ) ;
#132 = EDGE_CURVE ( 'NONE', #2338, #950, #2394, .T. ) ;
#133 = ADVANCED_FACE ( 'NONE', ( #3075 ), #300, .T. ) ;
#134 = DIRECTION ( 'NONE',  ( -1.131242319639605000E-030, -1.000000000000000000, 1.619198897889792900E-016 ) ) ;
#135 = FACE_OUTER_BOUND ( 'NONE', #1724, .T. ) ;
#136 = CARTESIAN_POINT ( 'NONE',  ( -10.04307915638191100, 0.2629872831021530800, -0.6500000000000703000 ) ) ;
#137 = FACE_OUTER_BOUND ( 'NONE', #1181, .T. ) ;
#138 = CIRCLE ( 'NONE', #973, 0.2999999999999999300 ) ;
#139 = CARTESIAN_POINT ( 'NONE',  ( -9.688072225809929000, 9.999999999999998200, -3.950000000000069000 ) ) ;
#140 = CARTESIAN_POINT ( 'NONE',  ( 1.078570437408837600E-013, 9.999999999999998200, -15.43807222580995900 ) ) ;
#141 = ORIENTED_EDGE ( 'NONE', *, *, #191, .F. ) ;
#142 = DIRECTION ( 'NONE',  ( -6.984179613198014400E-015, -8.601994145039524900E-017, 1.000000000000000000 ) ) ;
#143 = DIRECTION ( 'NONE',  ( 0.02617694830787324300, 0.9996573249755572600, 1.828834725831197300E-016 ) ) ;
#144 = ORIENTED_EDGE ( 'NONE', *, *, #1419, .T. ) ;
#145 = CARTESIAN_POINT ( 'NONE',  ( 7.619999999999954800, -3.500000000000000000, 6.420000000000056800 ) ) ;
#146 = ORIENTED_EDGE ( 'NONE', *, *, #1979, .T. ) ;
#147 = DIRECTION ( 'NONE',  ( -1.000000000000000000, 0.0000000000000000000, -6.986432124638220300E-015 ) ) ;
#148 = EDGE_CURVE ( 'NONE', #13, #187, #3171, .T. ) ;
#149 = ADVANCED_FACE ( 'NONE', ( #3298 ), #354, .F. ) ;
#150 = ORIENTED_EDGE ( 'NONE', *, *, #1232, .F. ) ;
#151 = ORIENTED_EDGE ( 'NONE', *, *, #2666, .F. ) ;
#152 = VERTEX_POINT ( 'NONE', #376 ) ;
#153 = DIRECTION ( 'NONE',  ( 1.131242319639605000E-030, -1.000000000000000000, -1.619198897889792900E-016 ) ) ;
#154 = CARTESIAN_POINT ( 'NONE',  ( -9.783503977861947500, 10.17576342253238800, 8.549999999999935000 ) ) ;
#155 = CARTESIAN_POINT ( 'NONE',  ( 7.620000000000079200, -3.799999999999999800, -11.35999999999994800 ) ) ;
#156 = VERTEX_POINT ( 'NONE', #648 ) ;
#157 = CARTESIAN_POINT ( 'NONE',  ( -10.14999999999999000, 3.345122836250026700E-015, -1.650000000000063000 ) ) ;
#158 = EDGE_LOOP ( 'NONE', ( #2998, #1963, #21, #932 ) ) ;
#159 = CIRCLE ( 'NONE', #824, 0.2000000000000005100 ) ;
#160 = SURFACE_SIDE_STYLE ('',( #593 ) ) ;
#161 = ORIENTED_EDGE ( 'NONE', *, *, #132, .T. ) ;
#162 = ORIENTED_EDGE ( 'NONE', *, *, #2719, .F. ) ;
#163 = VECTOR ( 'NONE', #1960, 1000.000000000000000 ) ;
#164 = DIRECTION ( 'NONE',  ( -0.0000000000000000000, -1.000000000000000000, -0.0000000000000000000 ) ) ;
#165 =( BOUNDED_SURFACE ( )  B_SPLINE_SURFACE ( 3, 3, ( 
 ( #958, #1741, #3189, #1207 ),
 ( #2580, #1516, #1786, #2022 ),
 ( #1218, #2627, #1236, #3479 ),
 ( #1802, #437, #2610, #3160 ) ),
 .UNSPECIFIED., .F., .F., .T. ) 
 B_SPLINE_SURFACE_WITH_KNOTS ( ( 4, 4 ),
 ( 4, 4 ),
 ( 0.0000000000000000000, 1.000000000000000000 ),
 ( 0.0000000000000000000, 1.000000000000000000 ),
 .UNSPECIFIED. ) 
 GEOMETRIC_REPRESENTATION_ITEM ( )  RATIONAL_B_SPLINE_SURFACE ( (
 ( 1.000000000000000000, 0.8087072058980453400, 0.8087072058980453400, 1.000000000000000000),
 ( 0.8087072059024095200, 0.6540073448749528200, 0.6540073448749528200, 0.8087072059024095200),
 ( 0.8087072059024095200, 0.6540073448749528200, 0.6540073448749528200, 0.8087072059024095200),
 ( 1.000000000000000000, 0.8087072058980453400, 0.8087072058980453400, 1.000000000000000000) ) ) 
 REPRESENTATION_ITEM ( '' )  SURFACE ( )  );
#166 = ORIENTED_EDGE ( 'NONE', *, *, #474, .F. ) ;
#167 = VERTEX_POINT ( 'NONE', #1746 ) ;
#168 = CARTESIAN_POINT ( 'NONE',  ( 7.320000000000061600, -3.799999999999999800, -8.819999999999948800 ) ) ;
#169 = CARTESIAN_POINT ( 'NONE',  ( 10.04307915638193900, 0.2629872831021538600, -2.949999999999931300 ) ) ;
#170 = LINE ( 'NONE', #168, #2665 ) ;
#171 = CARTESIAN_POINT ( 'NONE',  ( 9.888003690805112100, 10.00523538966157500, -6.249999999999931600 ) ) ;
#172 = APPLICATION_CONTEXT ( 'automotive_design' ) ;
#173 = DIRECTION ( 'NONE',  ( -1.000000000000000000, 0.0000000000000000000, -5.782411586589358000E-015 ) ) ;
#174 = VERTEX_POINT ( 'NONE', #2025 ) ;
#175 = CARTESIAN_POINT ( 'NONE',  ( -9.688072225810064000, 9.999999999999998200, 15.43807222580988100 ) ) ;
#176 = AXIS2_PLACEMENT_3D ( 'NONE', #1809, #164, #1251 ) ;
#177 = EDGE_CURVE ( 'NONE', #3078, #1563, #2106, .T. ) ;
#178 = LINE ( 'NONE', #3313, #896 ) ;
#179 = DIRECTION ( 'NONE',  ( -6.009724823085401700E-031, 1.000000000000000000, 8.601994145039524900E-017 ) ) ;
#180 = CIRCLE ( 'NONE', #427, 0.2000000000000005100 ) ;
#181 = VECTOR ( 'NONE', #1664, 1000.000000000000000 ) ;
#182 = CARTESIAN_POINT ( 'NONE',  ( -9.950068535004785300, 0.0000000000000000000, -15.90000000000007300 ) ) ;
#183 = EDGE_LOOP ( 'NONE', ( #72, #2541, #3281, #2158 ) ) ;
#184 = DIRECTION ( 'NONE',  ( -6.986432124638220300E-015, 0.0000000000000000000, 1.000000000000000000 ) ) ;
#185 = CARTESIAN_POINT ( 'NONE',  ( 10.15000000000010700, 0.0000000000000000000, -15.81720229030748100 ) ) ;
#186 = DIRECTION ( 'NONE',  ( 6.986432124638220300E-015, -0.0000000000000000000, -1.000000000000000000 ) ) ;
#187 = VERTEX_POINT ( 'NONE', #1209 ) ;
#188 = CARTESIAN_POINT ( 'NONE',  ( -10.15000000000000700, 0.0000000000000000000, -7.091228606507798600E-014 ) ) ;
#189 = DIRECTION ( 'NONE',  ( -8.673617379884000800E-015, 0.02617694830787302800, 0.9996573249755572600 ) ) ;
#190 = EDGE_CURVE ( 'NONE', #2813, #31, #3033, .T. ) ;
#191 = EDGE_CURVE ( 'NONE', #1895, #13, #552, .T. ) ;
#192 = CARTESIAN_POINT ( 'NONE',  ( -9.688072225809920100, 9.999999999999998200, -5.250000000000067500 ) ) ;
#193 = VERTEX_POINT ( 'NONE', #632 ) ;
#194 = ORIENTED_EDGE ( 'NONE', *, *, #3490, .F. ) ;
#195 = VECTOR ( 'NONE', #963, 1000.000000000000000 ) ;
#196 = CARTESIAN_POINT ( 'NONE',  ( 8.219999999999950900, -4.699999999999994800, 6.720000000000056600 ) ) ;
#197 = VERTEX_POINT ( 'NONE', #614 ) ;
#198 = SURFACE_SIDE_STYLE ('',( #3360 ) ) ;
#199 = ORIENTED_EDGE ( 'NONE', *, *, #17, .F. ) ;
#200 = CIRCLE ( 'NONE', #1955, 0.2000000000000005100 ) ;
#201 = ORIENTED_EDGE ( 'NONE', *, *, #1293, .T. ) ;
#202 = ORIENTED_EDGE ( 'NONE', *, *, #11, .F. ) ;
#203 = DIRECTION ( 'NONE',  ( 0.02616798426497921400, -0.9993150019883699800, 0.02616798426497958500 ) ) ;
#204 = LINE ( 'NONE', #2428, #1793 ) ;
#205 =( BOUNDED_CURVE ( )  B_SPLINE_CURVE ( 3, ( #2399, #1036, #2980, #3529 ),
 .UNSPECIFIED., .F., .T. ) 
 B_SPLINE_CURVE_WITH_KNOTS ( ( 4, 4 ),
 ( 5.498129760120304100, 7.068240854238830200 ),
 .UNSPECIFIED. ) 
 CURVE ( )  GEOMETRIC_REPRESENTATION_ITEM ( )  RATIONAL_B_SPLINE_CURVE ( ( 1.000000000000000000, 0.8048993373437878200, 0.8048993373437878200, 1.000000000000000000 ) ) 
 REPRESENTATION_ITEM ( '' )  );
#206 = DIRECTION ( 'NONE',  ( 6.986432124638220300E-015, -0.0000000000000000000, -1.000000000000000000 ) ) ;
#207 = ORIENTED_EDGE ( 'NONE', *, *, #2719, .T. ) ;
#208 = CYLINDRICAL_SURFACE ( 'NONE', #1564, 0.2000000000000008200 ) ;
#209 =( NAMED_UNIT ( * ) SI_UNIT ( $, .STERADIAN. ) SOLID_ANGLE_UNIT ( ) );
#210 = LINE ( 'NONE', #3416, #1241 ) ;
#211 = EDGE_CURVE ( 'NONE', #1008, #2338, #1074, .T. ) ;
#212 = DIRECTION ( 'NONE',  ( -1.000000000000000000, 1.734723475976802700E-014, -8.673617379884013400E-015 ) ) ;
#213 = LINE ( 'NONE', #986, #2307 ) ;
#214 = VECTOR ( 'NONE', #1798, 1000.000000000000000 ) ;
#215 = CARTESIAN_POINT ( 'NONE',  ( 7.619999999999954800, -3.500000000000000000, 6.420000000000056800 ) ) ;
#216 = ORIENTED_EDGE ( 'NONE', *, *, #704, .F. ) ;
#217 = DIRECTION ( 'NONE',  ( -1.000000000000000000, 0.0000000000000000000, -1.156482317317875100E-014 ) ) ;
#218 = VERTEX_POINT ( 'NONE', #976 ) ;
#219 = PLANE ( 'NONE',  #1265 ) ;
#220 = VERTEX_POINT ( 'NONE', #2055 ) ;
#221 = CARTESIAN_POINT ( 'NONE',  ( 7.619999999999958400, -3.499999999999997800, 6.120000000000056100 ) ) ;
#222 = CARTESIAN_POINT ( 'NONE',  ( 7.619999999999918400, -3.500000000000000000, 11.80000000000005900 ) ) ;
#223 = VERTEX_POINT ( 'NONE', #1260 ) ;
#224 = VERTEX_POINT ( 'NONE', #603 ) ;
#225 = VERTEX_POINT ( 'NONE', #2649 ) ;
#226 = AXIS2_PLACEMENT_3D ( 'NONE', #805, #16, #1624 ) ;
#227 = CARTESIAN_POINT ( 'NONE',  ( 1.110842707817477300E-013, 0.0000000000000000000, -15.90000000000000400 ) ) ;
#228 = ORIENTED_EDGE ( 'NONE', *, *, #3215, .T. ) ;
#229 = DIRECTION ( 'NONE',  ( 6.986432124638220300E-015, -0.0000000000000000000, -1.000000000000000000 ) ) ;
#230 = EDGE_LOOP ( 'NONE', ( #728, #2449, #470, #2870 ) ) ;
#231 = EDGE_CURVE ( 'NONE', #917, #3562, #2951, .T. ) ;
#232 = CARTESIAN_POINT ( 'NONE',  ( -9.950068535004781700, 0.0000000000000000000, -15.90000000000007300 ) ) ;
#233 = ORIENTED_EDGE ( 'NONE', *, *, #2779, .F. ) ;
#234 = VECTOR ( 'NONE', #2521, 1000.000000000000000 ) ;
#235 = ORIENTED_EDGE ( 'NONE', *, *, #3174, .F. ) ;
#237 = EDGE_CURVE ( 'NONE', #1129, #2331, #1111, .T. ) ;
#236 = VERTEX_POINT ( 'NONE', #2355 ) ;
#238 = DIRECTION ( 'NONE',  ( 0.0000000000000000000, 1.000000000000000000, 0.0000000000000000000 ) ) ;
#239 = DIRECTION ( 'NONE',  ( 1.000000000000000000, 0.0000000000000000000, 8.673617379884013400E-015 ) ) ;
#240 = FACE_OUTER_BOUND ( 'NONE', #1252, .T. ) ;
#241 = VERTEX_POINT ( 'NONE', #2617 ) ;
#242 = DIRECTION ( 'NONE',  ( 6.986432124638220300E-015, -0.0000000000000000000, -1.000000000000000000 ) ) ;
#243 = ORIENTED_EDGE ( 'NONE', *, *, #1151, .T. ) ;
#244 = CIRCLE ( 'NONE', #2400, 0.5000000000000004400 ) ;
#245 = DIRECTION ( 'NONE',  ( -6.986432124638220300E-015, 0.0000000000000000000, 1.000000000000000000 ) ) ;
#246 = ORIENTED_EDGE ( 'NONE', *, *, #929, .F. ) ;
#247 =( NAMED_UNIT ( * ) SI_UNIT ( $, .STERADIAN. ) SOLID_ANGLE_UNIT ( ) );
#248 = FACE_OUTER_BOUND ( 'NONE', #1049, .T. ) ;
#249 = CIRCLE ( 'NONE', #3509, 0.2999999999999990500 ) ;
#250 = CARTESIAN_POINT ( 'NONE',  ( 8.219999999999918900, -3.500000000000000000, 11.20000000000006300 ) ) ;
#251 = PRESENTATION_STYLE_ASSIGNMENT (( #3568 ) ) ;
#252 = EDGE_CURVE ( 'NONE', #193, #367, #3518, .T. ) ;
#253 = EDGE_CURVE ( 'NONE', #2083, #1129, #1371, .T. ) ;
#254 = FACE_OUTER_BOUND ( 'NONE', #2043, .T. ) ;
#255 = DIRECTION ( 'NONE',  ( -0.0000000000000000000, -1.000000000000000000, -0.0000000000000000000 ) ) ;
#256 = CARTESIAN_POINT ( 'NONE',  ( -10.04996572075096500, 3.469446951953614200E-015, 6.249999999999928900 ) ) ;
#257 = LINE ( 'NONE', #3214, #1157 ) ;
#258 = EDGE_CURVE ( 'NONE', #1512, #757, #2018, .T. ) ;
#259 = ORIENTED_EDGE ( 'NONE', *, *, #1496, .T. ) ;
#260 = ORIENTED_EDGE ( 'NONE', *, *, #303, .F. ) ;
#261 = DIRECTION ( 'NONE',  ( -6.986432124638220300E-015, -0.0000000000000000000, 1.000000000000000000 ) ) ;
#262 = DIRECTION ( 'NONE',  ( -0.0000000000000000000, -1.000000000000000000, -0.0000000000000000000 ) ) ;
#263 = CARTESIAN_POINT ( 'NONE',  ( 9.950068535004776400, -1.787708494174421500E-018, 15.90000000000006600 ) ) ;
#264 = CARTESIAN_POINT ( 'NONE',  ( -9.606709346345116500, 3.469446951953614200E-015, -5.250000000000066600 ) ) ;
#265 = VECTOR ( 'NONE', #1308, 1000.000000000000100 ) ;
#266 = AXIS2_PLACEMENT_3D ( 'NONE', #3428, #3448, #1734 ) ;
#267 = DIRECTION ( 'NONE',  ( -0.02617694830787320500, -0.9996573249755572600, -1.828834725831194600E-016 ) ) ;
#268 = CARTESIAN_POINT ( 'NONE',  ( -9.783503977861887100, 10.17576342253238900, -6.743028410134695100E-014 ) ) ;
#269 = ORIENTED_EDGE ( 'NONE', *, *, #2994, .T. ) ;
#270 = EDGE_CURVE ( 'NONE', #1129, #716, #2535, .T. ) ;
#271 = ORIENTED_EDGE ( 'NONE', *, *, #3036, .F. ) ;
#272 = ORIENTED_EDGE ( 'NONE', *, *, #3090, .F. ) ;
#273 = ORIENTED_EDGE ( 'NONE', *, *, #2101, .F. ) ;
#274 = VECTOR ( 'NONE', #1152, 1000.000000000000000 ) ;
#275 = EDGE_LOOP ( 'NONE', ( #1309, #1080 ) ) ;
#276 = AXIS2_PLACEMENT_3D ( 'NONE', #2150, #1339, #1373 ) ;
#277 = AXIS2_PLACEMENT_3D ( 'NONE', #2323, #2860, #696 ) ;
#278 = DIRECTION ( 'NONE',  ( 0.02616798426497959600, -0.9993150019883697600, -0.02616798426497905400 ) ) ;
#279 = VECTOR ( 'NONE', #945, 1000.000000000000000 ) ;
#280 = EDGE_CURVE ( 'NONE', #1512, #2145, #213, .T. ) ;
#281 = VERTEX_POINT ( 'NONE', #727 ) ;
#282 = VERTEX_POINT ( 'NONE', #2599 ) ;
#283 =( NAMED_UNIT ( * ) PLANE_ANGLE_UNIT ( ) SI_UNIT ( $, .RADIAN. ) );
#284 = DIRECTION ( 'NONE',  ( -1.000000000000000000, 0.0000000000000000000, -6.505213034913010000E-015 ) ) ;
#285 = VECTOR ( 'NONE', #1042, 1000.000000000000000 ) ;
#286 = CARTESIAN_POINT ( 'NONE',  ( -9.783503977861858700, 10.17576342253238800, -3.950000000000069900 ) ) ;
#287 = FACE_OUTER_BOUND ( 'NONE', #1694, .T. ) ;
#288 = CARTESIAN_POINT ( 'NONE',  ( -9.783503977861874600, 10.17576342253238800, -1.650000000000069600 ) ) ;
#289 = DIRECTION ( 'NONE',  ( 0.0000000000000000000, 1.000000000000000000, 0.0000000000000000000 ) ) ;
#290 = CARTESIAN_POINT ( 'NONE',  ( 9.688072225809968100, 9.999999999999998200, -1.649999999999934400 ) ) ;
#291 = FACE_OUTER_BOUND ( 'NONE', #1433, .T. ) ;
#292 = ORIENTED_EDGE ( 'NONE', *, *, #1232, .T. ) ;
#293 = DIRECTION ( 'NONE',  ( -0.02617694830787323900, -0.9996573249755572600, -1.828834725831197000E-016 ) ) ;
#294 = CARTESIAN_POINT ( 'NONE',  ( -10.04996572075097400, 3.472438486231713200E-015, 7.549999999999933200 ) ) ;
#295 = VECTOR ( 'NONE', #1377, 1000.000000000000000 ) ;
#296 = LINE ( 'NONE', #1604, #1327 ) ;
#297 = CARTESIAN_POINT ( 'NONE',  ( 10.04307915638195300, 0.2629872831021538000, -5.249999999999930700 ) ) ;
#298 = DIRECTION ( 'NONE',  ( -6.986432124638220300E-015, -0.0000000000000000000, 1.000000000000000000 ) ) ;
#299 = ORIENTED_EDGE ( 'NONE', *, *, #3537, .T. ) ;
#300 = CYLINDRICAL_SURFACE ( 'NONE', #784, 0.2999999999999999300 ) ;
#301 = FILL_AREA_STYLE_COLOUR ( '', #2063 ) ;
#302 = PRESENTATION_LAYER_ASSIGNMENT (  '', '', ( #2426 ) ) ;
#303 = EDGE_CURVE ( 'NONE', #3150, #670, #3255, .T. ) ;
#304 = EDGE_CURVE ( 'NONE', #1008, #412, #257, .T. ) ;
#305 = EDGE_LOOP ( 'NONE', ( #1608, #1010, #1005, #3530, #2515 ) ) ;
#306 = DIRECTION ( 'NONE',  ( -1.000000000000000000, 0.0000000000000000000, -6.986432124638220300E-015 ) ) ;
#307 = CARTESIAN_POINT ( 'NONE',  ( 7.619999999999954800, -3.799999999999999800, 6.420000000000056800 ) ) ;
#308 = CARTESIAN_POINT ( 'NONE',  ( -10.04307915638191600, 0.2629872831021538000, -7.062604203898770600E-014 ) ) ;
#309 = EDGE_CURVE ( 'NONE', #2788, #3364, #993, .T. ) ;
#310 = ORIENTED_EDGE ( 'NONE', *, *, #2447, .T. ) ;
#311 = CARTESIAN_POINT ( 'NONE',  ( 9.688072225809849100, 10.19999999999999800, 15.43807222580997200 ) ) ;
#312 = CARTESIAN_POINT ( 'NONE',  ( 7.619999999999953000, -3.500000000000000000, 6.720000000000056600 ) ) ;
#313 = UNCERTAINTY_MEASURE_WITH_UNIT (LENGTH_MEASURE( 1.000000000000000100E-005 ), #2600, 'distance_accuracy_value', 'NONE');
#314 = ORIENTED_EDGE ( 'NONE', *, *, #1337, .F. ) ;
#315 = CARTESIAN_POINT ( 'NONE',  ( -1.104955448555574100E-013, 9.999999999999998200, 15.43807222580995000 ) ) ;
#316 = CARTESIAN_POINT ( 'NONE',  ( 7.620000000000080900, -3.499999999999997800, -11.65999999999994500 ) ) ;
#317 = DIRECTION ( 'NONE',  ( -0.02617694830787320500, -0.9996573249755572600, -1.828834725831194600E-016 ) ) ;
#318 = CARTESIAN_POINT ( 'NONE',  ( 9.783503977861892400, 10.17576342253238800, -0.6499999999999325200 ) ) ;
#319 = ORIENTED_EDGE ( 'NONE', *, *, #2076, .F. ) ;
#320 = ORIENTED_EDGE ( 'NONE', *, *, #2318, .F. ) ;
#321 = FILL_AREA_STYLE ('',( #1405 ) ) ;
#322 = CARTESIAN_POINT ( 'NONE',  ( 9.688072225809920100, 9.999999999999998200, 5.250000000000067500 ) ) ;
#323 = VERTEX_POINT ( 'NONE', #1000 ) ;
#324 = CARTESIAN_POINT ( 'NONE',  ( 7.920000000000062100, -3.799999999999999800, -8.819999999999945200 ) ) ;
#325 = ORIENTED_EDGE ( 'NONE', *, *, #2368, .F. ) ;
#326 = ORIENTED_EDGE ( 'NONE', *, *, #2207, .F. ) ;
#327 = EDGE_LOOP ( 'NONE', ( #3542, #1840, #2401, #713 ) ) ;
#328 = AXIS2_PLACEMENT_3D ( 'NONE', #391, #952, #2574 ) ;
#329 = CARTESIAN_POINT ( 'NONE',  ( 7.620000000000076500, -3.499999999999997800, -11.05999999999994500 ) ) ;
#330 = VECTOR ( 'NONE', #2852, 1000.000000000000000 ) ;
#331 = ORIENTED_EDGE ( 'NONE', *, *, #252, .T. ) ;
#332 = ORIENTED_EDGE ( 'NONE', *, *, #2324, .F. ) ;
#333 = EDGE_CURVE ( 'NONE', #1605, #778, #2181, .T. ) ;
#334 = CARTESIAN_POINT ( 'NONE',  ( 10.04996572075094400, 3.471784707217294100E-015, -2.949999999999930900 ) ) ;
#335 = VECTOR ( 'NONE', #1568, 1000.000000000000100 ) ;
#336 = DIRECTION ( 'NONE',  ( -0.9996573249755573700, 0.02617694830787320800, -6.984038048839142400E-015 ) ) ;
#337 = EDGE_LOOP ( 'NONE', ( #2651, #916, #3045, #1262 ) ) ;
#338 = DIRECTION ( 'NONE',  ( 1.000000000000000000, 6.865438195700476500E-034, 6.990672146172726200E-015 ) ) ;
#339 = CARTESIAN_POINT ( 'NONE',  ( -7.620000000000080900, -3.500000000000000000, 11.49999999999994800 ) ) ;
#340 = ORIENTED_EDGE ( 'NONE', *, *, #2101, .T. ) ;
#341 = LINE ( 'NONE', #2306, #2938 ) ;
#342 = ADVANCED_FACE ( 'NONE', ( #137 ), #1274, .T. ) ;
#343 = ORIENTED_EDGE ( 'NONE', *, *, #874, .F. ) ;
#344 = CARTESIAN_POINT ( 'NONE',  ( 9.783503977861899500, 10.17576342253238600, -1.649999999999932900 ) ) ;
#345 = CARTESIAN_POINT ( 'NONE',  ( 9.606709346345212500, 3.469446951953614200E-015, -8.549999999999931400 ) ) ;
#346 = DIRECTION ( 'NONE',  ( 0.9996573249755573700, 0.02617694830787320800, 6.984038048839142400E-015 ) ) ;
#347 = LINE ( 'NONE', #2540, #3165 ) ;
#348 = CIRCLE ( 'NONE', #521, 0.2999999999999990500 ) ;
#349 = DIRECTION ( 'NONE',  ( -1.000000000000000000, 0.0000000000000000000, -5.782411586589358000E-015 ) ) ;
#350 = CYLINDRICAL_SURFACE ( 'NONE', #1273, 0.5000000000000004400 ) ;
#351 = VECTOR ( 'NONE', #3471, 1000.000000000000000 ) ;
#352 = FACE_OUTER_BOUND ( 'NONE', #651, .T. ) ;
#353 = DIRECTION ( 'NONE',  ( -1.000000000000000000, 1.716359548925119100E-034, -6.988552135405472900E-015 ) ) ;
#354 = PLANE ( 'NONE',  #527 ) ;
#355 = DIRECTION ( 'NONE',  ( 6.986432124638220300E-015, -0.0000000000000000000, -1.000000000000000000 ) ) ;
#356 = AXIS2_PLACEMENT_3D ( 'NONE', #1794, #2058, #1774 ) ;
#357 = ORIENTED_EDGE ( 'NONE', *, *, #2714, .T. ) ;
#358 = AXIS2_PLACEMENT_3D ( 'NONE', #3422, #1984, #909 ) ;
#359 = DIRECTION ( 'NONE',  ( -0.02617694830787320500, 0.9996573249755572600, -1.828834725831194600E-016 ) ) ;
#360 = DIRECTION ( 'NONE',  ( 0.0000000000000000000, 1.000000000000000000, 0.0000000000000000000 ) ) ;
#361 = ADVANCED_FACE ( 'NONE', ( #444 ), #2635, .T. ) ;
#362 = DIRECTION ( 'NONE',  ( 1.000000000000000000, 0.0000000000000000000, 6.986432124638220300E-015 ) ) ;
#363 = SURFACE_STYLE_USAGE ( .BOTH. , #2889 ) ;
#364 = EDGE_LOOP ( 'NONE', ( #2956, #484, #2752, #2500 ) ) ;
#365 = DIRECTION ( 'NONE',  ( -1.000000000000000000, -6.865438195700476500E-034, -6.982192103103714400E-015 ) ) ;
#366 = ORIENTED_EDGE ( 'NONE', *, *, #2199, .T. ) ;
#367 = VERTEX_POINT ( 'NONE', #3467 ) ;
#368 = CARTESIAN_POINT ( 'NONE',  ( 10.04996572075092200, 3.469446951953614200E-015, 7.021340336296714300E-014 ) ) ;
#369 = FACE_OUTER_BOUND ( 'NONE', #1619, .T. ) ;
#370 = ORIENTED_EDGE ( 'NONE', *, *, #3289, .F. ) ;
#371 = FACE_OUTER_BOUND ( 'NONE', #3142, .T. ) ;
#372 = CARTESIAN_POINT ( 'NONE',  ( 9.606709346345125400, 16.92727801214174500, 3.950000000000069000 ) ) ;
#373 = ORIENTED_EDGE ( 'NONE', *, *, #3256, .F. ) ;
#374 = VERTEX_POINT ( 'NONE', #949 ) ;
#375 = CARTESIAN_POINT ( 'NONE',  ( -9.606709346345196500, 16.92727801214173800, 6.249999999999935200 ) ) ;
#376 = CARTESIAN_POINT ( 'NONE',  ( 9.888003690805041000, 10.00523538966157500, 3.950000000000074800 ) ) ;
#377 = FACE_OUTER_BOUND ( 'NONE', #1679, .T. ) ;
#378 = EDGE_CURVE ( 'NONE', #616, #152, #1814, .T. ) ;
#379 = EDGE_CURVE ( 'NONE', #757, #1059, #3340, .T. ) ;
#380 = DIRECTION ( 'NONE',  ( -1.000000000000000000, 0.0000000000000000000, -5.782411586589358000E-015 ) ) ;
#381 = PLANE ( 'NONE',  #2759 ) ;
#382 = EDGE_CURVE ( 'NONE', #1735, #3028, #2681, .T. ) ;
#383 = ADVANCED_FACE ( 'NONE', ( #352 ), #1792, .T. ) ;
#384 = DIRECTION ( 'NONE',  ( -0.02617694830787320500, -0.9996573249755572600, -1.828834725831194600E-016 ) ) ;
#385 = CARTESIAN_POINT ( 'NONE',  ( -9.606709346345196500, 3.469446951953614200E-015, 6.249999999999932500 ) ) ;
#386 = VECTOR ( 'NONE', #3308, 1000.000000000000000 ) ;
#387 = ORIENTED_EDGE ( 'NONE', *, *, #1048, .T. ) ;
#388 = LINE ( 'NONE', #3363, #634 ) ;
#389 = CARTESIAN_POINT ( 'NONE',  ( 7.620000000000061400, 0.0000000000000000000, -8.819999999999947000 ) ) ;
#390 = ORIENTED_EDGE ( 'NONE', *, *, #478, .T. ) ;
#391 = CARTESIAN_POINT ( 'NONE',  ( -7.619999999999921100, -3.799999999999999800, -11.36000000000005600 ) ) ;
#392 = SURFACE_STYLE_FILL_AREA ( #47 ) ;
#393 = COLOUR_RGB ( '',0.7921568627450980000, 0.8196078431372548800, 0.9333333333333333500 ) ;
#394 = CARTESIAN_POINT ( 'NONE',  ( -9.606709346345166300, 16.92727801214176300, 1.649999999999935100 ) ) ;
#395 = CARTESIAN_POINT ( 'NONE',  ( 1.078570437408837600E-013, 10.19999999999999900, -15.43807222580995900 ) ) ;
#396 = FACE_OUTER_BOUND ( 'NONE', #2291, .T. ) ;
#397 = DIRECTION ( 'NONE',  ( -0.9996573249755573700, 0.02617694830787320800, -6.984038048839142400E-015 ) ) ;
#398 = CARTESIAN_POINT ( 'NONE',  ( -10.14999999999989000, 3.283241423040816800E-015, -15.90000000000007300 ) ) ;
#399 = ORIENTED_EDGE ( 'NONE', *, *, #3398, .T. ) ;
#400 = AXIS2_PLACEMENT_3D ( 'NONE', #3015, #1333, #2462 ) ;
#401 = EDGE_CURVE ( 'NONE', #2408, #3200, #906, .T. ) ;
#402 = ORIENTED_EDGE ( 'NONE', *, *, #1932, .T. ) ;
#403 = ADVANCED_FACE ( 'NONE', ( #1631 ), #2946, .F. ) ;
#404 = DIRECTION ( 'NONE',  ( 5.343685749710869700E-015, -4.301682773191374600E-017, -1.000000000000000000 ) ) ;
#405 = CARTESIAN_POINT ( 'NONE',  ( -9.950068535004781700, 0.0000000000000000000, -15.90000000000007300 ) ) ;
#406 = EDGE_CURVE ( 'NONE', #1615, #2702, #2437, .T. ) ;
#407 = DIRECTION ( 'NONE',  ( 0.9996573249755573700, 0.02617694830787320800, 6.984038048839142400E-015 ) ) ;
#408 = DIRECTION ( 'NONE',  ( -6.984312113870967800E-015, 8.095994489448965500E-017, 1.000000000000000000 ) ) ;
#409 = PLANE ( 'NONE',  #1749 ) ;
#410 = DIRECTION ( 'NONE',  ( 0.0000000000000000000, 1.000000000000000000, 0.0000000000000000000 ) ) ;
#411 = CARTESIAN_POINT ( 'NONE',  ( -9.691420969969359000, 10.00201175063893900, -15.63804362410405700 ) ) ;
#412 = VERTEX_POINT ( 'NONE', #496 ) ;
#413 = ORIENTED_EDGE ( 'NONE', *, *, #765, .F. ) ;
#414 = DIRECTION ( 'NONE',  ( 0.02616798426497922800, -0.9993150019883697600, 0.02616798426497976900 ) ) ;
#415 = ORIENTED_EDGE ( 'NONE', *, *, #3492, .F. ) ;
#416 = ORIENTED_EDGE ( 'NONE', *, *, #1780, .F. ) ;
#417 = DIRECTION ( 'NONE',  ( 1.000000000000000000, 1.716359548925119100E-034, 6.984312113870967800E-015 ) ) ;
#418 = VERTEX_POINT ( 'NONE', #3237 ) ;
#419 = EDGE_LOOP ( 'NONE', ( #246, #2511, #269, #3195, #3355 ) ) ;
#420 = ADVANCED_FACE ( 'NONE', ( #2141 ), #350, .F. ) ;
#421 = AXIS2_PLACEMENT_3D ( 'NONE', #706, #2009, #1506 ) ;
#422 = VECTOR ( 'NONE', #2522, 1000.000000000000000 ) ;
#423 = ORIENTED_EDGE ( 'NONE', *, *, #1066, .T. ) ;
#424 = ORIENTED_EDGE ( 'NONE', *, *, #948, .F. ) ;
#425 = DIRECTION ( 'NONE',  ( 6.982192103103714400E-015, 1.619198897889792900E-016, -1.000000000000000000 ) ) ;
#426 = FACE_OUTER_BOUND ( 'NONE', #1062, .T. ) ;
#427 = AXIS2_PLACEMENT_3D ( 'NONE', #1169, #355, #649 ) ;
#428 = DIRECTION ( 'NONE',  ( 1.000000000000000000, -0.0000000000000000000, 6.986432124638220300E-015 ) ) ;
#429 = EDGE_CURVE ( 'NONE', #3560, #174, #773, .T. ) ;
#430 = UNCERTAINTY_MEASURE_WITH_UNIT (LENGTH_MEASURE( 1.000000000000000100E-005 ), #2351, 'distance_accuracy_value', 'NONE');
#431 = VECTOR ( 'NONE', #2992, 1000.000000000000000 ) ;
#432 = DIRECTION ( 'NONE',  ( 5.656211598198026000E-031, -1.000000000000000000, -8.095994489448965500E-017 ) ) ;
#433 = EDGE_CURVE ( 'NONE', #1084, #520, #1154, .T. ) ;
#434 = CARTESIAN_POINT ( 'NONE',  ( -9.688072225810000000, 9.999999999999998200, 6.249999999999934300 ) ) ;
#435 = LINE ( 'NONE', #1511, #2897 ) ;
#436 = LINE ( 'NONE', #1358, #3470 ) ;
#437 = CARTESIAN_POINT ( 'NONE',  ( 9.691420969969588100, 10.00201175063896600, -15.63804362410392400 ) ) ;
#438 = DIRECTION ( 'NONE',  ( -1.000000000000000000, 1.716359548925119300E-034, -6.988552135405472900E-015 ) ) ;
#439 = VECTOR ( 'NONE', #206, 1000.000000000000000 ) ;
#440 = FACE_OUTER_BOUND ( 'NONE', #883, .T. ) ;
#441 = ADVANCED_FACE ( 'NONE', ( #900, #2844 ), #3550, .T. ) ;
#442 = DIRECTION ( 'NONE',  ( 0.02617694830787297900, 0.9996573249755572600, 3.533010577372067800E-016 ) ) ;
#443 = CARTESIAN_POINT ( 'NONE',  ( 10.15000000000005900, 3.407378442316014800E-015, -7.549999999999927000 ) ) ;
#444 = FACE_OUTER_BOUND ( 'NONE', #3367, .T. ) ;
#445 = DIRECTION ( 'NONE',  ( 8.629178499565571000E-015, -4.301682773191374600E-017, -1.000000000000000000 ) ) ;
#446 = CLOSED_SHELL ( 'NONE', ( #3400, #1452, #3564, #2625 ) ) ;
#447 = CARTESIAN_POINT ( 'NONE',  ( -9.606709346345125400, 3.469446951953614200E-015, -3.950000000000066300 ) ) ;
#448 = APPLICATION_PROTOCOL_DEFINITION ( 'draft international standard', 'automotive_design', 1998, #172 ) ;
#449 = CARTESIAN_POINT ( 'NONE',  ( 9.688072225809897000, 9.999999999999998200, 8.550000000000068200 ) ) ;
#450 = CARTESIAN_POINT ( 'NONE',  ( 9.606709346345212500, 16.92727801214171600, -8.549999999999935000 ) ) ;
#451 = CARTESIAN_POINT ( 'NONE',  ( 10.15000000000000000, 0.0000000000000000000, 7.091228606507793500E-014 ) ) ;
#452 = EDGE_CURVE ( 'NONE', #3078, #1912, #1887, .T. ) ;
#453 = EDGE_CURVE ( 'NONE', #752, #1271, #1710, .T. ) ;
#454 = DIRECTION ( 'NONE',  ( 6.986432124638220300E-015, -0.0000000000000000000, -1.000000000000000000 ) ) ;
#455 = ORIENTED_EDGE ( 'NONE', *, *, #82, .F. ) ;
#456 = EDGE_LOOP ( 'NONE', ( #2507, #109, #273, #3581 ) ) ;
#457 = CARTESIAN_POINT ( 'NONE',  ( -9.888003690805080100, 10.00523538966157500, 1.649999999999935700 ) ) ;
#458 = DIRECTION ( 'NONE',  ( 0.9996573249755571500, -0.02617694830787410700, 8.673617379883999200E-015 ) ) ;
#459 = ORIENTED_EDGE ( 'NONE', *, *, #433, .F. ) ;
#460 = DIRECTION ( 'NONE',  ( -1.000000000000000000, 0.0000000000000000000, -5.782411586589375400E-015 ) ) ;
#461 = DIRECTION ( 'NONE',  ( -0.02617694830787320500, 0.9996573249755572600, -1.828834725831194600E-016 ) ) ;
#462 = ORIENTED_EDGE ( 'NONE', *, *, #2512, .T. ) ;
#463 = VERTEX_POINT ( 'NONE', #2963 ) ;
#464 = LINE ( 'NONE', #1143, #615 ) ;
#465 = CARTESIAN_POINT ( 'NONE',  ( 9.888003690805179600, 10.00523538966157700, -15.89999999999993500 ) ) ;
#466 = ORIENTED_EDGE ( 'NONE', *, *, #1636, .T. ) ;
#467 = ORIENTED_EDGE ( 'NONE', *, *, #1575, .T. ) ;
#468 = VECTOR ( 'NONE', #3339, 1000.000000000000200 ) ;
#469 = ORIENTED_EDGE ( 'NONE', *, *, #2551, .T. ) ;
#470 = ORIENTED_EDGE ( 'NONE', *, *, #2293, .T. ) ;
#471 = LINE ( 'NONE', #395, #1799 ) ;
#472 = AXIS2_PLACEMENT_3D ( 'NONE', #1012, #981, #2920 ) ;
#473 = DIRECTION ( 'NONE',  ( 6.941037918672055300E-015, -1.188689117125517600E-018, -1.000000000000000000 ) ) ;
#474 = EDGE_CURVE ( 'NONE', #2251, #2819, #2722, .T. ) ;
#475 = LINE ( 'NONE', #3297, #3588 ) ;
#476 = AXIS2_PLACEMENT_3D ( 'NONE', #3358, #2520, #583 ) ;
#477 =( BOUNDED_SURFACE ( )  B_SPLINE_SURFACE ( 3, 3, ( 
 ( #3184, #2912, #1244, #3486 ),
 ( #1812, #489, #3508, #499 ),
 ( #760, #1859, #1289, #2370 ),
 ( #2392, #1557, #3264, #2694 ) ),
 .UNSPECIFIED., .F., .F., .T. ) 
 B_SPLINE_SURFACE_WITH_KNOTS ( ( 4, 4 ),
 ( 4, 4 ),
 ( 0.0000000000000000000, 1.000000000000000000 ),
 ( 0.0000000000000000000, 1.000000000000000000 ),
 .UNSPECIFIED. ) 
 GEOMETRIC_REPRESENTATION_ITEM ( )  RATIONAL_B_SPLINE_SURFACE ( (
 ( 1.000000000000000000, 0.3333333333333334300, 0.3333333333333334300, 1.000000000000000000),
 ( 0.3333333333333351500, 0.1111111111111117400, 0.1111111111111117400, 0.3333333333333351500),
 ( 0.3333333333333351500, 0.1111111111111117400, 0.1111111111111117400, 0.3333333333333351500),
 ( 1.000000000000000000, 0.3333333333333334300, 0.3333333333333334300, 1.000000000000000000) ) ) 
 REPRESENTATION_ITEM ( '' )  SURFACE ( )  );
#478 = EDGE_CURVE ( 'NONE', #950, #2660, #3555, .T. ) ;
#479 = LINE ( 'NONE', #368, #2135 ) ;
#480 = CARTESIAN_POINT ( 'NONE',  ( 7.619999999999956600, -3.500000000000000000, 6.120000000000054300 ) ) ;
#481 = VECTOR ( 'NONE', #2051, 1000.000000000000000 ) ;
#482 = VECTOR ( 'NONE', #3539, 1000.000000000000200 ) ;
#483 = DIRECTION ( 'NONE',  ( -1.000000000000000000, -8.673617379884013400E-015, -8.673617379884013400E-015 ) ) ;
#484 = ORIENTED_EDGE ( 'NONE', *, *, #2142, .T. ) ;
#485 = CARTESIAN_POINT ( 'NONE',  ( 9.783503977861835600, 10.17576342253238800, 7.550000000000071800 ) ) ;
#486 = ORIENTED_EDGE ( 'NONE', *, *, #3443, .T. ) ;
#487 = AXIS2_PLACEMENT_3D ( 'NONE', #1102, #2506, #866 ) ;
#488 = CARTESIAN_POINT ( 'NONE',  ( 7.619999999999957500, -3.500000000000000000, 6.120000000000056100 ) ) ;
#489 = CARTESIAN_POINT ( 'NONE',  ( -8.220000000000078800, -4.699999999999994800, 11.79999999999993900 ) ) ;
#490 = ORIENTED_EDGE ( 'NONE', *, *, #3348, .T. ) ;
#491 = DIRECTION ( 'NONE',  ( 0.0000000000000000000, 0.0000000000000000000, 1.000000000000000000 ) ) ;
#492 = CARTESIAN_POINT ( 'NONE',  ( 7.620000000000061400, -3.500000000000000000, -8.819999999999947000 ) ) ;
#493 = EDGE_CURVE ( 'NONE', #573, #497, #1974, .T. ) ;
#494 = EDGE_CURVE ( 'NONE', #3361, #581, #1548, .T. ) ;
#495 = VERTEX_POINT ( 'NONE', #1106 ) ;
#496 = CARTESIAN_POINT ( 'NONE',  ( 10.04996572075097600, 3.541888297575882500E-015, -7.549999999999933200 ) ) ;
#497 = VERTEX_POINT ( 'NONE', #796 ) ;
#498 = ORIENTED_EDGE ( 'NONE', *, *, #2959, .T. ) ;
#499 = CARTESIAN_POINT ( 'NONE',  ( -7.020000000000085700, -3.500000000000000000, 11.79999999999994400 ) ) ;
#500 = ORIENTED_EDGE ( 'NONE', *, *, #679, .T. ) ;
#501 = CIRCLE ( 'NONE', #2427, 0.2000000000000005100 ) ;
#502 = ORIENTED_EDGE ( 'NONE', *, *, #822, .F. ) ;
#503 = VERTEX_POINT ( 'NONE', #485 ) ;
#504 = LINE ( 'NONE', #2252, #3062 ) ;
#505 = ADVANCED_FACE ( 'NONE', ( #989 ), #1626, .T. ) ;
#506 = CARTESIAN_POINT ( 'NONE',  ( 7.019999999999955200, -4.699999999999994800, 6.720000000000048600 ) ) ;
#507 = CARTESIAN_POINT ( 'NONE',  ( -9.688072225810016000, 9.999999999999998200, 8.549999999999935000 ) ) ;
#508 = VECTOR ( 'NONE', #2879, 1000.000000000000100 ) ;
#509 = EDGE_CURVE ( 'NONE', #564, #2414, #2530, .T. ) ;
#510 = CARTESIAN_POINT ( 'NONE',  ( -10.04996572075097900, 3.472834715937421600E-015, 8.549999999999931400 ) ) ;
#511 = PRESENTATION_STYLE_ASSIGNMENT (( #1685 ) ) ;
#512 = FILL_AREA_STYLE ('',( #1919 ) ) ;
#513 = VECTOR ( 'NONE', #3561, 1000.000000000000200 ) ;
#514 = VECTOR ( 'NONE', #1967, 1000.000000000000200 ) ;
#515 = CARTESIAN_POINT ( 'NONE',  ( 8.219999999999952700, -3.500000000000000000, 6.120000000000061400 ) ) ;
#516 = ADVANCED_FACE ( 'NONE', ( #1329 ), #1645, .T. ) ;
#517 = ORIENTED_EDGE ( 'NONE', *, *, #2976, .F. ) ;
#518 = DIRECTION ( 'NONE',  ( -6.984312113870967800E-015, 8.095994489448964300E-017, 1.000000000000000000 ) ) ;
#519 = ORIENTED_EDGE ( 'NONE', *, *, #258, .T. ) ;
#520 = VERTEX_POINT ( 'NONE', #1381 ) ;
#521 = AXIS2_PLACEMENT_3D ( 'NONE', #560, #540, #2479 ) ;
#522 = DIRECTION ( 'NONE',  ( -0.02617694830787306900, 0.9996573249755572600, -9.622239155752097100E-017 ) ) ;
#523 = ORIENTED_EDGE ( 'NONE', *, *, #1360, .T. ) ;
#524 = MECHANICAL_DESIGN_GEOMETRIC_PRESENTATION_REPRESENTATION (  '', ( #1572 ), #726 ) ;
#525 = ORIENTED_EDGE ( 'NONE', *, *, #2784, .F. ) ;
#526 = DIRECTION ( 'NONE',  ( 6.988552135405472900E-015, -8.095994489448965500E-017, -1.000000000000000000 ) ) ;
#527 = AXIS2_PLACEMENT_3D ( 'NONE', #2258, #1730, #1721 ) ;
#528 = VERTEX_POINT ( 'NONE', #529 ) ;
#529 = CARTESIAN_POINT ( 'NONE',  ( 10.04996572075094900, 3.761697745958178800E-015, -3.949999999999929100 ) ) ;
#530 = ORIENTED_EDGE ( 'NONE', *, *, #3374, .T. ) ;
#531 = LINE ( 'NONE', #867, #1833 ) ;
#532 = ORIENTED_EDGE ( 'NONE', *, *, #1999, .T. ) ;
#533 = ORIENTED_EDGE ( 'NONE', *, *, #3349, .T. ) ;
#534 = CARTESIAN_POINT ( 'NONE',  ( -9.783503977861910200, 10.17576342253238800, 2.949999999999932700 ) ) ;
#535 = LINE ( 'NONE', #1754, #118 ) ;
#536 = VERTEX_POINT ( 'NONE', #1075 ) ;
#537 = VERTEX_POINT ( 'NONE', #1914 ) ;
#538 = CARTESIAN_POINT ( 'NONE',  ( 7.019999999999925900, -3.500000000000000000, 11.20000000000005400 ) ) ;
#539 = CYLINDRICAL_SURFACE ( 'NONE', #266, 0.2000000000000005100 ) ;
#540 = DIRECTION ( 'NONE',  ( 0.0000000000000000000, 1.000000000000000000, 0.0000000000000000000 ) ) ;
#541 = DIRECTION ( 'NONE',  ( -0.02616798426497905400, 0.9993150019883697600, -0.02616798426497942200 ) ) ;
#542 = LINE ( 'NONE', #557, #3023 ) ;
#543 = DIRECTION ( 'NONE',  ( -0.02617694830787323900, 0.9996573249755572600, -1.828834725831197000E-016 ) ) ;
#544 = CIRCLE ( 'NONE', #701, 0.2999999999999990500 ) ;
#545 = CARTESIAN_POINT ( 'NONE',  ( 7.619999999999921900, -3.500000000000000000, 11.20000000000005800 ) ) ;
#546 = AXIS2_PLACEMENT_3D ( 'NONE', #1585, #3552, #1884 ) ;
#547 = CIRCLE ( 'NONE', #1039, 0.2000000000000005100 ) ;
#548 = EDGE_CURVE ( 'NONE', #174, #1600, #547, .T. ) ;
#549 = EDGE_CURVE ( 'NONE', #2122, #1219, #1248, .T. ) ;
#550 = CIRCLE ( 'NONE', #2822, 0.2999999999999999300 ) ;
#551 = CARTESIAN_POINT ( 'NONE',  ( 9.688072225809952100, 9.999999999999998200, 0.6500000000000670800 ) ) ;
#552 = LINE ( 'NONE', #2820, #857 ) ;
#553 = EDGE_CURVE ( 'NONE', #1563, #3179, #2263, .T. ) ;
#554 = DIRECTION ( 'NONE',  ( 0.0000000000000000000, -1.000000000000000000, 0.0000000000000000000 ) ) ;
#555 = CARTESIAN_POINT ( 'NONE',  ( 9.688072225810064000, 10.19999999999999900, -15.43807222580989000 ) ) ;
#556 = VERTEX_POINT ( 'NONE', #2765 ) ;
#557 = CARTESIAN_POINT ( 'NONE',  ( -9.606709346345212500, 3.469446951953614200E-015, 8.549999999999931400 ) ) ;
#558 = CARTESIAN_POINT ( 'NONE',  ( 7.020000000000073300, -3.500000000000000400, -11.05999999999994900 ) ) ;
#559 = CARTESIAN_POINT ( 'NONE',  ( -10.04996572075091700, 3.505844573678508600E-015, -0.6500000000000701900 ) ) ;
#560 = CARTESIAN_POINT ( 'NONE',  ( -7.620000000000080900, -3.500000000000000000, 11.49999999999994800 ) ) ;
#561 = VERTEX_POINT ( 'NONE', #786 ) ;
#562 = CARTESIAN_POINT ( 'NONE',  ( 9.888043624103907800, 10.00338228684918500, 15.55366448406250300 ) ) ;
#563 = CARTESIAN_POINT ( 'NONE',  ( 9.606709346345141400, 3.469446951953614200E-015, 1.650000000000066300 ) ) ;
#564 = VERTEX_POINT ( 'NONE', #2468 ) ;
#565 = DIRECTION ( 'NONE',  ( -0.02617694830787306900, -0.9996573249755572600, -9.622239155752097100E-017 ) ) ;
#566 = CARTESIAN_POINT ( 'NONE',  ( 10.15000000000000000, 3.407378442316014800E-015, 0.6500000000000736300 ) ) ;
#567 = EDGE_CURVE ( 'NONE', #2303, #1907, #2014, .T. ) ;
#568 = ORIENTED_EDGE ( 'NONE', *, *, #1722, .F. ) ;
#569 = VERTEX_POINT ( 'NONE', #2729 ) ;
#570 = FACE_OUTER_BOUND ( 'NONE', #1536, .T. ) ;
#571 = EDGE_LOOP ( 'NONE', ( #1091, #2654, #2705, #1211 ) ) ;
#572 = DIRECTION ( 'NONE',  ( -6.984312113870967800E-015, -8.095994489448965500E-017, 1.000000000000000000 ) ) ;
#573 = VERTEX_POINT ( 'NONE', #555 ) ;
#574 = FACE_OUTER_BOUND ( 'NONE', #837, .T. ) ;
#575 = ORIENTED_EDGE ( 'NONE', *, *, #62, .T. ) ;
#576 = VERTEX_POINT ( 'NONE', #232 ) ;
#577 = CARTESIAN_POINT ( 'NONE',  ( 9.886088793229099300, 10.11895801442277700, 15.43807222580997300 ) ) ;
#578 = CARTESIAN_POINT ( 'NONE',  ( -9.756825353431541000, 10.11895801442314500, 15.63608879322913700 ) ) ;
#579 = LINE ( 'NONE', #3513, #335 ) ;
#580 = CARTESIAN_POINT ( 'NONE',  ( -7.619999999999921100, -3.500000000000000000, -11.36000000000005600 ) ) ;
#581 = VERTEX_POINT ( 'NONE', #3022 ) ;
#582 = FACE_OUTER_BOUND ( 'NONE', #3259, .T. ) ;
#583 = DIRECTION ( 'NONE',  ( -1.131242319639605000E-030, -1.000000000000000000, 1.619198897889792900E-016 ) ) ;
#584 = LINE ( 'NONE', #2802, #3462 ) ;
#585 = CARTESIAN_POINT ( 'NONE',  ( 9.606709346345166300, 16.92727801214176300, -1.649999999999935100 ) ) ;
#586 = VECTOR ( 'NONE', #956, 1000.000000000000200 ) ;
#587 = DIRECTION ( 'NONE',  ( 6.986432124638220300E-015, 0.0000000000000000000, -1.000000000000000000 ) ) ;
#588 = AXIS2_PLACEMENT_3D ( 'NONE', #2929, #203, #189 ) ;
#589 = FACE_OUTER_BOUND ( 'NONE', #3106, .T. ) ;
#590 = CARTESIAN_POINT ( 'NONE',  ( 9.888003690805179600, 10.00523538966157700, -15.89999999999993500 ) ) ;
#591 = CARTESIAN_POINT ( 'NONE',  ( -10.14999999999989000, 0.0000000000000000000, -15.90000000000007300 ) ) ;
#592 = VECTOR ( 'NONE', #2589, 1000.000000000000100 ) ;
#593 = SURFACE_STYLE_FILL_AREA ( #1020 ) ;
#594 = CARTESIAN_POINT ( 'NONE',  ( 9.606709346345196500, 3.469446951953614200E-015, -6.249999999999932500 ) ) ;
#595 = AXIS2_PLACEMENT_3D ( 'NONE', #99, #2572, #380 ) ;
#596 = AXIS2_PLACEMENT_3D ( 'NONE', #308, #3579, #2750 ) ;
#597 = AXIS2_PLACEMENT_3D ( 'NONE', #139, #454, #2066 ) ;
#598 = ORIENTED_EDGE ( 'NONE', *, *, #553, .T. ) ;
#599 = CARTESIAN_POINT ( 'NONE',  ( 10.04996572075097600, 3.541888297575882500E-015, -7.479999999999932900 ) ) ;
#600 = DIRECTION ( 'NONE',  ( 0.0000000000000000000, 1.000000000000000000, 0.0000000000000000000 ) ) ;
#601 = ORIENTED_EDGE ( 'NONE', *, *, #1001, .T. ) ;
#602 = DIRECTION ( 'NONE',  ( -1.000000000000000000, 0.0000000000000000000, -5.782411586589358000E-015 ) ) ;
#603 = CARTESIAN_POINT ( 'NONE',  ( -9.888003690805076600, 10.00523538966157500, 0.6499999999999316300 ) ) ;
#604 = CARTESIAN_POINT ( 'NONE',  ( -7.619999999999921100, -3.500000000000000000, -11.36000000000005600 ) ) ;
#605 = ORIENTED_EDGE ( 'NONE', *, *, #1677, .T. ) ;
#606 = CARTESIAN_POINT ( 'NONE',  ( 9.691454028963164500, 10.00005719932164900, 15.63804362410405000 ) ) ;
#607 = CARTESIAN_POINT ( 'NONE',  ( -9.606709346345189400, 16.92727801214173400, 5.249999999999934300 ) ) ;
#608 = CARTESIAN_POINT ( 'NONE',  ( 10.04996572075088500, 3.469446951953614200E-015, 5.250000000000071100 ) ) ;
#609 = MANIFOLD_SOLID_BREP ( 'Body-Move/Copy1[7]', #2313 ) ;
#610 = VERTEX_POINT ( 'NONE', #2433 ) ;
#611 = ORIENTED_EDGE ( 'NONE', *, *, #3122, .F. ) ;
#612 = AXIS2_PLACEMENT_3D ( 'NONE', #2606, #2062, #3208 ) ;
#613 = DIRECTION ( 'NONE',  ( 0.02617694830787323900, 0.9996573249755572600, 1.828834725831197000E-016 ) ) ;
#614 = CARTESIAN_POINT ( 'NONE',  ( -9.783503977861844400, 10.17576342253238800, -6.250000000000070200 ) ) ;
#615 = VECTOR ( 'NONE', #3094, 1000.000000000000000 ) ;
#616 = VERTEX_POINT ( 'NONE', #808 ) ;
#617 = ORIENTED_EDGE ( 'NONE', *, *, #3117, .F. ) ;
#618 = EDGE_CURVE ( 'NONE', #3280, #528, #51, .T. ) ;
#619 = EDGE_CURVE ( 'NONE', #1138, #1222, #809, .T. ) ;
#620 = VECTOR ( 'NONE', #541, 1000.000000000000100 ) ;
#621 = CARTESIAN_POINT ( 'NONE',  ( -8.389999999999904600, 10.10000000000000000, -13.64000000000006300 ) ) ;
#622 = EDGE_LOOP ( 'NONE', ( #1340, #2461, #486, #1906 ) ) ;
#623 = CARTESIAN_POINT ( 'NONE',  ( 7.919999999999920000, -3.500000000000000000, 11.50000000000005700 ) ) ;
#625 = EDGE_CURVE ( 'NONE', #2235, #2502, #3029, .T. ) ;
#624 = ORIENTED_EDGE ( 'NONE', *, *, #1001, .F. ) ;
#626 = ADVANCED_FACE ( 'NONE', ( #1367 ), #1637, .T. ) ;
#627 = DIRECTION ( 'NONE',  ( -0.02617694830787320500, 0.9996573249755572600, -1.828834725831194600E-016 ) ) ;
#628 = DIRECTION ( 'NONE',  ( -6.986432124638220300E-015, 0.0000000000000000000, 1.000000000000000000 ) ) ;
#629 = VECTOR ( 'NONE', #905, 1000.000000000000200 ) ;
#630 = ORIENTED_EDGE ( 'NONE', *, *, #1660, .T. ) ;
#631 = DIRECTION ( 'NONE',  ( -1.000000000000000000, 0.0000000000000000000, -5.782411586589375400E-015 ) ) ;
#632 = CARTESIAN_POINT ( 'NONE',  ( -9.888003690805041000, 10.00523538966157500, -3.950000000000064600 ) ) ;
#633 = LINE ( 'NONE', #1897, #1494 ) ;
#634 = VECTOR ( 'NONE', #1682, 1000.000000000000000 ) ;
#635 = DIRECTION ( 'NONE',  ( 0.0000000000000000000, 1.000000000000000000, 0.0000000000000000000 ) ) ;
#636 = CARTESIAN_POINT ( 'NONE',  ( 9.783503977861888900, 10.17576342253238900, 6.835178648246011100E-014 ) ) ;
#638 = ORIENTED_EDGE ( 'NONE', *, *, #452, .F. ) ;
#637 = CARTESIAN_POINT ( 'NONE',  ( 9.888003690805057000, 10.00523538966157500, 1.650000000000074100 ) ) ;
#639 = CARTESIAN_POINT ( 'NONE',  ( -10.04307915638186600, 0.2629872831021530800, -7.550000000000074400 ) ) ;
#640 = FACE_OUTER_BOUND ( 'NONE', #1483, .T. ) ;
#641 = VECTOR ( 'NONE', #3247, 1000.000000000000000 ) ;
#642 = AXIS2_PLACEMENT_3D ( 'NONE', #2094, #1026, #217 ) ;
#643 = CARTESIAN_POINT ( 'NONE',  ( -8.389999999999904600, 10.19999999999999900, -13.64000000000006300 ) ) ;
#644 = VECTOR ( 'NONE', #1166, 1000.000000000000000 ) ;
#645 = EDGE_CURVE ( 'NONE', #1728, #3560, #3514, .T. ) ;
#646 = ADVANCED_FACE ( 'NONE', ( #1920 ), #2230, .T. ) ;
#647 = CARTESIAN_POINT ( 'NONE',  ( 10.04307915638191600, 0.2629872831021530800, 7.062604203898770600E-014 ) ) ;
#648 = CARTESIAN_POINT ( 'NONE',  ( -10.04996572075090300, 3.471784707217294100E-015, -2.950000000000071700 ) ) ;
#649 = DIRECTION ( 'NONE',  ( 1.000000000000000000, 1.734723475976802700E-014, 8.673617379884013400E-015 ) ) ;
#650 = AXIS2_PLACEMENT_3D ( 'NONE', #2028, #2835, #1210 ) ;
#651 = EDGE_LOOP ( 'NONE', ( #3409, #3049, #3098, #763 ) ) ;
#652 = AXIS2_PLACEMENT_3D ( 'NONE', #826, #855, #2797 ) ;
#653 = AXIS2_PLACEMENT_3D ( 'NONE', #1148, #3103, #2496 ) ;
#654 = DIRECTION ( 'NONE',  ( -6.986432124638220300E-015, 0.0000000000000000000, 1.000000000000000000 ) ) ;
#655 = DIRECTION ( 'NONE',  ( 1.000000000000000000, -1.716359548925119100E-034, 6.984312113870967800E-015 ) ) ;
#656 = DIRECTION ( 'NONE',  ( -0.0000000000000000000, -1.000000000000000000, -0.0000000000000000000 ) ) ;
#657 = VERTEX_POINT ( 'NONE', #312 ) ;
#658 = CARTESIAN_POINT ( 'NONE',  ( 7.619999999999919300, -3.799999999999999800, 11.50000000000005500 ) ) ;
#659 = CARTESIAN_POINT ( 'NONE',  ( -10.06720229030744000, 0.0000000000000000000, -15.90000000000007300 ) ) ;
#660 = EDGE_LOOP ( 'NONE', ( #332, #2010, #872, #2439 ) ) ;
#661 = DIRECTION ( 'NONE',  ( -1.000000000000000000, 0.0000000000000000000, -5.782411586589358000E-015 ) ) ;
#662 = CARTESIAN_POINT ( 'NONE',  ( -9.606709346345132500, 16.92727801214174100, -2.950000000000068600 ) ) ;
#663 = VERTEX_POINT ( 'NONE', #41 ) ;
#664 = ADVANCED_FACE ( 'NONE', ( #2221 ), #2484, .F. ) ;
#665 = ORIENTED_EDGE ( 'NONE', *, *, #619, .F. ) ;
#666 = DIRECTION ( 'NONE',  ( 1.000000000000000000, -8.673617379884013400E-015, 8.673617379884013400E-015 ) ) ;
#667 = CIRCLE ( 'NONE', #1634, 0.2000000000000005100 ) ;
#668 = AXIS2_PLACEMENT_3D ( 'NONE', #607, #1690, #2817 ) ;
#669 = CARTESIAN_POINT ( 'NONE',  ( -9.756825353431532100, 10.11895801442296500, -15.63608879322927900 ) ) ;
#670 = VERTEX_POINT ( 'NONE', #3071 ) ;
#671 = FACE_OUTER_BOUND ( 'NONE', #3266, .T. ) ;
#672 = DIRECTION ( 'NONE',  ( -8.673617379884013400E-015, 0.0000000000000000000, 1.000000000000000000 ) ) ;
#673 = ORIENTED_EDGE ( 'NONE', *, *, #1357, .F. ) ;
#674 = ORIENTED_EDGE ( 'NONE', *, *, #978, .F. ) ;
#675 = AXIS2_PLACEMENT_3D ( 'NONE', #604, #2821, #3375 ) ;
#676 = DIRECTION ( 'NONE',  ( 0.9996573249755572600, -0.02617694830787302800, 0.0000000000000000000 ) ) ;
#677 = VECTOR ( 'NONE', #843, 1000.000000000000200 ) ;
#678 = EDGE_CURVE ( 'NONE', #1940, #1386, #3432, .T. ) ;
#679 = EDGE_CURVE ( 'NONE', #167, #1868, #2578, .T. ) ;
#680 = ORIENTED_EDGE ( 'NONE', *, *, #1449, .T. ) ;
#681 = VECTOR ( 'NONE', #417, 1000.000000000000000 ) ;
#682 = CARTESIAN_POINT ( 'NONE',  ( -10.15000000000001300, 3.469446951953614200E-015, 0.6499999999999289700 ) ) ;
#683 = CARTESIAN_POINT ( 'NONE',  ( 10.14999999999995600, 3.469446951953614200E-015, 7.550000000000070900 ) ) ;
#684 = CARTESIAN_POINT ( 'NONE',  ( -9.803664484062126800, 10.20000000000029900, -15.55366448406249800 ) ) ;
#685 = LINE ( 'NONE', #834, #3066 ) ;
#686 = CARTESIAN_POINT ( 'NONE',  ( 7.620000000000079200, -3.500000000000000000, -11.35999999999994800 ) ) ;
#687 = LINE ( 'NONE', #892, #2842 ) ;
#688 = ADVANCED_FACE ( 'NONE', ( #640 ), #1258, .T. ) ;
#689 = CARTESIAN_POINT ( 'NONE',  ( 9.688072225809961000, 9.999999999999998200, -0.6499999999999330800 ) ) ;
#690 = LINE ( 'NONE', #67, #2309 ) ;
#691 = VECTOR ( 'NONE', #2736, 1000.000000000000100 ) ;
#692 = DIRECTION ( 'NONE',  ( -6.941037918672055300E-015, -1.188689117125510700E-018, 1.000000000000000000 ) ) ;
#693 = UNCERTAINTY_MEASURE_WITH_UNIT (LENGTH_MEASURE( 1.000000000000000100E-005 ), #2383, 'distance_accuracy_value', 'NONE');
#694 = DIRECTION ( 'NONE',  ( 0.02617694830787323900, -0.9996573249755572600, 1.828834725831197000E-016 ) ) ;
#695 = CIRCLE ( 'NONE', #1375, 0.2999999999999990500 ) ;
#696 = DIRECTION ( 'NONE',  ( 1.000000000000000000, 0.0000000000000000000, 6.986432124638220300E-015 ) ) ;
#697 = LINE ( 'NONE', #1185, #1811 ) ;
#698 = DIRECTION ( 'NONE',  ( 0.9996573249755573700, -0.02617694830787324300, 6.984038048839142400E-015 ) ) ;
#699 = DIRECTION ( 'NONE',  ( -1.000000000000000000, 1.734723475976802700E-014, -8.673617379884013400E-015 ) ) ;
#700 = VERTEX_POINT ( 'NONE', #294 ) ;
#701 = AXIS2_PLACEMENT_3D ( 'NONE', #1819, #2359, #1845 ) ;
#702 = CARTESIAN_POINT ( 'NONE',  ( -9.688072225809387200, 10.19999999999999800, -15.43807222580996300 ) ) ;
#703 = CARTESIAN_POINT ( 'NONE',  ( 7.620000000000061400, 0.0000000000000000000, -8.819999999999947000 ) ) ;
#704 = EDGE_CURVE ( 'NONE', #282, #3198, #734, .T. ) ;
#705 = ORIENTED_EDGE ( 'NONE', *, *, #3556, .T. ) ;
#706 = CARTESIAN_POINT ( 'NONE',  ( -9.688072225809849100, 10.00000000000000500, -15.43807222581002500 ) ) ;
#707 = ADVANCED_FACE ( 'NONE', ( #1412 ), #2339, .F. ) ;
#708 = PLANE ( 'NONE',  #2620 ) ;
#709 = EDGE_LOOP ( 'NONE', ( #2340, #1776, #3478, #3495 ) ) ;
#710 = CARTESIAN_POINT ( 'NONE',  ( -9.688072225809977000, 9.999999999999998200, 2.949999999999933100 ) ) ;
#711 = EDGE_LOOP ( 'NONE', ( #605, #1058, #964, #1013, #2652 ) ) ;
#712 = CARTESIAN_POINT ( 'NONE',  ( -10.04996572075092200, 3.523657060577889400E-015, -6.975265217241057000E-014 ) ) ;
#713 = ORIENTED_EDGE ( 'NONE', *, *, #1444, .F. ) ;
#714 = CIRCLE ( 'NONE', #2476, 0.2000000000000005100 ) ;
#715 = DIRECTION ( 'NONE',  ( -1.000000000000000000, 0.0000000000000000000, -8.673617379884013400E-015 ) ) ;
#716 = VERTEX_POINT ( 'NONE', #1488 ) ;
#717 = ORIENTED_EDGE ( 'NONE', *, *, #2734, .T. ) ;
#718 = CARTESIAN_POINT ( 'NONE',  ( -10.14999999999989000, 0.0000000000000000000, -15.90000000000007300 ) ) ;
#719 = AXIS2_PLACEMENT_3D ( 'NONE', #372, #425, #1743 ) ;
#720 = FILL_AREA_STYLE ('',( #1860 ) ) ;
#721 = ORIENTED_EDGE ( 'NONE', *, *, #231, .T. ) ;
#722 = DIRECTION ( 'NONE',  ( 1.131242319639605000E-030, 1.000000000000000000, -1.619198897889792900E-016 ) ) ;
#723 = LINE ( 'NONE', #3242, #3418 ) ;
#724 = AXIS2_PLACEMENT_3D ( 'NONE', #864, #346, #2246 ) ;
#725 = ADVANCED_FACE ( 'NONE', ( #248 ), #1472, .F. ) ;
#726 =( GEOMETRIC_REPRESENTATION_CONTEXT ( 3 ) GLOBAL_UNCERTAINTY_ASSIGNED_CONTEXT ( ( #2728 ) ) GLOBAL_UNIT_ASSIGNED_CONTEXT ( ( #3546, #2673, #209 ) ) REPRESENTATION_CONTEXT ( 'NONE', 'WORKASPACE' ) );
#727 = CARTESIAN_POINT ( 'NONE',  ( -9.888003690805057000, 10.00523538966157500, -1.650000000000063600 ) ) ;
#728 = ORIENTED_EDGE ( 'NONE', *, *, #3469, .T. ) ;
#729 = EDGE_CURVE ( 'NONE', #1646, #3166, #1150, .T. ) ;
#730 = FACE_OUTER_BOUND ( 'NONE', #1527, .T. ) ;
#731 = CIRCLE ( 'NONE', #1442, 0.2000000000000005100 ) ;
#732 = PLANE ( 'NONE',  #2024 ) ;
#733 = CARTESIAN_POINT ( 'NONE',  ( -9.783503977861887100, 10.17576342253238900, -6.881253767301668400E-014 ) ) ;
#734 = LINE ( 'NONE', #1935, #592 ) ;
#735 = VECTOR ( 'NONE', #2936, 1000.000000000000200 ) ;
#736 = FACE_OUTER_BOUND ( 'NONE', #711, .T. ) ;
#737 = CARTESIAN_POINT ( 'NONE',  ( -7.320000000000081100, 0.0000000000000000000, 11.49999999999995000 ) ) ;
#738 = ORIENTED_EDGE ( 'NONE', *, *, #128, .F. ) ;
#739 = CARTESIAN_POINT ( 'NONE',  ( -9.688072225809849100, 10.19999999999999900, -15.43807222581002700 ) ) ;
#740 = AXIS2_PLACEMENT_3D ( 'NONE', #2409, #771, #2706 ) ;
#741 = EDGE_CURVE ( 'NONE', #787, #1035, #2527, .T. ) ;
#742 = EDGE_CURVE ( 'NONE', #2410, #418, #435, .T. ) ;
#743 = DIRECTION ( 'NONE',  ( 1.000000000000000000, 0.0000000000000000000, 8.673617379884013400E-015 ) ) ;
#744 = ORIENTED_EDGE ( 'NONE', *, *, #1703, .F. ) ;
#745 = DIRECTION ( 'NONE',  ( -6.986432124638220300E-015, 0.0000000000000000000, 1.000000000000000000 ) ) ;
#746 = ORIENTED_EDGE ( 'NONE', *, *, #948, .T. ) ;
#747 = SURFACE_STYLE_USAGE ( .BOTH. , #198 ) ;
#748 = ORIENTED_EDGE ( 'NONE', *, *, #1979, .F. ) ;
#749 = CARTESIAN_POINT ( 'NONE',  ( 10.15000000000011200, 0.0000000000000000000, -15.89999999999993500 ) ) ;
#750 = CIRCLE ( 'NONE', #1079, 0.5000000000000004400 ) ;
#751 = DIRECTION ( 'NONE',  ( 1.000000000000000000, -1.716359548925119100E-034, 6.984312113870967800E-015 ) ) ;
#752 = VERTEX_POINT ( 'NONE', #3199 ) ;
#753 = CARTESIAN_POINT ( 'NONE',  ( 7.919999999999920000, -3.799999999999999800, 11.50000000000005700 ) ) ;
#754 = ORIENTED_EDGE ( 'NONE', *, *, #2447, .F. ) ;
#755 = FACE_OUTER_BOUND ( 'NONE', #75, .T. ) ;
#756 = ORIENTED_EDGE ( 'NONE', *, *, #1926, .F. ) ;
#757 = VERTEX_POINT ( 'NONE', #3025 ) ;
#758 = DIRECTION ( 'NONE',  ( -1.000000000000000000, 0.0000000000000000000, -5.782411586589358000E-015 ) ) ;
#759 = VECTOR ( 'NONE', #293, 1000.000000000000100 ) ;
#760 = CARTESIAN_POINT ( 'NONE',  ( -8.220000000000075200, -3.500000000000000000, 11.19999999999994200 ) ) ;
#761 = AXIS2_PLACEMENT_3D ( 'NONE', #1500, #1987, #911 ) ;
#762 = DIRECTION ( 'NONE',  ( 1.000000000000000000, 1.734723475976802700E-014, 8.673617379884013400E-015 ) ) ;
#763 = ORIENTED_EDGE ( 'NONE', *, *, #997, .F. ) ;
#764 = LINE ( 'NONE', #3133, #1238 ) ;
#765 = EDGE_CURVE ( 'NONE', #1563, #1728, #1755, .T. ) ;
#766 = DIRECTION ( 'NONE',  ( 1.000000000000000000, 0.0000000000000000000, 6.986432124638220300E-015 ) ) ;
#767 = LINE ( 'NONE', #3277, #2382 ) ;
#768 = CARTESIAN_POINT ( 'NONE',  ( -7.889999999999903800, 10.10000000000000000, -13.64000000000005900 ) ) ;
#769 = AXIS2_PLACEMENT_3D ( 'NONE', #658, #89, #113 ) ;
#770 = VECTOR ( 'NONE', #3146, 1000.000000000000000 ) ;
#771 = DIRECTION ( 'NONE',  ( -0.0000000000000000000, -1.000000000000000000, -0.0000000000000000000 ) ) ;
#772 = CIRCLE ( 'NONE', #2071, 0.2999999999999999300 ) ;
#773 = LINE ( 'NONE', #2987, #3211 ) ;
#774 = CYLINDRICAL_SURFACE ( 'NONE', #588, 0.2000000000000008200 ) ;
#775 = CARTESIAN_POINT ( 'NONE',  ( 10.15000000000004800, 3.344560004634646200E-015, -6.249999999999924500 ) ) ;
#776 = ORIENTED_EDGE ( 'NONE', *, *, #2906, .F. ) ;
#777 = DIRECTION ( 'NONE',  ( -1.000000000000000000, 0.0000000000000000000, -6.986432124638220300E-015 ) ) ;
#778 = VERTEX_POINT ( 'NONE', #3084 ) ;
#779 = PRESENTATION_LAYER_ASSIGNMENT (  '', '', ( #2966 ) ) ;
#780 = CARTESIAN_POINT ( 'NONE',  ( 10.04996572075097600, 3.541888297575882500E-015, -7.549999999999933200 ) ) ;
#781 = CARTESIAN_POINT ( 'NONE',  ( 7.019999999999920500, -4.699999999999994800, 11.80000000000004900 ) ) ;
#782 = AXIS2_PLACEMENT_3D ( 'NONE', #1881, #2738, #1345 ) ;
#783 = AXIS2_PLACEMENT_3D ( 'NONE', #290, #1344, #842 ) ;
#784 = AXIS2_PLACEMENT_3D ( 'NONE', #2013, #2267, #3140 ) ;
#785 = ORIENTED_EDGE ( 'NONE', *, *, #453, .T. ) ;
#786 = CARTESIAN_POINT ( 'NONE',  ( 7.920000000000079900, 0.0000000000000000000, -11.35999999999994600 ) ) ;
#787 = VERTEX_POINT ( 'NONE', #334 ) ;
#788 = EDGE_LOOP ( 'NONE', ( #2067, #260, #1137, #673 ) ) ;
#789 = CARTESIAN_POINT ( 'NONE',  ( -10.04996572075093300, 3.469446951953614200E-015, 1.649999999999929100 ) ) ;
#790 = ORIENTED_EDGE ( 'NONE', *, *, #101, .F. ) ;
#791 = ORIENTED_EDGE ( 'NONE', *, *, #1632, .F. ) ;
#792 = ORIENTED_EDGE ( 'NONE', *, *, #17, .T. ) ;
#793 = CARTESIAN_POINT ( 'NONE',  ( -9.606709346345109400, 16.92727801214173800, -6.250000000000069300 ) ) ;
#794 = CIRCLE ( 'NONE', #1593, 0.2000000000000005100 ) ;
#795 = ORIENTED_EDGE ( 'NONE', *, *, #1123, .T. ) ;
#796 = CARTESIAN_POINT ( 'NONE',  ( 9.688072225809849100, 10.19999999999999900, 15.43807222581002100 ) ) ;
#797 = ORIENTED_EDGE ( 'NONE', *, *, #2591, .F. ) ;
#798 = FACE_OUTER_BOUND ( 'NONE', #1076, .T. ) ;
#799 = CARTESIAN_POINT ( 'NONE',  ( -7.619999999999920200, -3.500000000000000000, -11.66000000000005900 ) ) ;
#800 = CARTESIAN_POINT ( 'NONE',  ( 8.219999999999918900, -4.699999999999994800, 11.20000000000006000 ) ) ;
#801 = VECTOR ( 'NONE', #522, 1000.000000000000200 ) ;
#802 = EDGE_CURVE ( 'NONE', #2792, #1368, #2429, .T. ) ;
#803 = EDGE_CURVE ( 'NONE', #3405, #1717, #690, .T. ) ;
#804 = CARTESIAN_POINT ( 'NONE',  ( 7.620000000000059600, -3.500000000000000000, -8.519999999999944500 ) ) ;
#805 = CARTESIAN_POINT ( 'NONE',  ( 7.619999999999954800, -3.500000000000000000, 6.420000000000056800 ) ) ;
#806 = SURFACE_STYLE_FILL_AREA ( #321 ) ;
#807 = EDGE_CURVE ( 'NONE', #3505, #2614, #1807, .T. ) ;
#808 = CARTESIAN_POINT ( 'NONE',  ( 9.783503977861860400, 10.17576342253238800, 3.950000000000069900 ) ) ;
#809 = CIRCLE ( 'NONE', #2074, 0.5000000000000004400 ) ;
#810 = LINE ( 'NONE', #1300, #1413 ) ;
#811 = ORIENTED_EDGE ( 'NONE', *, *, #1595, .F. ) ;
#812 = CARTESIAN_POINT ( 'NONE',  ( -7.619999999999918400, -3.500000000000000000, -11.66000000000005700 ) ) ;
#813 = LINE ( 'NONE', #3333, #2356 ) ;
#814 = PLANE ( 'NONE',  #400 ) ;
#815 = ORIENTED_EDGE ( 'NONE', *, *, #1105, .F. ) ;
#816 = CARTESIAN_POINT ( 'NONE',  ( -9.688072225809955600, 10.19999999999999900, -6.768505902421399000E-014 ) ) ;
#817 = CARTESIAN_POINT ( 'NONE',  ( 10.14999999999997400, 3.344185297550340800E-015, 3.950000000000075700 ) ) ;
#818 = DIRECTION ( 'NONE',  ( -0.0000000000000000000, -1.000000000000000000, -0.0000000000000000000 ) ) ;
#819 = AXIS2_PLACEMENT_3D ( 'NONE', #2325, #698, #1492 ) ;
#820 = PLANE ( 'NONE',  #827 ) ;
#821 = ORIENTED_EDGE ( 'NONE', *, *, #3447, .F. ) ;
#822 = EDGE_CURVE ( 'NONE', #3200, #3316, #1667, .T. ) ;
#823 = DIRECTION ( 'NONE',  ( -1.000000000000000000, 0.0000000000000000000, -5.782411586589375400E-015 ) ) ;
#824 = AXIS2_PLACEMENT_3D ( 'NONE', #1239, #1025, #239 ) ;
#825 = ORIENTED_EDGE ( 'NONE', *, *, #3489, .T. ) ;
#826 = CARTESIAN_POINT ( 'NONE',  ( 9.606709346345116500, 16.92727801214173400, 5.250000000000068400 ) ) ;
#827 = AXIS2_PLACEMENT_3D ( 'NONE', #2295, #2001, #362 ) ;
#828 =( NAMED_UNIT ( * ) SI_UNIT ( $, .STERADIAN. ) SOLID_ANGLE_UNIT ( ) );
#829 = DIRECTION ( 'NONE',  ( 0.0000000000000000000, 1.000000000000000000, 0.0000000000000000000 ) ) ;
#830 = ORIENTED_EDGE ( 'NONE', *, *, #1083, .T. ) ;
#831 = LINE ( 'NONE', #2007, #1992 ) ;
#832 = EDGE_LOOP ( 'NONE', ( #1393, #2825, #34, #1529 ) ) ;
#833 = MANIFOLD_SOLID_BREP ( 'Body-Move/Copy1[8]', #875 ) ;
#834 = CARTESIAN_POINT ( 'NONE',  ( -9.888003690805041000, 10.00523538966157500, -5.250000000000069300 ) ) ;
#835 = VECTOR ( 'NONE', #3435, 1000.000000000000200 ) ;
#836 = ORIENTED_EDGE ( 'NONE', *, *, #3537, .F. ) ;
#837 = EDGE_LOOP ( 'NONE', ( #1478, #202, #1869, #1639 ) ) ;
#838 = PLANE ( 'NONE',  #476 ) ;
#839 = CIRCLE ( 'NONE', #1354, 0.2000000000000005100 ) ;
#840 = CARTESIAN_POINT ( 'NONE',  ( 9.888003690805179600, 10.00523538966157700, -15.89999999999993500 ) ) ;
#841 = DIRECTION ( 'NONE',  ( -1.000000000000000000, 0.0000000000000000000, -5.782411586589358000E-015 ) ) ;
#842 = DIRECTION ( 'NONE',  ( -1.000000000000000000, 1.734723475976802700E-014, -6.505213034913010000E-015 ) ) ;
#843 = DIRECTION ( 'NONE',  ( 0.02617694830787306900, 0.9996573249755572600, 2.695445536087161000E-016 ) ) ;
#844 = CARTESIAN_POINT ( 'NONE',  ( -10.04307915638191600, 0.2629872831021530800, -7.062604203898770600E-014 ) ) ;
#845 = AXIS2_PLACEMENT_3D ( 'NONE', #2901, #2290, #147 ) ;
#846 = VECTOR ( 'NONE', #745, 1000.000000000000000 ) ;
#847 = CARTESIAN_POINT ( 'NONE',  ( -7.619999999999924600, -3.499999999999997800, -11.06000000000005900 ) ) ;
#848 = LINE ( 'NONE', #2672, #2525 ) ;
#849 = DIRECTION ( 'NONE',  ( 0.9996573249755572600, -0.02617694830787322200, 0.0000000000000000000 ) ) ;
#850 = COLOUR_RGB ( '',0.7921568627450980000, 0.8196078431372548800, 0.9333333333333333500 ) ;
#851 = EDGE_CURVE ( 'NONE', #367, #2538, #1850, .T. ) ;
#852 = EDGE_CURVE ( 'NONE', #2239, #3229, #858, .T. ) ;
#853 = LINE ( 'NONE', #49, #2261 ) ;
#854 = DIRECTION ( 'NONE',  ( 0.0000000000000000000, 1.000000000000000000, 0.0000000000000000000 ) ) ;
#855 = DIRECTION ( 'NONE',  ( -6.984312113870967800E-015, -8.095994489448964300E-017, 1.000000000000000000 ) ) ;
#856 = ADVANCED_FACE ( 'NONE', ( #2305 ), #1071, .T. ) ;
#857 = VECTOR ( 'NONE', #3130, 1000.000000000000000 ) ;
#858 = LINE ( 'NONE', #2234, #1707 ) ;
#859 = CARTESIAN_POINT ( 'NONE',  ( 9.803664484062352400, 10.19999999999999900, 15.43807222580997300 ) ) ;
#860 = CARTESIAN_POINT ( 'NONE',  ( -9.688072225809968100, 9.999999999999998200, 1.649999999999934400 ) ) ;
#861 = ORIENTED_EDGE ( 'NONE', *, *, #3512, .T. ) ;
#862 = DIRECTION ( 'NONE',  ( 6.986432124638220300E-015, 0.0000000000000000000, -1.000000000000000000 ) ) ;
#863 = CARTESIAN_POINT ( 'NONE',  ( 7.620000000000081800, -3.500000000000000000, -11.65999999999994700 ) ) ;
#864 = CARTESIAN_POINT ( 'NONE',  ( 10.15000000000011200, 0.0000000000000000000, -15.89999999999993500 ) ) ;
#865 = ORIENTED_EDGE ( 'NONE', *, *, #2473, .F. ) ;
#866 = DIRECTION ( 'NONE',  ( 0.02617694830787323900, -0.9996573249755572600, 1.828834725831197000E-016 ) ) ;
#867 = CARTESIAN_POINT ( 'NONE',  ( -1.110842707817476700E-013, 0.0000000000000000000, 15.89999999999999300 ) ) ;
#868 = ORIENTED_EDGE ( 'NONE', *, *, #1194, .T. ) ;
#869 = DIRECTION ( 'NONE',  ( 1.828834725831194600E-016, 0.9996573249755572600, -0.02617694830787320500 ) ) ;
#870 = ORIENTED_EDGE ( 'NONE', *, *, #625, .F. ) ;
#871 = ADVANCED_FACE ( 'NONE', ( #3468 ), #1927, .T. ) ;
#872 = ORIENTED_EDGE ( 'NONE', *, *, #2448, .F. ) ;
#873 = SURFACE_SIDE_STYLE ('',( #3423 ) ) ;
#874 = EDGE_CURVE ( 'NONE', #3087, #1056, #2807, .T. ) ;
#875 = CLOSED_SHELL ( 'NONE', ( #2553, #1806, #2133, #2903 ) ) ;
#876 = VERTEX_POINT ( 'NONE', #559 ) ;
#877 = EDGE_LOOP ( 'NONE', ( #233, #3501, #2781, #1437 ) ) ;
#878 = DIRECTION ( 'NONE',  ( 0.0000000000000000000, 1.000000000000000000, 0.0000000000000000000 ) ) ;
#879 = EDGE_LOOP ( 'NONE', ( #1223, #2118, #2069, #43 ) ) ;
#880 = CIRCLE ( 'NONE', #1681, 0.2000000000000005100 ) ;
#881 = CARTESIAN_POINT ( 'NONE',  ( 9.888003690805092600, 10.00523538966157500, -2.949999999999931800 ) ) ;
#882 = ORIENTED_EDGE ( 'NONE', *, *, #3037, .F. ) ;
#883 = EDGE_LOOP ( 'NONE', ( #1173, #2452, #998, #502 ) ) ;
#884 = VECTOR ( 'NONE', #3091, 1000.000000000000200 ) ;
#885 = ORIENTED_EDGE ( 'NONE', *, *, #1224, .F. ) ;
#886 = DIRECTION ( 'NONE',  ( 0.0000000000000000000, 1.000000000000000000, 0.0000000000000000000 ) ) ;
#887 = ORIENTED_EDGE ( 'NONE', *, *, #2297, .T. ) ;
#888 = LINE ( 'NONE', #3528, #3584 ) ;
#889 = DIRECTION ( 'NONE',  ( -0.02616798426497942200, -0.9993150019883697600, 0.02616798426497905400 ) ) ;
#890 = CARTESIAN_POINT ( 'NONE',  ( -9.888043624104099600, 10.00338228684917900, 15.55366448406238600 ) ) ;
#891 = CARTESIAN_POINT ( 'NONE',  ( 10.04307915638192100, 0.2629872831021530800, -0.6499999999999307400 ) ) ;
#892 = CARTESIAN_POINT ( 'NONE',  ( -9.606709346345182300, 3.469446951953614200E-015, 3.949999999999932700 ) ) ;
#893 = DIRECTION ( 'NONE',  ( -1.000000000000000000, 1.734723475976802700E-014, -8.673617379884013400E-015 ) ) ;
#894 = CIRCLE ( 'NONE', #3441, 0.2000000000000005100 ) ;
#895 = AXIS2_PLACEMENT_3D ( 'NONE', #793, #2700, #1067 ) ;
#896 = VECTOR ( 'NONE', #3577, 1000.000000000000000 ) ;
#897 = ADVANCED_FACE ( 'NONE', ( #3252 ), #2212, .F. ) ;
#898 = DIRECTION ( 'NONE',  ( -1.000000000000000000, 0.0000000000000000000, -5.782411586589375400E-015 ) ) ;
#899 = CARTESIAN_POINT ( 'NONE',  ( -9.783503977861869300, 10.17576342253238800, -2.950000000000069500 ) ) ;
#900 = FACE_OUTER_BOUND ( 'NONE', #2416, .T. ) ;
#901 = FACE_OUTER_BOUND ( 'NONE', #1215, .T. ) ;
#902 = PLANE ( 'NONE',  #650 ) ;
#903 = AXIS2_PLACEMENT_3D ( 'NONE', #860, #54, #2812 ) ;
#904 = EDGE_CURVE ( 'NONE', #3287, #1197, #1326, .T. ) ;
#905 = DIRECTION ( 'NONE',  ( -0.02617694830787331200, 0.9996573249755572600, -1.246588742903134600E-017 ) ) ;
#906 = LINE ( 'NONE', #2668, #1201 ) ;
#907 = PLANE ( 'NONE',  #3517 ) ;
#908 = EDGE_LOOP ( 'NONE', ( #3543, #617, #3262, #791 ) ) ;
#909 = DIRECTION ( 'NONE',  ( -8.673617379884013400E-015, 0.0000000000000000000, 1.000000000000000000 ) ) ;
#910 = PLANE ( 'NONE',  #59 ) ;
#911 = DIRECTION ( 'NONE',  ( -0.02617694830787320500, -0.9996573249755572600, -1.828834725831194600E-016 ) ) ;
#912 = ORIENTED_EDGE ( 'NONE', *, *, #742, .F. ) ;
#913 = ADVANCED_FACE ( 'NONE', ( #589 ), #838, .F. ) ;
#914 = DIRECTION ( 'NONE',  ( -1.000000000000000000, 0.0000000000000000000, -5.782411586589358000E-015 ) ) ;
#915 = CARTESIAN_POINT ( 'NONE',  ( -7.319999999999921200, 0.0000000000000000000, -11.36000000000005400 ) ) ;
#916 = ORIENTED_EDGE ( 'NONE', *, *, #2180, .T. ) ;
#917 = VERTEX_POINT ( 'NONE', #3335 ) ;
#918 = AXIS2_PLACEMENT_3D ( 'NONE', #2050, #2035, #2900 ) ;
#919 = DIRECTION ( 'NONE',  ( -6.990672146172726200E-015, -1.619198897889792900E-016, 1.000000000000000000 ) ) ;
#920 = CARTESIAN_POINT ( 'NONE',  ( 9.783503977861851600, 10.17576342253238800, 5.250000000000069300 ) ) ;
#921 = FACE_OUTER_BOUND ( 'NONE', #3240, .T. ) ;
#922 = ORIENTED_EDGE ( 'NONE', *, *, #2910, .T. ) ;
#923 = EDGE_CURVE ( 'NONE', #2082, #670, #1671, .T. ) ;
#924 = EDGE_CURVE ( 'NONE', #1206, #1032, #138, .T. ) ;
#925 = DIRECTION ( 'NONE',  ( 0.02617694830787324300, -0.9996573249755572600, 1.828834725831197300E-016 ) ) ;
#926 = VECTOR ( 'NONE', #1205, 1000.000000000000000 ) ;
#927 = EDGE_LOOP ( 'NONE', ( #462, #3445, #243, #3312, #144 ) ) ;
#929 = EDGE_CURVE ( 'NONE', #1937, #3056, #347, .T. ) ;
#928 = ORIENTED_EDGE ( 'NONE', *, *, #3095, .T. ) ;
#930 = PLANE ( 'NONE',  #668 ) ;
#931 = FACE_OUTER_BOUND ( 'NONE', #2562, .T. ) ;
#932 = ORIENTED_EDGE ( 'NONE', *, *, #1313, .T. ) ;
#933 = CARTESIAN_POINT ( 'NONE',  ( -7.389999999999903800, 10.19999999999999900, -13.64000000000005700 ) ) ;
#934 = ADVANCED_FACE ( 'NONE', ( #2989 ), #3444, .T. ) ;
#935 = CARTESIAN_POINT ( 'NONE',  ( -9.783503977861872900, 10.17576342253238800, -1.650000000000069400 ) ) ;
#936 = LINE ( 'NONE', #3065, #1662 ) ;
#937 = CARTESIAN_POINT ( 'NONE',  ( 10.15000000000011200, -4.065757192294872000E-017, -15.70006853500482300 ) ) ;
#938 = ORIENTED_EDGE ( 'NONE', *, *, #2667, .F. ) ;
#939 = LINE ( 'NONE', #2523, #130 ) ;
#940 = DIRECTION ( 'NONE',  ( -6.986432124638220300E-015, 0.0000000000000000000, 1.000000000000000000 ) ) ;
#941 = PLANE ( 'NONE',  #819 ) ;
#942 = DIRECTION ( 'NONE',  ( -6.986432124638220300E-015, 0.0000000000000000000, 1.000000000000000000 ) ) ;
#943 = PRESENTATION_STYLE_ASSIGNMENT (( #363 ) ) ;
#944 = STYLED_ITEM ( 'NONE', ( #1099 ), #2110 ) ;
#945 = DIRECTION ( 'NONE',  ( -1.000000000000000000, -4.472335563168955300E-018, -7.157223729254937500E-015 ) ) ;
#946 = DIRECTION ( 'NONE',  ( -1.131242319639605000E-030, 1.000000000000000000, 1.619198897889792900E-016 ) ) ;
#947 = VECTOR ( 'NONE', #428, 1000.000000000000000 ) ;
#948 = EDGE_CURVE ( 'NONE', #576, #1056, #1689, .T. ) ;
#949 = CARTESIAN_POINT ( 'NONE',  ( 9.950068535004776400, 2.665812082508887800E-017, 15.90000000000007000 ) ) ;
#950 = VERTEX_POINT ( 'NONE', #937 ) ;
#951 = MANIFOLD_SOLID_BREP ( 'Body-Move/Copy1[1]', #446 ) ;
#952 = DIRECTION ( 'NONE',  ( 0.0000000000000000000, 1.000000000000000000, 0.0000000000000000000 ) ) ;
#953 = DIRECTION ( 'NONE',  ( -1.000000000000000000, 0.0000000000000000000, -5.782411586589358000E-015 ) ) ;
#954 = ORIENTED_EDGE ( 'NONE', *, *, #2975, .F. ) ;
#955 = ADVANCED_FACE ( 'NONE', ( #1885 ), #902, .T. ) ;
#956 = DIRECTION ( 'NONE',  ( -0.02617694830787331200, -0.9996573249755572600, -1.246588742903134600E-017 ) ) ;
#957 = CARTESIAN_POINT ( 'NONE',  ( -9.888003690804961100, 10.00523538966157800, -15.43807222580996500 ) ) ;
#958 = CARTESIAN_POINT ( 'NONE',  ( 9.888043624104096100, 10.00338228684916000, -15.43807222580988800 ) ) ;
#959 = CARTESIAN_POINT ( 'NONE',  ( 9.688072225810008900, 9.999999999999998200, -7.549999999999933200 ) ) ;
#960 = CARTESIAN_POINT ( 'NONE',  ( 7.620000000000079200, -3.500000000000000000, -11.35999999999994800 ) ) ;
#961 = ORIENTED_EDGE ( 'NONE', *, *, #1554, .T. ) ;
#962 = CARTESIAN_POINT ( 'NONE',  ( -10.04996572075093500, 3.903127820947816000E-015, -8.688727906847989200E-014 ) ) ;
#963 = DIRECTION ( 'NONE',  ( 6.986432124638220300E-015, -0.0000000000000000000, -1.000000000000000000 ) ) ;
#964 = ORIENTED_EDGE ( 'NONE', *, *, #1045, .T. ) ;
#965 = AXIS2_PLACEMENT_3D ( 'NONE', #3454, #2865, #946 ) ;
#966 = ORIENTED_EDGE ( 'NONE', *, *, #852, .T. ) ;
#967 = CARTESIAN_POINT ( 'NONE',  ( -9.803664484062105400, 10.20000000000026400, -15.43807222580996300 ) ) ;
#968 = ORIENTED_EDGE ( 'NONE', *, *, #3430, .T. ) ;
#969 = LINE ( 'NONE', #2005, #234 ) ;
#970 = DIRECTION ( 'NONE',  ( -0.0000000000000000000, -1.000000000000000000, -0.0000000000000000000 ) ) ;
#971 = ORIENTED_EDGE ( 'NONE', *, *, #401, .T. ) ;
#972 = ORIENTED_EDGE ( 'NONE', *, *, #2762, .F. ) ;
#973 = AXIS2_PLACEMENT_3D ( 'NONE', #1712, #83, #2859 ) ;
#974 = ADVANCED_FACE ( 'NONE', ( #2015 ), #910, .F. ) ;
#975 = STYLED_ITEM ( 'NONE', ( #3279 ), #2939 ) ;
#976 = CARTESIAN_POINT ( 'NONE',  ( 7.920000000000079900, -3.500000000000000000, -11.35999999999994600 ) ) ;
#977 = LINE ( 'NONE', #227, #3152 ) ;
#978 = EDGE_CURVE ( 'NONE', #610, #418, #697, .T. ) ;
#979 = CARTESIAN_POINT ( 'NONE',  ( -10.14999999999989200, 4.336808689942017700E-016, -15.70006853500496100 ) ) ;
#980 = ORIENTED_EDGE ( 'NONE', *, *, #1852, .F. ) ;
#981 = DIRECTION ( 'NONE',  ( -6.986432124638220300E-015, 0.0000000000000000000, 1.000000000000000000 ) ) ;
#982 = FACE_OUTER_BOUND ( 'NONE', #3406, .T. ) ;
#983 = CARTESIAN_POINT ( 'NONE',  ( 10.14999999999999000, 3.344185297550340800E-015, 1.650000000000076700 ) ) ;
#984 = CARTESIAN_POINT ( 'NONE',  ( -7.889999999999903800, 10.19999999999999900, -13.64000000000005900 ) ) ;
#985 = LINE ( 'NONE', #3570, #386 ) ;
#986 = CARTESIAN_POINT ( 'NONE',  ( 9.783503977861901300, 10.17576342253238400, 5.167791077694756400E-014 ) ) ;
#987 = VECTOR ( 'NONE', #438, 1000.000000000000000 ) ;
#988 = CARTESIAN_POINT ( 'NONE',  ( -10.14999999999997000, 3.407378442316014800E-015, -5.250000000000069300 ) ) ;
#989 = FACE_OUTER_BOUND ( 'NONE', #305, .T. ) ;
#990 = LINE ( 'NONE', #3206, #735 ) ;
#991 = CARTESIAN_POINT ( 'NONE',  ( -9.688072225809992900, 9.999999999999998200, 5.249999999999932500 ) ) ;
#992 = DIRECTION ( 'NONE',  ( -0.02617694830787320500, 0.9996573249755572600, -1.828834725831194600E-016 ) ) ;
#993 = CIRCLE ( 'NONE', #2250, 0.2000000000000005100 ) ;
#994 = AXIS2_PLACEMENT_3D ( 'NONE', #2593, #410, #2311 ) ;
#995 = CARTESIAN_POINT ( 'NONE',  ( 10.04307915638191600, 0.2629872831021530800, 6.970453965787455800E-014 ) ) ;
#996 = EDGE_CURVE ( 'NONE', #1544, #220, #180, .T. ) ;
#997 = EDGE_CURVE ( 'NONE', #1735, #1368, #3337, .T. ) ;
#998 = ORIENTED_EDGE ( 'NONE', *, *, #2113, .F. ) ;
#999 = ADVANCED_BREP_SHAPE_REPRESENTATION ( 'PXC-M10-24WD05', ( #951, #1470, #1322, #2939, #609, #833, #2110, #1826 ), #1499 ) ;
#1000 = CARTESIAN_POINT ( 'NONE',  ( -9.783503977861924400, 10.17576342253238900, 5.249999999999931600 ) ) ;
#1001 = EDGE_CURVE ( 'NONE', #1903, #218, #3557, .T. ) ;
#1002 = CARTESIAN_POINT ( 'NONE',  ( -10.15000000000005900, 3.407378442316014800E-015, 7.549999999999933200 ) ) ;
#1003 = ADVANCED_FACE ( 'NONE', ( #2947 ), #1748, .F. ) ;
#1004 = PRODUCT_CONTEXT ( 'NONE', #1846, 'mechanical' ) ;
#1005 = ORIENTED_EDGE ( 'NONE', *, *, #2318, .T. ) ;
#1006 = CARTESIAN_POINT ( 'NONE',  ( 10.04307915638191600, 0.2629872831021538000, 7.108679322954428000E-014 ) ) ;
#1007 = EDGE_LOOP ( 'NONE', ( #2153, #821, #370, #2202 ) ) ;
#1008 = VERTEX_POINT ( 'NONE', #3153 ) ;
#1009 = ORIENTED_EDGE ( 'NONE', *, *, #904, .T. ) ;
#1010 = ORIENTED_EDGE ( 'NONE', *, *, #12, .T. ) ;
#1011 = FACE_OUTER_BOUND ( 'NONE', #2704, .T. ) ;
#1012 = CARTESIAN_POINT ( 'NONE',  ( -9.688072225809952100, 9.999999999999998200, -0.6500000000000670800 ) ) ;
#1013 = ORIENTED_EDGE ( 'NONE', *, *, #3190, .F. ) ;
#1014 = CARTESIAN_POINT ( 'NONE',  ( 10.14999999999994200, 0.0000000000000000000, 8.550000000000084200 ) ) ;
#1015 = LINE ( 'NONE', #1453, #1227 ) ;
#1016 = ORIENTED_EDGE ( 'NONE', *, *, #1044, .T. ) ;
#1017 = ORIENTED_EDGE ( 'NONE', *, *, #1822, .T. ) ;
#1018 = EDGE_CURVE ( 'NONE', #218, #1206, #550, .T. ) ;
#1019 = DIRECTION ( 'NONE',  ( 1.000000000000000000, 0.0000000000000000000, 6.986432124638220300E-015 ) ) ;
#1020 = FILL_AREA_STYLE ('',( #1537 ) ) ;
#1021 = VECTOR ( 'NONE', #1029, 1000.000000000000000 ) ;
#1022 = AXIS2_PLACEMENT_3D ( 'NONE', #3286, #1606, #2140 ) ;
#1023 = AXIS2_PLACEMENT_3D ( 'NONE', #2918, #1539, #3491 ) ;
#1024 = LINE ( 'NONE', #297, #2132 ) ;
#1025 = DIRECTION ( 'NONE',  ( -6.986432124638220300E-015, 0.0000000000000000000, 1.000000000000000000 ) ) ;
#1026 = DIRECTION ( 'NONE',  ( -0.0000000000000000000, -1.000000000000000000, -0.0000000000000000000 ) ) ;
#1027 = CARTESIAN_POINT ( 'NONE',  ( -10.06720229030766100, 0.0000000000000000000, 15.89999999999992800 ) ) ;
#1028 = FACE_OUTER_BOUND ( 'NONE', #1277, .T. ) ;
#1029 = DIRECTION ( 'NONE',  ( 6.986432124638220300E-015, -0.0000000000000000000, -1.000000000000000000 ) ) ;
#1030 = CARTESIAN_POINT ( 'NONE',  ( 9.606709346345189400, 3.469446951953614200E-015, -5.249999999999932500 ) ) ;
#1031 = VECTOR ( 'NONE', #1678, 1000.000000000000000 ) ;
#1032 = VERTEX_POINT ( 'NONE', #1435 ) ;
#1033 = VECTOR ( 'NONE', #1183, 1000.000000000000000 ) ;
#1034 = CARTESIAN_POINT ( 'NONE',  ( 8.219999999999952700, -4.699999999999992200, 6.120000000000061400 ) ) ;
#1035 = VERTEX_POINT ( 'NONE', #1497 ) ;
#1036 = CARTESIAN_POINT ( 'NONE',  ( 10.06720229030743300, 0.0000000000000000000, 15.90000000000007300 ) ) ;
#1037 = CARTESIAN_POINT ( 'NONE',  ( -9.688072225809913000, 9.999999999999998200, -6.250000000000069300 ) ) ;
#1038 = PLANE ( 'NONE',  #2689 ) ;
#1039 = AXIS2_PLACEMENT_3D ( 'NONE', #1068, #3006, #284 ) ;
#1040 = VERTEX_POINT ( 'NONE', #3459 ) ;
#1041 = AXIS2_PLACEMENT_3D ( 'NONE', #215, #238, #758 ) ;
#1042 = DIRECTION ( 'NONE',  ( -6.986432124638220300E-015, 0.0000000000000000000, 1.000000000000000000 ) ) ;
#1043 = CARTESIAN_POINT ( 'NONE',  ( 7.620000000000059600, -3.500000000000001800, -8.519999999999944500 ) ) ;
#1044 = EDGE_CURVE ( 'NONE', #1059, #412, #2579, .T. ) ;
#1045 = EDGE_CURVE ( 'NONE', #581, #663, #2435, .T. ) ;
#1046 = CARTESIAN_POINT ( 'NONE',  ( 9.888003690805129900, 10.00523538966157500, -7.549999999999930500 ) ) ;
#1047 = ORIENTED_EDGE ( 'NONE', *, *, #924, .F. ) ;
#1048 = EDGE_CURVE ( 'NONE', #1219, #2122, #2679, .T. ) ;
#1049 = EDGE_LOOP ( 'NONE', ( #2045, #1164, #2033, #1134 ) ) ;
#1050 = PLANE ( 'NONE',  #3466 ) ;
#1051 = EDGE_LOOP ( 'NONE', ( #2683, #2917, #1878, #2943 ) ) ;
#1052 = ORIENTED_EDGE ( 'NONE', *, *, #1851, .F. ) ;
#1053 = VERTEX_POINT ( 'NONE', #1240 ) ;
#1054 = ORIENTED_EDGE ( 'NONE', *, *, #62, .F. ) ;
#1055 = DIRECTION ( 'NONE',  ( -6.990672146172726200E-015, 1.619198897889792900E-016, 1.000000000000000000 ) ) ;
#1056 = VERTEX_POINT ( 'NONE', #979 ) ;
#1057 = LINE ( 'NONE', #2636, #1788 ) ;
#1058 = ORIENTED_EDGE ( 'NONE', *, *, #494, .T. ) ;
#1059 = VERTEX_POINT ( 'NONE', #443 ) ;
#1060 = DIRECTION ( 'NONE',  ( -1.131242319639605000E-030, -1.000000000000000000, 1.619198897889792900E-016 ) ) ;
#1061 = LINE ( 'NONE', #1578, #3202 ) ;
#1062 = EDGE_LOOP ( 'NONE', ( #2149, #532, #1571, #2730 ) ) ;
#1063 = CARTESIAN_POINT ( 'NONE',  ( -9.606709346345104100, 16.92727801214171300, -7.550000000000068200 ) ) ;
#1064 = AXIS2_PLACEMENT_3D ( 'NONE', #507, #3587, #3299 ) ;
#1065 = VECTOR ( 'NONE', #1729, 1000.000000000000000 ) ;
#1066 = EDGE_CURVE ( 'NONE', #31, #876, #1073, .T. ) ;
#1067 = DIRECTION ( 'NONE',  ( -1.131242319639605000E-030, -1.000000000000000000, 1.619198897889792900E-016 ) ) ;
#1068 = CARTESIAN_POINT ( 'NONE',  ( 9.688072225809945000, 9.999999999999998200, 1.650000000000068700 ) ) ;
#1069 = LINE ( 'NONE', #344, #1917 ) ;
#1070 = DIRECTION ( 'NONE',  ( 6.982192103103714400E-015, -1.619198897889792900E-016, -1.000000000000000000 ) ) ;
#1071 = CYLINDRICAL_SURFACE ( 'NONE', #3516, 0.2000000000000008200 ) ;
#1072 = PLANE ( 'NONE',  #30 ) ;
#1073 = LINE ( 'NONE', #712, #1504 ) ;
#1074 = LINE ( 'NONE', #345, #2265 ) ;
#1075 = CARTESIAN_POINT ( 'NONE',  ( 9.888003690805096100, 10.00523538966157500, -3.949999999999929100 ) ) ;
#1076 = EDGE_LOOP ( 'NONE', ( #1165, #575, #971, #2872 ) ) ;
#1077 = CARTESIAN_POINT ( 'NONE',  ( -7.619999999999924600, -3.500000000000001800, -11.06000000000005700 ) ) ;
#1078 = ADVANCED_FACE ( 'NONE', ( #1921 ), #1330, .T. ) ;
#1079 = AXIS2_PLACEMENT_3D ( 'NONE', #984, #2081, #2327 ) ;
#1080 = ORIENTED_EDGE ( 'NONE', *, *, #1048, .F. ) ;
#1081 = DIRECTION ( 'NONE',  ( 0.0000000000000000000, 1.000000000000000000, 0.0000000000000000000 ) ) ;
#1082 = CARTESIAN_POINT ( 'NONE',  ( -10.04996572075094900, 3.487516988161705700E-015, 3.949999999999929100 ) ) ;
#1083 = EDGE_CURVE ( 'NONE', #2702, #1352, #990, .T. ) ;
#1084 = VERTEX_POINT ( 'NONE', #988 ) ;
#1085 = CARTESIAN_POINT ( 'NONE',  ( -8.219999999999920700, -3.500000000000000400, -11.66000000000006600 ) ) ;
#1086 = CARTESIAN_POINT ( 'NONE',  ( 7.919999999999954600, -3.500000000000000000, 6.420000000000058500 ) ) ;
#1087 = ORIENTED_EDGE ( 'NONE', *, *, #2268, .T. ) ;
#1088 = VECTOR ( 'NONE', #2477, 1000.000000000000100 ) ;
#1089 = ORIENTED_EDGE ( 'NONE', *, *, #2027, .F. ) ;
#1090 = VECTOR ( 'NONE', #942, 1000.000000000000000 ) ;
#1091 = ORIENTED_EDGE ( 'NONE', *, *, #3168, .F. ) ;
#1092 = ORIENTED_EDGE ( 'NONE', *, *, #2976, .T. ) ;
#1093 = FILL_AREA_STYLE_COLOUR ( '', #1235 ) ;
#1094 = LINE ( 'NONE', #3353, #759 ) ;
#1095 = UNCERTAINTY_MEASURE_WITH_UNIT (LENGTH_MEASURE( 1.000000000000000100E-005 ), #2441, 'distance_accuracy_value', 'NONE');
#1096 = DIRECTION ( 'NONE',  ( -1.000000000000000000, 1.734723475976802700E-014, -8.673617379884013400E-015 ) ) ;
#1097 = CARTESIAN_POINT ( 'NONE',  ( 7.019999999999925000, -4.699999999999990400, 11.20000000000005400 ) ) ;
#1098 = AXIS2_PLACEMENT_3D ( 'NONE', #1116, #3043, #2764 ) ;
#1099 = PRESENTATION_STYLE_ASSIGNMENT (( #2232 ) ) ;
#1100 = EDGE_CURVE ( 'NONE', #174, #1040, #2847, .T. ) ;
#1101 = EDGE_CURVE ( 'NONE', #3087, #917, #2264, .T. ) ;
#1102 = CARTESIAN_POINT ( 'NONE',  ( 10.04307915638191600, 0.2629872831021538000, 6.970453965787454600E-014 ) ) ;
#1103 = PLANE ( 'NONE',  #596 ) ;
#1104 = CIRCLE ( 'NONE', #2360, 0.5000000000000004400 ) ;
#1105 = EDGE_CURVE ( 'NONE', #917, #1861, #52, .T. ) ;
#1106 = CARTESIAN_POINT ( 'NONE',  ( -7.920000000000079900, -3.500000000000000000, 11.49999999999994700 ) ) ;
#1107 = SURFACE_STYLE_FILL_AREA ( #1985 ) ;
#1108 = LINE ( 'NONE', #3003, #691 ) ;
#1109 = DIRECTION ( 'NONE',  ( -0.9996573249755573700, 0.02617694830787320800, -6.984038048839142400E-015 ) ) ;
#1110 = CARTESIAN_POINT ( 'NONE',  ( 7.620000000000080000, -3.500000000000000000, -11.65999999999994500 ) ) ;
#1111 = LINE ( 'NONE', #1771, #2482 ) ;
#1112 = ORIENTED_EDGE ( 'NONE', *, *, #2504, .T. ) ;
#1113 = DIRECTION ( 'NONE',  ( 1.000000000000000000, 0.0000000000000000000, 6.505213034913010000E-015 ) ) ;
#1114 = CARTESIAN_POINT ( 'NONE',  ( 9.783503977861942100, 10.17576342253238400, -7.549999999999933200 ) ) ;
#1115 = ORIENTED_EDGE ( 'NONE', *, *, #978, .T. ) ;
#1116 = CARTESIAN_POINT ( 'NONE',  ( 9.688072225810064000, 10.00000000000000500, -15.43807222580989000 ) ) ;
#1117 = DIRECTION ( 'NONE',  ( 6.986432124638220300E-015, -0.0000000000000000000, -1.000000000000000000 ) ) ;
#1118 = ORIENTED_EDGE ( 'NONE', *, *, #2268, .F. ) ;
#1119 = AXIS2_PLACEMENT_3D ( 'NONE', #2623, #2369, #153 ) ;
#1120 = FILL_AREA_STYLE ('',( #2777 ) ) ;
#1121 = DIRECTION ( 'NONE',  ( -1.000000000000000000, 0.0000000000000000000, -5.782411586589358000E-015 ) ) ;
#1122 = ORIENTED_EDGE ( 'NONE', *, *, #2532, .T. ) ;
#1123 = EDGE_CURVE ( 'NONE', #3148, #1386, #1455, .T. ) ;
#1124 = CARTESIAN_POINT ( 'NONE',  ( -10.15000000000006100, 0.0000000000000000000, 8.549999999999945600 ) ) ;
#1125 = AXIS2_PLACEMENT_3D ( 'NONE', #155, #2674, #173 ) ;
#1126 = CARTESIAN_POINT ( 'NONE',  ( -9.888003690805112100, 10.00523538966157500, 6.249999999999934300 ) ) ;
#1127 = VERTEX_POINT ( 'NONE', #2335 ) ;
#1128 = CARTESIAN_POINT ( 'NONE',  ( 10.15000000000011200, 0.0000000000000000000, -15.89999999999993500 ) ) ;
#1129 = VERTEX_POINT ( 'NONE', #1261 ) ;
#1130 = CARTESIAN_POINT ( 'NONE',  ( -9.807013228222089700, 10.00201175063893200, 15.63608879322913800 ) ) ;
#1131 = ORIENTED_EDGE ( 'NONE', *, *, #3090, .T. ) ;
#1132 = VERTEX_POINT ( 'NONE', #2023 ) ;
#1133 = DIRECTION ( 'NONE',  ( 0.02617694830787297900, -0.9996573249755572600, 3.533010577372067800E-016 ) ) ;
#1134 = ORIENTED_EDGE ( 'NONE', *, *, #2532, .F. ) ;
#1135 = PLANE ( 'NONE',  #2560 ) ;
#1136 = LINE ( 'NONE', #2926, #835 ) ;
#1137 = ORIENTED_EDGE ( 'NONE', *, *, #1656, .F. ) ;
#1138 = VERTEX_POINT ( 'NONE', #643 ) ;
#1139 = DIRECTION ( 'NONE',  ( -6.986432124638220300E-015, 0.0000000000000000000, 1.000000000000000000 ) ) ;
#1140 = LINE ( 'NONE', #2795, #422 ) ;
#1141 = ORIENTED_EDGE ( 'NONE', *, *, #1467, .T. ) ;
#1142 = DIRECTION ( 'NONE',  ( 0.9996573249755573700, 0.02617694830787320800, 6.984038048839142400E-015 ) ) ;
#1143 = CARTESIAN_POINT ( 'NONE',  ( -7.919999999999920000, -3.799999999999999800, -11.36000000000005800 ) ) ;
#1144 = CYLINDRICAL_SURFACE ( 'NONE', #2219, 0.2000000000000005100 ) ;
#1145 = DIRECTION ( 'NONE',  ( -1.000000000000000000, -6.865438195700476500E-034, -6.982192103103714400E-015 ) ) ;
#1146 = PRESENTATION_LAYER_ASSIGNMENT (  '', '', ( #2634 ) ) ;
#1147 = DIRECTION ( 'NONE',  ( 0.0000000000000000000, 1.000000000000000000, 0.0000000000000000000 ) ) ;
#1148 = CARTESIAN_POINT ( 'NONE',  ( -9.688072225809984100, 9.999999999999998200, 3.949999999999934500 ) ) ;
#1149 = LINE ( 'NONE', #1323, #431 ) ;
#1150 = LINE ( 'NONE', #1528, #214 ) ;
#1151 = EDGE_CURVE ( 'NONE', #1386, #3148, #3385, .T. ) ;
#1152 = DIRECTION ( 'NONE',  ( 1.000000000000000000, -6.865438195700476500E-034, 6.990672146172726200E-015 ) ) ;
#1153 = PLANE ( 'NONE',  #2366 ) ;
#1154 = LINE ( 'NONE', #1573, #2632 ) ;
#1155 = LINE ( 'NONE', #2884, #6 ) ;
#1156 = ADVANCED_FACE ( 'NONE', ( #3433 ), #1758, .T. ) ;
#1157 = VECTOR ( 'NONE', #3192, 1000.000000000000000 ) ;
#1158 = DIRECTION ( 'NONE',  ( -1.000000000000000000, 0.0000000000000000000, -8.673617379884013400E-015 ) ) ;
#1159 =( LENGTH_UNIT ( ) NAMED_UNIT ( * ) SI_UNIT ( .MILLI., .METRE. ) );
#1160 = VERTEX_POINT ( 'NONE', #2036 ) ;
#1161 = DIRECTION ( 'NONE',  ( 6.986432124638220300E-015, -0.0000000000000000000, -1.000000000000000000 ) ) ;
#1162 = ADVANCED_FACE ( 'NONE', ( #254 ), #3480, .F. ) ;
#1163 = CARTESIAN_POINT ( 'NONE',  ( -7.889999999999903800, 10.10000000000000000, -13.64000000000005900 ) ) ;
#1164 = ORIENTED_EDGE ( 'NONE', *, *, #851, .T. ) ;
#1165 = ORIENTED_EDGE ( 'NONE', *, *, #2670, .T. ) ;
#1166 = DIRECTION ( 'NONE',  ( 6.986432124638220300E-015, -0.0000000000000000000, -1.000000000000000000 ) ) ;
#1167 = EDGE_CURVE ( 'NONE', #2168, #2964, #1198, .T. ) ;
#1168 = EDGE_CURVE ( 'NONE', #3505, #1219, #2811, .T. ) ;
#1169 = CARTESIAN_POINT ( 'NONE',  ( -9.688072225809897000, 9.999999999999998200, -8.550000000000068200 ) ) ;
#1170 = ORIENTED_EDGE ( 'NONE', *, *, #3473, .T. ) ;
#1171 = COLOUR_RGB ( '',0.7921568627450980000, 0.8196078431372548800, 0.9333333333333333500 ) ;
#1172 = ORIENTED_EDGE ( 'NONE', *, *, #2200, .T. ) ;
#1173 = ORIENTED_EDGE ( 'NONE', *, *, #1958, .F. ) ;
#1174 = ORIENTED_EDGE ( 'NONE', *, *, #3215, .F. ) ;
#1175 = DIRECTION ( 'NONE',  ( -0.9996573249755573700, 0.02617694830787320800, -6.984038048839142400E-015 ) ) ;
#1176 = CYLINDRICAL_SURFACE ( 'NONE', #3397, 0.2999999999999999300 ) ;
#1177 = CARTESIAN_POINT ( 'NONE',  ( -9.888003690805128100, 10.00523538966157500, 8.549999999999940300 ) ) ;
#1178 = ORIENTED_EDGE ( 'NONE', *, *, #1893, .T. ) ;
#1179 = VERTEX_POINT ( 'NONE', #1482 ) ;
#1180 = ORIENTED_EDGE ( 'NONE', *, *, #1408, .F. ) ;
#1181 = EDGE_LOOP ( 'NONE', ( #1424, #2374, #2498, #1342 ) ) ;
#1182 = ADVANCED_FACE ( 'NONE', ( #2633 ), #2569, .T. ) ;
#1183 = DIRECTION ( 'NONE',  ( 6.941037918672055300E-015, 1.188689117125510700E-018, -1.000000000000000000 ) ) ;
#1184 = LINE ( 'NONE', #3421, #1065 ) ;
#1185 = CARTESIAN_POINT ( 'NONE',  ( 10.15000000000001300, 0.0000000000000000000, -1.649999999999922600 ) ) ;
#1186 = DIRECTION ( 'NONE',  ( 1.000000000000000000, -0.0000000000000000000, 6.986432124638220300E-015 ) ) ;
#1187 = CARTESIAN_POINT ( 'NONE',  ( -9.606709346345141400, 3.469446951953614200E-015, -1.650000000000066300 ) ) ;
#1188 = CARTESIAN_POINT ( 'NONE',  ( -9.805850514224918200, 10.07075504597719400, -15.63608879322927900 ) ) ;
#1189 = AXIS2_PLACEMENT_3D ( 'NONE', #1630, #1429, #898 ) ;
#1190 = DIRECTION ( 'NONE',  ( -1.000000000000000000, 0.0000000000000000000, -8.673617379884013400E-015 ) ) ;
#1191 = ORIENTED_EDGE ( 'NONE', *, *, #2755, .F. ) ;
#1192 = LINE ( 'NONE', #2006, #3250 ) ;
#1193 = CARTESIAN_POINT ( 'NONE',  ( -10.04996572075092400, 3.469446951953614200E-015, -6.929190098185400800E-014 ) ) ;
#1194 = EDGE_CURVE ( 'NONE', #156, #2538, #1888, .T. ) ;
#1195 = PLANE ( 'NONE',  #3487 ) ;
#1196 = VECTOR ( 'NONE', #1625, 1000.000000000000200 ) ;
#1197 = VERTEX_POINT ( 'NONE', #1517 ) ;
#1198 = LINE ( 'NONE', #1804, #1287 ) ;
#1199 = AXIS2_PLACEMENT_3D ( 'NONE', #3305, #526, #1392 ) ;
#1200 = DIRECTION ( 'NONE',  ( 0.0000000000000000000, 1.000000000000000000, 0.0000000000000000000 ) ) ;
#1201 = VECTOR ( 'NONE', #1863, 1000.000000000000000 ) ;
#1202 = CARTESIAN_POINT ( 'NONE',  ( -9.886088793229316000, 10.11895801442326000, 15.43807222580988300 ) ) ;
#1203 = ADVANCED_FACE ( 'NONE', ( #2143 ), #2855, .F. ) ;
#1204 = DIRECTION ( 'NONE',  ( -1.000000000000000000, 6.865438195700476500E-034, -6.982192103103714400E-015 ) ) ;
#1205 = DIRECTION ( 'NONE',  ( 1.000000000000000000, -6.865438195700476500E-034, 6.990672146172726200E-015 ) ) ;
#1206 = VERTEX_POINT ( 'NONE', #124 ) ;
#1207 = CARTESIAN_POINT ( 'NONE',  ( 9.688072225806353200, 10.19999999999999900, -15.43807222580988800 ) ) ;
#1208 = ORIENTED_EDGE ( 'NONE', *, *, #253, .F. ) ;
#1209 = CARTESIAN_POINT ( 'NONE',  ( 10.15000000000001100, 3.407378442316014800E-015, -0.6499999999999248600 ) ) ;
#1210 = DIRECTION ( 'NONE',  ( -5.656211598198025200E-031, -1.000000000000000000, 8.095994489448964300E-017 ) ) ;
#1211 = ORIENTED_EDGE ( 'NONE', *, *, #1703, .T. ) ;
#1212 = DIRECTION ( 'NONE',  ( 0.0000000000000000000, 1.000000000000000000, 0.0000000000000000000 ) ) ;
#1213 = DIRECTION ( 'NONE',  ( -0.02617694830787320500, -0.9996573249755572600, -1.828834725831194600E-016 ) ) ;
#1214 = CARTESIAN_POINT ( 'NONE',  ( -9.888003690805025100, 10.00523538966157500, -6.250000000000066600 ) ) ;
#1215 = EDGE_LOOP ( 'NONE', ( #1264, #611, #2161, #1691 ) ) ;
#1216 = AXIS2_PLACEMENT_3D ( 'NONE', #307, #289, #841 ) ;
#1217 = ORIENTED_EDGE ( 'NONE', *, *, #3536, .F. ) ;
#1218 = CARTESIAN_POINT ( 'NONE',  ( 9.807013228222089700, 10.00201175063891900, -15.63608879322914000 ) ) ;
#1219 = VERTEX_POINT ( 'NONE', #915 ) ;
#1220 = STYLED_ITEM ( 'NONE', ( #511 ), #833 ) ;
#1221 = ADVANCED_FACE ( 'NONE', ( #440 ), #2581, .F. ) ;
#1222 = VERTEX_POINT ( 'NONE', #933 ) ;
#1223 = ORIENTED_EDGE ( 'NONE', *, *, #923, .F. ) ;
#1224 = EDGE_CURVE ( 'NONE', #1868, #323, #1155, .T. ) ;
#1225 = EDGE_CURVE ( 'NONE', #876, #2139, #3296, .T. ) ;
#1226 = ORIENTED_EDGE ( 'NONE', *, *, #2907, .T. ) ;
#1227 = VECTOR ( 'NONE', #360, 1000.000000000000000 ) ;
#1228 = PLANE ( 'NONE',  #761 ) ;
#1229 = ORIENTED_EDGE ( 'NONE', *, *, #1151, .F. ) ;
#1230 = CARTESIAN_POINT ( 'NONE',  ( -9.688072225809001700, 10.19999999999999900, 15.43807222580988300 ) ) ;
#1232 = EDGE_CURVE ( 'NONE', #1615, #1179, #2103, .T. ) ;
#1231 = ORIENTED_EDGE ( 'NONE', *, *, #1656, .T. ) ;
#1233 = CARTESIAN_POINT ( 'NONE',  ( -10.04307915638196700, 0.2629872831021538000, 7.549999999999933200 ) ) ;
#1234 = CARTESIAN_POINT ( 'NONE',  ( 9.606709346345175100, 3.469446951953614200E-015, -2.949999999999932700 ) ) ;
#1235 = COLOUR_RGB ( '',0.7921568627450980000, 0.8196078431372548800, 0.9333333333333333500 ) ;
#1236 = CARTESIAN_POINT ( 'NONE',  ( 9.756825353430700800, 10.11895801442405400, -15.63608879322914400 ) ) ;
#1237 = ORIENTED_EDGE ( 'NONE', *, *, #1044, .F. ) ;
#1238 = VECTOR ( 'NONE', #1451, 1000.000000000000000 ) ;
#1239 = CARTESIAN_POINT ( 'NONE',  ( -9.688072225809849100, 9.999999999999998200, -15.43807222581002700 ) ) ;
#1240 = CARTESIAN_POINT ( 'NONE',  ( -10.14999999999994500, 1.156482317317871300E-015, -8.550000000000068200 ) ) ;
#1241 = VECTOR ( 'NONE', #1461, 1000.000000000000100 ) ;
#1242 = CARTESIAN_POINT ( 'NONE',  ( 10.15000000000011200, -4.065757192294872000E-017, -15.70006853500482300 ) ) ;
#1243 = ADVANCED_FACE ( 'NONE', ( #901 ), #774, .T. ) ;
#1244 = CARTESIAN_POINT ( 'NONE',  ( -7.620000000000081800, -3.500000000000001800, 11.79999999999994400 ) ) ;
#1245 = PRESENTATION_STYLE_ASSIGNMENT (( #1658 ) ) ;
#1246 = AXIS2_PLACEMENT_3D ( 'NONE', #2742, #2163, #1902 ) ;
#1247 = CARTESIAN_POINT ( 'NONE',  ( -10.04307915638191800, 0.2629872831021538600, -7.016529084843114500E-014 ) ) ;
#1248 = CIRCLE ( 'NONE', #2177, 0.2999999999999990500 ) ;
#1249 = EDGE_CURVE ( 'NONE', #2331, #1160, #1369, .T. ) ;
#1250 = LINE ( 'NONE', #1849, #1711 ) ;
#1251 = DIRECTION ( 'NONE',  ( -1.000000000000000000, 0.0000000000000000000, -1.156482317317871600E-014 ) ) ;
#1252 = EDGE_LOOP ( 'NONE', ( #1560, #1875 ) ) ;
#1253 = CARTESIAN_POINT ( 'NONE',  ( -10.04996572075094400, 3.505587024369797900E-015, 2.949999999999930900 ) ) ;
#1254 = ORIENTED_EDGE ( 'NONE', *, *, #2805, .T. ) ;
#1255 = DIRECTION ( 'NONE',  ( -1.000000000000000000, 6.865438195700476500E-034, -6.982192103103714400E-015 ) ) ;
#1256 = DIRECTION ( 'NONE',  ( 7.031826330604385400E-015, -1.188689117125517600E-018, -1.000000000000000000 ) ) ;
#1257 = CARTESIAN_POINT ( 'NONE',  ( 10.04996572075095800, 3.473607363863553300E-015, -5.249999999999930700 ) ) ;
#1258 =( BOUNDED_SURFACE ( )  B_SPLINE_SURFACE ( 3, 3, ( 
 ( #2786, #1396, #3354, #1673 ),
 ( #1945, #578, #2493, #1130 ),
 ( #3080, #1641, #3350, #890 ),
 ( #1230, #2892, #1202, #2060 ) ),
 .UNSPECIFIED., .F., .F., .T. ) 
 B_SPLINE_SURFACE_WITH_KNOTS ( ( 4, 4 ),
 ( 4, 4 ),
 ( 0.0000000000000000000, 1.000000000000000000 ),
 ( 0.0000000000000000000, 1.000000000000000000 ),
 .UNSPECIFIED. ) 
 GEOMETRIC_REPRESENTATION_ITEM ( )  RATIONAL_B_SPLINE_SURFACE ( (
 ( 1.000000000000000000, 0.8087072059011614100, 0.8087072059011614100, 1.000000000000000000),
 ( 0.8087072059024074100, 0.6540073448774711400, 0.6540073448774711400, 0.8087072059024074100),
 ( 0.8087072059024074100, 0.6540073448774711400, 0.6540073448774711400, 0.8087072059024074100),
 ( 1.000000000000000000, 0.8087072059011614100, 0.8087072059011614100, 1.000000000000000000) ) ) 
 REPRESENTATION_ITEM ( '' )  SURFACE ( )  );
#1259 = EDGE_LOOP ( 'NONE', ( #326, #1365, #116, #3321 ) ) ;
#1260 = CARTESIAN_POINT ( 'NONE',  ( 10.04996572075092800, 3.505844573678508600E-015, -0.6499999999999305200 ) ) ;
#1261 = CARTESIAN_POINT ( 'NONE',  ( 9.888003690804961100, 10.00523538966157800, 15.43807222580997200 ) ) ;
#1262 = ORIENTED_EDGE ( 'NONE', *, *, #2076, .T. ) ;
#1263 = DIRECTION ( 'NONE',  ( 0.0000000000000000000, 1.000000000000000000, 0.0000000000000000000 ) ) ;
#1264 = ORIENTED_EDGE ( 'NONE', *, *, #270, .T. ) ;
#1265 = AXIS2_PLACEMENT_3D ( 'NONE', #3077, #15, #1961 ) ;
#1266 = EDGE_CURVE ( 'NONE', #3198, #2235, #1853, .T. ) ;
#1267 = VERTEX_POINT ( 'NONE', #1257 ) ;
#1268 = ORIENTED_EDGE ( 'NONE', *, *, #3469, .F. ) ;
#1269 = LINE ( 'NONE', #1972, #1569 ) ;
#1270 = PLANE ( 'NONE',  #2754 ) ;
#1271 = VERTEX_POINT ( 'NONE', #2086 ) ;
#1272 = EDGE_LOOP ( 'NONE', ( #1520, #1790, #271, #1736 ) ) ;
#1273 = AXIS2_PLACEMENT_3D ( 'NONE', #768, #2977, #2958 ) ;
#1274 = PLANE ( 'NONE',  #2430 ) ;
#1275 = CIRCLE ( 'NONE', #918, 0.2000000000000005100 ) ;
#1276 = EDGE_CURVE ( 'NONE', #1301, #1781, #1975, .T. ) ;
#1277 = EDGE_LOOP ( 'NONE', ( #2740, #525, #117, #2328 ) ) ;
#1278 = ORIENTED_EDGE ( 'NONE', *, *, #3068, .F. ) ;
#1279 = DIRECTION ( 'NONE',  ( -1.131242319639605000E-030, 1.000000000000000000, 1.619198897889792900E-016 ) ) ;
#1280 = LINE ( 'NONE', #2643, #681 ) ;
#1281 = CARTESIAN_POINT ( 'NONE',  ( -9.688072225810064000, 10.00000000000000200, 15.43807222580988100 ) ) ;
#1282 = CARTESIAN_POINT ( 'NONE',  ( -9.888003690805051700, 10.00523538966157500, -2.950000000000068600 ) ) ;
#1283 = LINE ( 'NONE', #2769, #2213 ) ;
#1284 = CIRCLE ( 'NONE', #642, 0.2999999999999990500 ) ;
#1285 = DIRECTION ( 'NONE',  ( -0.02617694830787316600, 0.9996573249755572600, -1.828834725831191800E-016 ) ) ;
#1286 = VECTOR ( 'NONE', #1827, 1000.000000000000100 ) ;
#1287 = VECTOR ( 'NONE', #2065, 1000.000000000000000 ) ;
#1288 = ORIENTED_EDGE ( 'NONE', *, *, #1468, .T. ) ;
#1289 = CARTESIAN_POINT ( 'NONE',  ( -7.020000000000082200, -4.699999999999994800, 11.19999999999995100 ) ) ;
#1290 = DIRECTION ( 'NONE',  ( 0.0000000000000000000, 1.000000000000000000, 0.0000000000000000000 ) ) ;
#1291 = VECTOR ( 'NONE', #1978, 1000.000000000000000 ) ;
#1292 = CARTESIAN_POINT ( 'NONE',  ( -9.606709346345175100, 3.469446951953614200E-015, 2.949999999999932700 ) ) ;
#1293 = EDGE_CURVE ( 'NONE', #236, #2239, #3515, .T. ) ;
#1294 = EDGE_CURVE ( 'NONE', #1600, #3179, #2533, .T. ) ;
#1295 = VECTOR ( 'NONE', #1968, 1000.000000000000000 ) ;
#1296 = DIRECTION ( 'NONE',  ( 0.0000000000000000000, 1.000000000000000000, 0.0000000000000000000 ) ) ;
#1297 = EDGE_CURVE ( 'NONE', #2547, #1222, #810, .T. ) ;
#1298 = CARTESIAN_POINT ( 'NONE',  ( 7.619999999999953900, -3.500000000000001800, 6.720000000000054800 ) ) ;
#1299 = CARTESIAN_POINT ( 'NONE',  ( -9.888003690805073000, 10.00523538966157500, -0.6500000000000697400 ) ) ;
#1300 = CARTESIAN_POINT ( 'NONE',  ( -7.389999999999903800, 10.10000000000000000, -13.64000000000005700 ) ) ;
#1301 = VERTEX_POINT ( 'NONE', #1570 ) ;
#1302 = DIRECTION ( 'NONE',  ( -0.02617694830787314600, 0.9996573249755572600, -1.246588742903016300E-017 ) ) ;
#1303 = CLOSED_SHELL ( 'NONE', ( #403, #1156, #420, #441, #2032, #1990, #2878, #2054, #3585, #2423, #2256, #626, #664, #1338, #3268, #913, #974, #1981, #1491, #2921, #1464, #342, #3128, #707, #2432, #1530, #1003, #725, #1203, #3163, #516, #1737, #2412, #1182, #2724, #1680, #3311, #3439, #934, #1162, #1562, #3119, #1350, #3183, #1782, #149, #383, #1421, #2231, #3005, #871, #69, #3392, #2330, #955, #2011, #897, #3144, #1718, #3038, #3419, #3053, #3113, #688, #1485, #2856, #2716, #2070, #1078, #2526, #856, #1221, #2294, #2310, #2396, #1243, #3475, #361, #2148, #646, #2326, #1760, #2640, #1457, #2598 ) ) ;
#1304 = ORIENTED_EDGE ( 'NONE', *, *, #1575, .F. ) ;
#1305 = CARTESIAN_POINT ( 'NONE',  ( -10.04307915638189600, 0.2629872831021538600, -2.950000000000071700 ) ) ;
#1306 = ORIENTED_EDGE ( 'NONE', *, *, #1404, .F. ) ;
#1307 = VERTEX_POINT ( 'NONE', #2647 ) ;
#1308 = DIRECTION ( 'NONE',  ( 0.02617694830787323900, -0.9996573249755572600, 1.828834725831197000E-016 ) ) ;
#1309 = ORIENTED_EDGE ( 'NONE', *, *, #549, .F. ) ;
#1310 = LINE ( 'NONE', #3442, #279 ) ;
#1311 = VERTEX_POINT ( 'NONE', #2664 ) ;
#1312 = EDGE_LOOP ( 'NONE', ( #390, #717, #3222, #161 ) ) ;
#1313 = EDGE_CURVE ( 'NONE', #1674, #1301, #1250, .T. ) ;
#1314 = CARTESIAN_POINT ( 'NONE',  ( 10.15000000000011200, 0.0000000000000000000, -15.89999999999993500 ) ) ;
#1315 = CARTESIAN_POINT ( 'NONE',  ( 7.620000000000064100, -3.500000000000000000, -9.119999999999945900 ) ) ;
#1316 = FACE_OUTER_BOUND ( 'NONE', #1259, .T. ) ;
#1317 = AXIS2_PLACEMENT_3D ( 'NONE', #551, #2466, #2774 ) ;
#1318 = DIRECTION ( 'NONE',  ( -6.986432124638220300E-015, 0.0000000000000000000, 1.000000000000000000 ) ) ;
#1319 = CIRCLE ( 'NONE', #3300, 0.2999999999999999300 ) ;
#1320 = CYLINDRICAL_SURFACE ( 'NONE', #1417, 0.2000000000000005100 ) ;
#1321 = PLANE ( 'NONE',  #1335 ) ;
#1322 = MANIFOLD_SOLID_BREP ( 'Body-Move/Copy1[5]', #2240 ) ;
#1323 = CARTESIAN_POINT ( 'NONE',  ( -10.14999999999989000, 3.283241423040816800E-015, -15.90000000000007300 ) ) ;
#1324 = LINE ( 'NONE', #683, #1584 ) ;
#1325 = ORIENTED_EDGE ( 'NONE', *, *, #1852, .T. ) ;
#1326 = LINE ( 'NONE', #1420, #295 ) ;
#1327 = VECTOR ( 'NONE', #1343, 1000.000000000000000 ) ;
#1328 = DIRECTION ( 'NONE',  ( -1.000000000000000000, 0.0000000000000000000, -8.673617379884013400E-015 ) ) ;
#1329 = FACE_OUTER_BOUND ( 'NONE', #327, .T. ) ;
#1330 = CYLINDRICAL_SURFACE ( 'NONE', #2577, 0.2000000000000005100 ) ;
#1331 = CARTESIAN_POINT ( 'NONE',  ( 8.219999999999950900, -3.500000000000000000, 6.720000000000055700 ) ) ;
#1332 = EDGE_LOOP ( 'NONE', ( #2146, #2558, #3449, #2888 ) ) ;
#1333 = DIRECTION ( 'NONE',  ( 6.982192103103714400E-015, 1.619198897889792900E-016, -1.000000000000000000 ) ) ;
#1334 = EDGE_LOOP ( 'NONE', ( #65, #2485, #3572, #2919 ) ) ;
#1335 = AXIS2_PLACEMENT_3D ( 'NONE', #3290, #1070, #1060 ) ;
#1336 = CARTESIAN_POINT ( 'NONE',  ( 8.220000000000062800, -3.500000000000000000, -9.119999999999942400 ) ) ;
#1337 = EDGE_CURVE ( 'NONE', #2964, #1267, #3072, .T. ) ;
#1338 = ADVANCED_FACE ( 'NONE', ( #2723 ), #3502, .F. ) ;
#1339 = DIRECTION ( 'NONE',  ( -0.0000000000000000000, -1.000000000000000000, -0.0000000000000000000 ) ) ;
#1340 = ORIENTED_EDGE ( 'NONE', *, *, #237, .T. ) ;
#1341 = CARTESIAN_POINT ( 'NONE',  ( 7.920000000000079900, -3.799999999999999800, -11.35999999999994600 ) ) ;
#1342 = ORIENTED_EDGE ( 'NONE', *, *, #765, .T. ) ;
#1343 = DIRECTION ( 'NONE',  ( 6.986432124638220300E-015, -0.0000000000000000000, -1.000000000000000000 ) ) ;
#1344 = DIRECTION ( 'NONE',  ( -6.986432124638220300E-015, -0.0000000000000000000, 1.000000000000000000 ) ) ;
#1345 = DIRECTION ( 'NONE',  ( 1.131242319639605000E-030, 1.000000000000000000, -1.619198897889792900E-016 ) ) ;
#1346 = ORIENTED_EDGE ( 'NONE', *, *, #2866, .F. ) ;
#1347 = VECTOR ( 'NONE', #2809, 1000.000000000000200 ) ;
#1348 = ORIENTED_EDGE ( 'NONE', *, *, #2155, .T. ) ;
#1349 = ORIENTED_EDGE ( 'NONE', *, *, #2584, .T. ) ;
#1350 = ADVANCED_FACE ( 'NONE', ( #3553 ), #1270, .F. ) ;
#1351 = CARTESIAN_POINT ( 'NONE',  ( -7.619999999999921100, -3.499999999999997800, -11.66000000000005900 ) ) ;
#1352 = VERTEX_POINT ( 'NONE', #1547 ) ;
#1353 = ORIENTED_EDGE ( 'NONE', *, *, #2199, .F. ) ;
#1354 = AXIS2_PLACEMENT_3D ( 'NONE', #3070, #2775, #1190 ) ;
#1355 = FACE_OUTER_BOUND ( 'NONE', #2543, .T. ) ;
#1356 = EDGE_CURVE ( 'NONE', #2490, #3526, #2064, .T. ) ;
#1357 = EDGE_CURVE ( 'NONE', #1524, #1605, #2431, .T. ) ;
#1358 = CARTESIAN_POINT ( 'NONE',  ( -10.04996572075092400, 3.523657060577889400E-015, -7.021340336296715600E-014 ) ) ;
#1359 = VERTEX_POINT ( 'NONE', #1816 ) ;
#1360 = EDGE_CURVE ( 'NONE', #418, #556, #296, .T. ) ;
#1361 = CARTESIAN_POINT ( 'NONE',  ( -7.889999999999903800, 10.19999999999999900, -13.64000000000005900 ) ) ;
#1362 = VECTOR ( 'NONE', #2134, 1000.000000000000200 ) ;
#1363 = CARTESIAN_POINT ( 'NONE',  ( -7.019999999999921400, -3.500000000000000000, -11.06000000000005400 ) ) ;
#1364 = FACE_OUTER_BOUND ( 'NONE', #1484, .T. ) ;
#1365 = ORIENTED_EDGE ( 'NONE', *, *, #2531, .T. ) ;
#1366 = CARTESIAN_POINT ( 'NONE',  ( 7.619999999999921900, -3.500000000000000000, 11.20000000000006000 ) ) ;
#1367 = FACE_OUTER_BOUND ( 'NONE', #1865, .T. ) ;
#1368 = VERTEX_POINT ( 'NONE', #775 ) ;
#1369 = LINE ( 'NONE', #451, #641 ) ;
#1370 = PLANE ( 'NONE',  #1448 ) ;
#1371 = LINE ( 'NONE', #2333, #1855 ) ;
#1372 = SURFACE_SIDE_STYLE ('',( #1436 ) ) ;
#1373 = DIRECTION ( 'NONE',  ( -1.000000000000000000, 0.0000000000000000000, -5.782411586589375400E-015 ) ) ;
#1374 = VECTOR ( 'NONE', #1700, 1000.000000000000100 ) ;
#1375 = AXIS2_PLACEMENT_3D ( 'NONE', #580, #886, #631 ) ;
#1376 = EDGE_CURVE ( 'NONE', #663, #581, #772, .T. ) ;
#1377 = DIRECTION ( 'NONE',  ( 6.895643712705890200E-015, 2.377378234251031000E-018, -1.000000000000000000 ) ) ;
#1378 = AXIS2_PLACEMENT_3D ( 'NONE', #1565, #1820, #1542 ) ;
#1379 = EDGE_CURVE ( 'NONE', #3150, #2490, #436, .T. ) ;
#1380 = EDGE_LOOP ( 'NONE', ( #1092, #966, #27, #3343 ) ) ;
#1381 = CARTESIAN_POINT ( 'NONE',  ( -10.14999999999997400, 3.344185297550340800E-015, -3.950000000000062800 ) ) ;
#1382 = ORIENTED_EDGE ( 'NONE', *, *, #379, .T. ) ;
#1383 = CARTESIAN_POINT ( 'NONE',  ( 7.319999999999955000, -3.500000000000000000, 6.420000000000055000 ) ) ;
#1384 = CARTESIAN_POINT ( 'NONE',  ( 7.620000000000081800, -3.499999999999997800, -11.65999999999994700 ) ) ;
#1385 = DIRECTION ( 'NONE',  ( 6.988552135405472900E-015, 8.095994489448964300E-017, -1.000000000000000000 ) ) ;
#1386 = VERTEX_POINT ( 'NONE', #1870 ) ;
#1387 = LINE ( 'NONE', #682, #1692 ) ;
#1388 = ORIENTED_EDGE ( 'NONE', *, *, #1379, .T. ) ;
#1389 = CARTESIAN_POINT ( 'NONE',  ( 7.619999999999917500, -3.500000000000000000, 11.80000000000005600 ) ) ;
#1390 = ORIENTED_EDGE ( 'NONE', *, *, #3544, .F. ) ;
#1391 = FACE_OUTER_BOUND ( 'NONE', #2967, .T. ) ;
#1392 = DIRECTION ( 'NONE',  ( -5.656211598198026000E-031, -1.000000000000000000, 8.095994489448965500E-017 ) ) ;
#1393 = ORIENTED_EDGE ( 'NONE', *, *, #378, .T. ) ;
#1394 = ORIENTED_EDGE ( 'NONE', *, *, #3425, .T. ) ;
#1395 = PLANE ( 'NONE',  #1770 ) ;
#1396 = CARTESIAN_POINT ( 'NONE',  ( -9.690027056684829900, 10.00338228684919900, 15.63804362410391500 ) ) ;
#1397 = AXIS2_PLACEMENT_3D ( 'NONE', #1128, #1142, #1930 ) ;
#1398 = LINE ( 'NONE', #182, #1877 ) ;
#1399 = VECTOR ( 'NONE', #2152, 1000.000000000000100 ) ;
#1400 = CARTESIAN_POINT ( 'NONE',  ( -9.783503977861888900, 10.17576342253238900, -6.835178648246011100E-014 ) ) ;
#1401 = AXIS2_PLACEMENT_3D ( 'NONE', #26, #1409, #869 ) ;
#1402 = AXIS2_PLACEMENT_3D ( 'NONE', #450, #2353, #722 ) ;
#1403 = EDGE_CURVE ( 'NONE', #2218, #2788, #178, .T. ) ;
#1404 = EDGE_CURVE ( 'NONE', #282, #3410, #3169, .T. ) ;
#1405 = FILL_AREA_STYLE_COLOUR ( '', #393 ) ;
#1406 = CARTESIAN_POINT ( 'NONE',  ( 9.783503977861869300, 10.17576342253238800, 2.950000000000069500 ) ) ;
#1407 = FACE_OUTER_BOUND ( 'NONE', #1823, .T. ) ;
#1408 = EDGE_CURVE ( 'NONE', #2614, #241, #249, .T. ) ;
#1409 = DIRECTION ( 'NONE',  ( -7.154888199535428900E-015, 0.02617694830787320800, 0.9996573249755573700 ) ) ;
#1410 = DIRECTION ( 'NONE',  ( 1.000000000000000000, -1.716359548925119300E-034, 6.984312113870967800E-015 ) ) ;
#1411 = CARTESIAN_POINT ( 'NONE',  ( 10.14999999999995800, 0.0000000000000000000, 6.250000000000076400 ) ) ;
#1412 = FACE_OUTER_BOUND ( 'NONE', #1443, .T. ) ;
#1413 = VECTOR ( 'NONE', #1582, 1000.000000000000000 ) ;
#1414 = ORIENTED_EDGE ( 'NONE', *, *, #2779, .T. ) ;
#1415 = DIRECTION ( 'NONE',  ( -1.000000000000000000, 0.0000000000000000000, -5.782411586589358000E-015 ) ) ;
#1416 = VERTEX_POINT ( 'NONE', #510 ) ;
#1417 = AXIS2_PLACEMENT_3D ( 'NONE', #315, #1982, #1418 ) ;
#1418 = DIRECTION ( 'NONE',  ( 7.157340841483197600E-015, 0.0000000000000000000, -1.000000000000000000 ) ) ;
#1419 = EDGE_CURVE ( 'NONE', #1132, #2622, #2721, .T. ) ;
#1420 = CARTESIAN_POINT ( 'NONE',  ( -10.04996572075092200, 3.469446951953614200E-015, -6.929190098185399600E-014 ) ) ;
#1421 = ADVANCED_FACE ( 'NONE', ( #2944 ), #1898, .F. ) ;
#1422 = CARTESIAN_POINT ( 'NONE',  ( 9.690027056684625600, 10.00338228684918300, 15.63804362410405200 ) ) ;
#1423 = VERTEX_POINT ( 'NONE', #2167 ) ;
#1424 = ORIENTED_EDGE ( 'NONE', *, *, #3068, .T. ) ;
#1425 = CARTESIAN_POINT ( 'NONE',  ( 10.04996572075086900, 3.472438486231713200E-015, 7.550000000000074400 ) ) ;
#1426 = ORIENTED_EDGE ( 'NONE', *, *, #2551, .F. ) ;
#1427 = DIRECTION ( 'NONE',  ( 0.02617694830787323900, 0.9996573249755572600, 1.828834725831197000E-016 ) ) ;
#1428 = ORIENTED_EDGE ( 'NONE', *, *, #567, .F. ) ;
#1429 = DIRECTION ( 'NONE',  ( 0.0000000000000000000, 1.000000000000000000, 0.0000000000000000000 ) ) ;
#1430 = ORIENTED_EDGE ( 'NONE', *, *, #1066, .F. ) ;
#1431 = CARTESIAN_POINT ( 'NONE',  ( 10.15000000000000700, 0.0000000000000000000, 7.091228606507798600E-014 ) ) ;
#1432 = LINE ( 'NONE', #789, #1347 ) ;
#1433 = EDGE_LOOP ( 'NONE', ( #3415, #885, #3456, #3203 ) ) ;
#1434 = ORIENTED_EDGE ( 'NONE', *, *, #3430, .F. ) ;
#1435 = CARTESIAN_POINT ( 'NONE',  ( 7.320000000000079300, -3.500000000000000000, -11.35999999999995000 ) ) ;
#1436 = SURFACE_STYLE_FILL_AREA ( #2229 ) ;
#1437 = ORIENTED_EDGE ( 'NONE', *, *, #1313, .F. ) ;
#1438 = DIRECTION ( 'NONE',  ( -1.000000000000000000, 0.0000000000000000000, -5.782411586589358000E-015 ) ) ;
#1439 = DIRECTION ( 'NONE',  ( 6.986432124638220300E-015, -0.0000000000000000000, -1.000000000000000000 ) ) ;
#1440 = CARTESIAN_POINT ( 'NONE',  ( 7.619999999999919300, -3.500000000000000000, 11.50000000000005500 ) ) ;
#1441 = FACE_OUTER_BOUND ( 'NONE', #3446, .T. ) ;
#1442 = AXIS2_PLACEMENT_3D ( 'NONE', #991, #1766, #666 ) ;
#1443 = EDGE_LOOP ( 'NONE', ( #1775, #1122, #1558, #3014 ) ) ;
#1444 = EDGE_CURVE ( 'NONE', #536, #2168, #1108, .T. ) ;
#1445 = CARTESIAN_POINT ( 'NONE',  ( 7.619999999999954800, -3.799999999999999800, 6.420000000000056800 ) ) ;
#1446 = DIRECTION ( 'NONE',  ( 6.986432124638220300E-015, -0.0000000000000000000, -1.000000000000000000 ) ) ;
#1447 = FACE_OUTER_BOUND ( 'NONE', #1272, .T. ) ;
#1448 = AXIS2_PLACEMENT_3D ( 'NONE', #3328, #1659, #1943 ) ;
#1449 = EDGE_CURVE ( 'NONE', #323, #2550, #3121, .T. ) ;
#1450 = VECTOR ( 'NONE', #2440, 1000.000000000000100 ) ;
#1451 = DIRECTION ( 'NONE',  ( 0.0000000000000000000, 1.000000000000000000, 0.0000000000000000000 ) ) ;
#1452 = ADVANCED_FACE ( 'NONE', ( #1757 ), #3039, .T. ) ;
#1453 = CARTESIAN_POINT ( 'NONE',  ( -7.920000000000079900, -3.799999999999999800, 11.49999999999994700 ) ) ;
#1454 = SURFACE_STYLE_FILL_AREA ( #512 ) ;
#1455 = CIRCLE ( 'NONE', #3527, 0.2999999999999999300 ) ;
#1456 = CIRCLE ( 'NONE', #2691, 0.2000000000000005100 ) ;
#1457 = ADVANCED_FACE ( 'NONE', ( #3293 ), #2782, .T. ) ;
#1458 = DIRECTION ( 'NONE',  ( 1.000000000000000000, 6.865438195700476500E-034, 6.990672146172726200E-015 ) ) ;
#1459 = DIRECTION ( 'NONE',  ( 6.988552135405472900E-015, -8.095994489448964300E-017, -1.000000000000000000 ) ) ;
#1460 = CYLINDRICAL_SURFACE ( 'NONE', #3114, 0.2999999999999999300 ) ;
#1461 = DIRECTION ( 'NONE',  ( 0.02617694830787320500, 0.9996573249755572600, 1.828834725831194600E-016 ) ) ;
#1462 = CARTESIAN_POINT ( 'NONE',  ( 10.04996572075092400, 3.469446951953614200E-015, 7.113490574408030300E-014 ) ) ;
#1463 = DIRECTION ( 'NONE',  ( 0.9996573249755573700, -0.02617694830787324300, 6.984038048839142400E-015 ) ) ;
#1464 = ADVANCED_FACE ( 'NONE', ( #48 ), #219, .T. ) ;
#1465 = MECHANICAL_DESIGN_GEOMETRIC_PRESENTATION_REPRESENTATION (  '', ( #975 ), #2582 ) ;
#1466 = DIRECTION ( 'NONE',  ( -1.000000000000000000, 0.0000000000000000000, -8.673617379884013400E-015 ) ) ;
#1467 = EDGE_CURVE ( 'NONE', #3359, #561, #3026, .T. ) ;
#1468 = EDGE_CURVE ( 'NONE', #3562, #3102, #853, .T. ) ;
#1469 = DIRECTION ( 'NONE',  ( -5.656211598198025200E-031, -1.000000000000000000, 8.095994489448964300E-017 ) ) ;
#1470 = MANIFOLD_SOLID_BREP ( 'Body-Move/Copy1[3]', #2489 ) ;
#1471 = CARTESIAN_POINT ( 'NONE',  ( -10.15000000000004800, 3.344560004634646200E-015, 6.249999999999937800 ) ) ;
#1472 = PLANE ( 'NONE',  #2955 ) ;
#1473 = EDGE_CURVE ( 'NONE', #3571, #282, #2986, .T. ) ;
#1474 = ORIENTED_EDGE ( 'NONE', *, *, #493, .F. ) ;
#1475 = PLANE ( 'NONE',  #1696 ) ;
#1476 = LINE ( 'NONE', #636, #195 ) ;
#1477 = CARTESIAN_POINT ( 'NONE',  ( 10.04996572075090300, 3.505587024369797900E-015, 2.950000000000071700 ) ) ;
#1478 = ORIENTED_EDGE ( 'NONE', *, *, #2866, .T. ) ;
#1479 = DIRECTION ( 'NONE',  ( 1.000000000000000000, -8.673617379884013400E-015, 6.505213034913010000E-015 ) ) ;
#1480 = EDGE_LOOP ( 'NONE', ( #2853, #103, #56, #1348 ) ) ;
#1481 = CIRCLE ( 'NONE', #1317, 0.2000000000000005100 ) ;
#1482 = CARTESIAN_POINT ( 'NONE',  ( 10.14999999999995400, 3.407378442316014800E-015, 7.550000000000075300 ) ) ;
#1483 = EDGE_LOOP ( 'NONE', ( #1614, #2038, #1835 ) ) ;
#1484 = EDGE_LOOP ( 'NONE', ( #1936, #3451, #748, #2047 ) ) ;
#1485 = ADVANCED_FACE ( 'NONE', ( #135 ), #2491, .F. ) ;
#1486 = CIRCLE ( 'NONE', #1041, 0.2999999999999999300 ) ;
#1487 = DIRECTION ( 'NONE',  ( -6.990672146172726200E-015, -1.619198897889792900E-016, 1.000000000000000000 ) ) ;
#1488 = CARTESIAN_POINT ( 'NONE',  ( 9.688072225809847300, 10.00523538966157500, 15.63800369080513700 ) ) ;
#1489 = VECTOR ( 'NONE', #2017, 1000.000000000000000 ) ;
#1490 = DIRECTION ( 'NONE',  ( 0.02617694830787316600, 0.9996573249755572600, 1.828834725831191800E-016 ) ) ;
#1491 = ADVANCED_FACE ( 'NONE', ( #2898 ), #3093, .T. ) ;
#1492 = DIRECTION ( 'NONE',  ( 0.02617694830787323900, 0.9996573249755572600, 1.828834725831197000E-016 ) ) ;
#1493 = CARTESIAN_POINT ( 'NONE',  ( -9.888043624103877600, 10.00338228684918800, -15.43807222580996500 ) ) ;
#1494 = VECTOR ( 'NONE', #2444, 1000.000000000000200 ) ;
#1495 = LINE ( 'NONE', #3134, #2890 ) ;
#1496 = EDGE_CURVE ( 'NONE', #3586, #2175, #348, .T. ) ;
#1497 = CARTESIAN_POINT ( 'NONE',  ( 9.783503977861910200, 10.17576342253238800, -2.949999999999932700 ) ) ;
#1498 = ORIENTED_EDGE ( 'NONE', *, *, #3089, .F. ) ;
#1499 =( GEOMETRIC_REPRESENTATION_CONTEXT ( 3 ) GLOBAL_UNCERTAINTY_ASSIGNED_CONTEXT ( ( #430 ) ) GLOBAL_UNIT_ASSIGNED_CONTEXT ( ( #2351, #2080, #3521 ) ) REPRESENTATION_CONTEXT ( 'NONE', 'WORKASPACE' ) );
#1500 = CARTESIAN_POINT ( 'NONE',  ( -10.14999999999989000, 0.0000000000000000000, -15.90000000000007300 ) ) ;
#1501 = VECTOR ( 'NONE', #1117, 1000.000000000000000 ) ;
#1502 = DIRECTION ( 'NONE',  ( -0.02617694830787324300, 0.9996573249755572600, -1.828834725831197300E-016 ) ) ;
#1503 = DIRECTION ( 'NONE',  ( 0.02617694830787306900, 0.9996573249755572600, 2.695445536087161000E-016 ) ) ;
#1504 = VECTOR ( 'NONE', #692, 1000.000000000000000 ) ;
#1505 = VERTEX_POINT ( 'NONE', #1389 ) ;
#1506 = DIRECTION ( 'NONE',  ( 0.9996573249755571500, -0.02617694830787410700, 8.673617379883999200E-015 ) ) ;
#1507 = ORIENTED_EDGE ( 'NONE', *, *, #280, .T. ) ;
#1508 = ADVANCED_FACE ( 'NONE', ( #1808 ), #1969, .T. ) ;
#1509 = DIRECTION ( 'NONE',  ( -0.02616798426497958200, -0.9993150019883699800, 0.02616798426497921000 ) ) ;
#1510 = CARTESIAN_POINT ( 'NONE',  ( -10.14999999999999000, 0.0000000000000000000, -1.650000000000062700 ) ) ;
#1511 = CARTESIAN_POINT ( 'NONE',  ( 9.606709346345166300, 3.469446951953614200E-015, -1.649999999999932400 ) ) ;
#1512 = VERTEX_POINT ( 'NONE', #1114 ) ;
#1513 = AXIS2_PLACEMENT_3D ( 'NONE', #434, #2894, #1753 ) ;
#1514 = DIRECTION ( 'NONE',  ( -0.0000000000000000000, -1.000000000000000000, -0.0000000000000000000 ) ) ;
#1515 = ORIENTED_EDGE ( 'NONE', *, *, #1356, .T. ) ;
#1516 = CARTESIAN_POINT ( 'NONE',  ( 9.886088793229308900, 10.11895801442447500, -15.55366448406239500 ) ) ;
#1517 = CARTESIAN_POINT ( 'NONE',  ( -10.04996572075087800, 3.763520402604438500E-015, -6.250000000000071100 ) ) ;
#1518 = AXIS2_PLACEMENT_3D ( 'NONE', #1559, #1296, #777 ) ;
#1519 = UNCERTAINTY_MEASURE_WITH_UNIT (LENGTH_MEASURE( 1.000000000000000100E-005 ), #3040, 'distance_accuracy_value', 'NONE');
#1520 = ORIENTED_EDGE ( 'NONE', *, *, #2388, .F. ) ;
#1521 = DIRECTION ( 'NONE',  ( -1.000000000000000000, 0.0000000000000000000, -7.047314121155760700E-015 ) ) ;
#1522 = ORIENTED_EDGE ( 'NONE', *, *, #1168, .F. ) ;
#1523 = AXIS2_PLACEMENT_3D ( 'NONE', #32, #2770, #1121 ) ;
#1524 = VERTEX_POINT ( 'NONE', #1910 ) ;
#1525 = FACE_OUTER_BOUND ( 'NONE', #2979, .T. ) ;
#1526 = CARTESIAN_POINT ( 'NONE',  ( 9.950068535005000200, 4.336808689942017700E-016, -15.89999999999993500 ) ) ;
#1527 = EDGE_LOOP ( 'NONE', ( #811, #259, #2334, #228, #1612 ) ) ;
#1528 = CARTESIAN_POINT ( 'NONE',  ( 10.15000000000011200, 3.283241423040816800E-015, -15.89999999999993500 ) ) ;
#1529 = ORIENTED_EDGE ( 'NONE', *, *, #2384, .T. ) ;
#1530 = ADVANCED_FACE ( 'NONE', ( #1971 ), #2226, .T. ) ;
#1531 = CARTESIAN_POINT ( 'NONE',  ( -10.04996572075087100, 3.541888297575882500E-015, -7.550000000000074400 ) ) ;
#1532 = DIRECTION ( 'NONE',  ( -0.02617694830787320500, 0.9996573249755572600, -1.828834725831194600E-016 ) ) ;
#1533 = VECTOR ( 'NONE', #878, 1000.000000000000000 ) ;
#1534 = ORIENTED_EDGE ( 'NONE', *, *, #2269, .T. ) ;
#1535 = DIRECTION ( 'NONE',  ( 7.031826330604385400E-015, 1.188689117125510700E-018, -1.000000000000000000 ) ) ;
#1536 = EDGE_LOOP ( 'NONE', ( #2748, #2554, #1306, #2601 ) ) ;
#1537 = FILL_AREA_STYLE_COLOUR ( '', #1627 ) ;
#1538 = LINE ( 'NONE', #3170, #1964 ) ;
#1539 = DIRECTION ( 'NONE',  ( 0.02616798426497921400, -0.9993150019883699800, 0.02616798426497958500 ) ) ;
#1540 = VECTOR ( 'NONE', #353, 1000.000000000000000 ) ;
#1541 = CARTESIAN_POINT ( 'NONE',  ( 9.783503977861888900, 10.17576342253238900, 6.927328886357327100E-014 ) ) ;
#1542 = DIRECTION ( 'NONE',  ( 6.009724823085401700E-031, -1.000000000000000000, -8.601994145039524900E-017 ) ) ;
#1543 = VECTOR ( 'NONE', #1892, 1000.000000000000000 ) ;
#1544 = VERTEX_POINT ( 'NONE', #3327 ) ;
#1545 = AXIS2_PLACEMENT_3D ( 'NONE', #2120, #2990, #1864 ) ;
#1546 = DIRECTION ( 'NONE',  ( 0.0000000000000000000, -1.000000000000000000, 0.0000000000000000000 ) ) ;
#1547 = CARTESIAN_POINT ( 'NONE',  ( 9.783503977861828500, 10.17576342253238800, 8.550000000000068200 ) ) ;
#1548 = LINE ( 'NONE', #753, #3295 ) ;
#1549 = EDGE_CURVE ( 'NONE', #497, #236, #388, .T. ) ;
#1550 = EDGE_CURVE ( 'NONE', #236, #1861, #46, .T. ) ;
#1551 = ORIENTED_EDGE ( 'NONE', *, *, #3167, .F. ) ;
#1552 = DIRECTION ( 'NONE',  ( 0.9996573249755573700, 0.02617694830787320800, 6.984038048839142400E-015 ) ) ;
#1553 = CIRCLE ( 'NONE', #2874, 0.2000000000000005100 ) ;
#1554 = EDGE_CURVE ( 'NONE', #2502, #74, #1665, .T. ) ;
#1555 = DIRECTION ( 'NONE',  ( 0.0000000000000000000, 1.000000000000000000, 0.0000000000000000000 ) ) ;
#1556 = ORIENTED_EDGE ( 'NONE', *, *, #148, .F. ) ;
#1557 = CARTESIAN_POINT ( 'NONE',  ( -7.620000000000078300, -3.499999999999997800, 11.19999999999994600 ) ) ;
#1558 = ORIENTED_EDGE ( 'NONE', *, *, #2222, .F. ) ;
#1559 = CARTESIAN_POINT ( 'NONE',  ( 0.0000000000000000000, 10.19999999999999900, 0.0000000000000000000 ) ) ;
#1560 = ORIENTED_EDGE ( 'NONE', *, *, #1376, .F. ) ;
#1561 = CARTESIAN_POINT ( 'NONE',  ( -10.04996572075089400, 3.761697745958178800E-015, -3.950000000000069900 ) ) ;
#1562 = ADVANCED_FACE ( 'NONE', ( #1028 ), #930, .F. ) ;
#1563 = VERTEX_POINT ( 'NONE', #3124 ) ;
#1564 = AXIS2_PLACEMENT_3D ( 'NONE', #2470, #3332, #2172 ) ;
#1565 = CARTESIAN_POINT ( 'NONE',  ( -9.606709346345159200, 16.92727801214175900, 0.6499999999999341900 ) ) ;
#1566 = EDGE_CURVE ( 'NONE', #31, #3010, #3511, .T. ) ;
#1567 = ORIENTED_EDGE ( 'NONE', *, *, #3095, .F. ) ;
#1568 = DIRECTION ( 'NONE',  ( 0.02617694830787323900, -0.9996573249755572600, 1.828834725831197000E-016 ) ) ;
#1569 = VECTOR ( 'NONE', #2282, 1000.000000000000000 ) ;
#1570 = CARTESIAN_POINT ( 'NONE',  ( -10.14999999999995400, 3.407378442316014800E-015, -7.550000000000070000 ) ) ;
#1571 = ORIENTED_EDGE ( 'NONE', *, *, #11, .T. ) ;
#1572 = STYLED_ITEM ( 'NONE', ( #3193 ), #999 ) ;
#1573 = CARTESIAN_POINT ( 'NONE',  ( -10.14999999999989000, 3.283241423040816800E-015, -15.90000000000007300 ) ) ;
#1574 = ORIENTED_EDGE ( 'NONE', *, *, #2448, .T. ) ;
#1575 = EDGE_CURVE ( 'NONE', #281, #2655, #939, .T. ) ;
#1576 = VERTEX_POINT ( 'NONE', #2839 ) ;
#1577 = ORIENTED_EDGE ( 'NONE', *, *, #923, .T. ) ;
#1578 = CARTESIAN_POINT ( 'NONE',  ( 9.888003690805081900, 10.00523538966157500, -0.6499999999999316300 ) ) ;
#1579 = LINE ( 'NONE', #3245, #1654 ) ;
#1580 = DIRECTION ( 'NONE',  ( -0.02617694830787306900, -0.9996573249755572600, -9.622239155752097100E-017 ) ) ;
#1581 = COLOUR_RGB ( '',0.2509803921568627400, 0.2509803921568627400, 0.2509803921568627400 ) ;
#1582 = DIRECTION ( 'NONE',  ( 0.0000000000000000000, 1.000000000000000000, 0.0000000000000000000 ) ) ;
#1583 = CARTESIAN_POINT ( 'NONE',  ( 10.04996572075092200, 3.469446951953614200E-015, 6.975265217241057000E-014 ) ) ;
#1584 = VECTOR ( 'NONE', #3175, 1000.000000000000200 ) ;
#1585 = CARTESIAN_POINT ( 'NONE',  ( -7.620000000000080900, -3.799999999999999800, 11.49999999999994800 ) ) ;
#1586 = VECTOR ( 'NONE', #58, 1000.000000000000200 ) ;
#1587 = VECTOR ( 'NONE', #245, 1000.000000000000000 ) ;
#1588 =( BOUNDED_CURVE ( )  B_SPLINE_CURVE ( 3, ( #2112, #2105, #1027, #2968 ),
 .UNSPECIFIED., .F., .T. ) 
 B_SPLINE_CURVE_WITH_KNOTS ( ( 4, 4 ),
 ( 5.498129760120338700, 7.068240854238848000 ),
 .UNSPECIFIED. ) 
 CURVE ( )  GEOMETRIC_REPRESENTATION_ITEM ( )  RATIONAL_B_SPLINE_CURVE ( ( 1.000000000000000000, 0.8048993373437918200, 0.8048993373437918200, 1.000000000000000000 ) ) 
 REPRESENTATION_ITEM ( '' )  );
#1589 = DIRECTION ( 'NONE',  ( 7.077220536570550400E-015, 2.377378234251031800E-018, -1.000000000000000000 ) ) ;
#1590 = CARTESIAN_POINT ( 'NONE',  ( 7.620000000000061400, -3.799999999999999800, -8.819999999999947000 ) ) ;
#1591 = DIRECTION ( 'NONE',  ( 0.9996573249755573700, 0.02617694830787320800, 6.984038048839142400E-015 ) ) ;
#1592 = VECTOR ( 'NONE', #442, 1000.000000000000200 ) ;
#1593 = AXIS2_PLACEMENT_3D ( 'NONE', #2505, #3054, #2236 ) ;
#1594 = CARTESIAN_POINT ( 'NONE',  ( 7.620000000000064900, -3.499999999999997800, -9.119999999999945900 ) ) ;
#1595 = EDGE_CURVE ( 'NONE', #3586, #2414, #2, .T. ) ;
#1596 = EDGE_CURVE ( 'NONE', #1197, #1950, #1495, .T. ) ;
#1597 = ORIENTED_EDGE ( 'NONE', *, *, #803, .F. ) ;
#1598 = DIRECTION ( 'NONE',  ( -6.986432124638220300E-015, -0.0000000000000000000, 1.000000000000000000 ) ) ;
#1599 = EDGE_CURVE ( 'NONE', #528, #2168, #2718, .T. ) ;
#1600 = VERTEX_POINT ( 'NONE', #637 ) ;
#1601 = CARTESIAN_POINT ( 'NONE',  ( 7.019999999999956100, -3.500000000000000000, 6.720000000000049500 ) ) ;
#1602 = CARTESIAN_POINT ( 'NONE',  ( 10.15000000000011200, 0.0000000000000000000, -15.89999999999993500 ) ) ;
#1603 = ORIENTED_EDGE ( 'NONE', *, *, #3536, .T. ) ;
#1604 = CARTESIAN_POINT ( 'NONE',  ( 10.15000000000011200, 3.283241423040816800E-015, -15.89999999999993500 ) ) ;
#1605 = VERTEX_POINT ( 'NONE', #2565 ) ;
#1606 = DIRECTION ( 'NONE',  ( 0.0000000000000000000, 1.000000000000000000, 0.0000000000000000000 ) ) ;
#1607 = ORIENTED_EDGE ( 'NONE', *, *, #1596, .F. ) ;
#1608 = ORIENTED_EDGE ( 'NONE', *, *, #494, .F. ) ;
#1609 = ORIENTED_EDGE ( 'NONE', *, *, #401, .F. ) ;
#1610 = CARTESIAN_POINT ( 'NONE',  ( 8.219999999999915400, -3.500000000000000000, 11.80000000000005600 ) ) ;
#1611 = AXIS2_PLACEMENT_3D ( 'NONE', #1602, #2732, #3554 ) ;
#1612 = ORIENTED_EDGE ( 'NONE', *, *, #509, .T. ) ;
#1613 = CYLINDRICAL_SURFACE ( 'NONE', #1125, 0.2999999999999999300 ) ;
#1614 = ORIENTED_EDGE ( 'NONE', *, *, #1293, .F. ) ;
#1615 = VERTEX_POINT ( 'NONE', #1425 ) ;
#1616 = EDGE_CURVE ( 'NONE', #3166, #152, #1192, .T. ) ;
#1617 = CARTESIAN_POINT ( 'NONE',  ( 8.220000000000061000, -3.500000000000000000, -8.519999999999942700 ) ) ;
#1618 = VECTOR ( 'NONE', #1657, 1000.000000000000000 ) ;
#1619 = EDGE_LOOP ( 'NONE', ( #3481, #1254, #3565, #2923 ) ) ;
#1620 = CIRCLE ( 'NONE', #1545, 0.2999999999999999300 ) ;
#1621 = CARTESIAN_POINT ( 'NONE',  ( 10.15000000000000200, 3.469446951953614200E-015, 0.6500000000000707400 ) ) ;
#1622 = CARTESIAN_POINT ( 'NONE',  ( -10.14999999999995800, 3.345122836250026700E-015, -6.250000000000067500 ) ) ;
#1623 = FACE_OUTER_BOUND ( 'NONE', #2443, .T. ) ;
#1624 = DIRECTION ( 'NONE',  ( -1.000000000000000000, 0.0000000000000000000, -5.782411586589358000E-015 ) ) ;
#1625 = DIRECTION ( 'NONE',  ( 0.02617694830787297900, -0.9996573249755572600, 3.533010577372067800E-016 ) ) ;
#1626 = CYLINDRICAL_SURFACE ( 'NONE', #1889, 0.2999999999999999300 ) ;
#1627 = COLOUR_RGB ( '',0.7921568627450980000, 0.8196078431372548800, 0.9333333333333333500 ) ;
#1628 =( BOUNDED_SURFACE ( )  B_SPLINE_SURFACE ( 3, 3, ( 
 ( #702, #967, #2862, #1493 ),
 ( #2607, #684, #3176, #2896 ),
 ( #2286, #669, #1188, #2880 ),
 ( #3450, #1738, #411, #1767 ) ),
 .UNSPECIFIED., .F., .F., .T. ) 
 B_SPLINE_SURFACE_WITH_KNOTS ( ( 4, 4 ),
 ( 4, 4 ),
 ( 0.0000000000000000000, 1.000000000000000000 ),
 ( 0.0000000000000000000, 1.000000000000000000 ),
 .UNSPECIFIED. ) 
 GEOMETRIC_REPRESENTATION_ITEM ( )  RATIONAL_B_SPLINE_SURFACE ( (
 ( 1.000000000000000000, 0.8087072059018699500, 0.8087072059018699500, 1.000000000000000000),
 ( 0.8087072059023344700, 0.6540073448779851800, 0.6540073448779851800, 0.8087072059023344700),
 ( 0.8087072059023344700, 0.6540073448779851800, 0.6540073448779851800, 0.8087072059023344700),
 ( 1.000000000000000000, 0.8087072059018699500, 0.8087072059018699500, 1.000000000000000000) ) ) 
 REPRESENTATION_ITEM ( '' )  SURFACE ( )  );
#1629 = AXIS2_PLACEMENT_3D ( 'NONE', #3155, #1175, #2851 ) ;
#1630 = CARTESIAN_POINT ( 'NONE',  ( -7.620000000000080900, -3.799999999999999800, 11.49999999999994800 ) ) ;
#1631 = FACE_OUTER_BOUND ( 'NONE', #2289, .T. ) ;
#1632 = EDGE_CURVE ( 'NONE', #2087, #657, #2387, .T. ) ;
#1633 = ORIENTED_EDGE ( 'NONE', *, *, #1101, .T. ) ;
#1634 = AXIS2_PLACEMENT_3D ( 'NONE', #1037, #186, #762 ) ;
#1635 = CARTESIAN_POINT ( 'NONE',  ( -9.783503977861887100, 10.17576342253238900, -6.835178648246011100E-014 ) ) ;
#1636 = EDGE_CURVE ( 'NONE', #3270, #537, #479, .T. ) ;
#1637 = PLANE ( 'NONE',  #2638 ) ;
#1638 = PLANE ( 'NONE',  #1246 ) ;
#1639 = ORIENTED_EDGE ( 'NONE', *, *, #2363, .T. ) ;
#1640 = DIRECTION ( 'NONE',  ( -1.000000000000000000, 0.0000000000000000000, -5.782411586589375400E-015 ) ) ;
#1641 = CARTESIAN_POINT ( 'NONE',  ( -9.803664484062002400, 10.20000000000061400, 15.55366448406239000 ) ) ;
#1642 = CARTESIAN_POINT ( 'NONE',  ( 9.888003690805051700, 10.00523538966157500, 2.950000000000068600 ) ) ;
#1643 = ORIENTED_EDGE ( 'NONE', *, *, #1225, .T. ) ;
#1644 = PLANE ( 'NONE',  #2973 ) ;
#1645 = PLANE ( 'NONE',  #782 ) ;
#1646 = VERTEX_POINT ( 'NONE', #2274 ) ;
#1647 = VECTOR ( 'NONE', #365, 1000.000000000000000 ) ;
#1648 = ORIENTED_EDGE ( 'NONE', *, *, #1018, .F. ) ;
#1649 = CARTESIAN_POINT ( 'NONE',  ( -7.019999999999918700, -4.700000000000004600, -11.06000000000005600 ) ) ;
#1650 = VECTOR ( 'NONE', #655, 1000.000000000000000 ) ;
#1651 = ORIENTED_EDGE ( 'NONE', *, *, #406, .F. ) ;
#1652 = ORIENTED_EDGE ( 'NONE', *, *, #548, .F. ) ;
#1653 = AXIS2_PLACEMENT_3D ( 'NONE', #145, #3463, #2882 ) ;
#1654 = VECTOR ( 'NONE', #2953, 1000.000000000000200 ) ;
#1655 = EDGE_CURVE ( 'NONE', #520, #193, #210, .T. ) ;
#1656 = EDGE_CURVE ( 'NONE', #1605, #3150, #687, .T. ) ;
#1657 = DIRECTION ( 'NONE',  ( -6.986432124638220300E-015, 0.0000000000000000000, 1.000000000000000000 ) ) ;
#1658 = SURFACE_STYLE_USAGE ( .BOTH. , #38 ) ;
#1659 = DIRECTION ( 'NONE',  ( -6.984312113870967800E-015, -8.095994489448964300E-017, 1.000000000000000000 ) ) ;
#1660 = EDGE_CURVE ( 'NONE', #2547, #569, #1104, .T. ) ;
#1661 = CARTESIAN_POINT ( 'NONE',  ( -10.04996572075092200, 3.469446951953614200E-015, -7.021340336296714300E-014 ) ) ;
#1662 = VECTOR ( 'NONE', #3110, 1000.000000000000000 ) ;
#1663 = CARTESIAN_POINT ( 'NONE',  ( -8.219999999999926000, -4.700000000000008200, -11.06000000000006100 ) ) ;
#1664 = DIRECTION ( 'NONE',  ( -6.895643712705890200E-015, -2.377378234251031000E-018, 1.000000000000000000 ) ) ;
#1665 = LINE ( 'NONE', #2760, #1750 ) ;
#1666 =( NAMED_UNIT ( * ) SI_UNIT ( $, .STERADIAN. ) SOLID_ANGLE_UNIT ( ) );
#1667 = LINE ( 'NONE', #1124, #2475 ) ;
#1668 = CARTESIAN_POINT ( 'NONE',  ( 9.606709346345132500, 16.92727801214174100, 2.950000000000068600 ) ) ;
#1669 = EDGE_LOOP ( 'NONE', ( #2406, #1349, #64, #2602 ) ) ;
#1670 = VECTOR ( 'NONE', #2539, 1000.000000000000000 ) ;
#1671 = LINE ( 'NONE', #1400, #2720 ) ;
#1672 = CARTESIAN_POINT ( 'NONE',  ( 9.805850514224912800, 10.07075504597706200, 15.63608879322927500 ) ) ;
#1673 = CARTESIAN_POINT ( 'NONE',  ( -9.691454028963383000, 10.00005719932165100, 15.63804362410391500 ) ) ;
#1674 = VERTEX_POINT ( 'NONE', #104 ) ;
#1675 = CARTESIAN_POINT ( 'NONE',  ( -7.919999999999920000, 0.0000000000000000000, -11.36000000000005800 ) ) ;
#1676 = CARTESIAN_POINT ( 'NONE',  ( 9.783503977861887100, 10.17576342253238900, 6.835178648246011100E-014 ) ) ;
#1677 = EDGE_CURVE ( 'NONE', #1505, #3361, #3551, .T. ) ;
#1678 = DIRECTION ( 'NONE',  ( 1.000000000000000000, 6.865438195700476500E-034, 6.990672146172726200E-015 ) ) ;
#1679 = EDGE_LOOP ( 'NONE', ( #3239, #3100 ) ) ;
#1680 = ADVANCED_FACE ( 'NONE', ( #2214 ), #3388, .T. ) ;
#1681 = AXIS2_PLACEMENT_3D ( 'NONE', #2696, #2196, #3248 ) ;
#1682 = DIRECTION ( 'NONE',  ( -1.000000000000000000, -0.0000000000000000000, -7.157340841483226000E-015 ) ) ;
#1683 = ORIENTED_EDGE ( 'NONE', *, *, #429, .F. ) ;
#1684 = CARTESIAN_POINT ( 'NONE',  ( 7.020000000000074200, -4.700000000000008200, -11.05999999999994900 ) ) ;
#1685 = SURFACE_STYLE_USAGE ( .BOTH. , #1938 ) ;
#1686 = ORIENTED_EDGE ( 'NONE', *, *, #1908, .T. ) ;
#1687 = CYLINDRICAL_SURFACE ( 'NONE', #3576, 0.2999999999999990500 ) ;
#1688 = EDGE_LOOP ( 'NONE', ( #2899, #1708, #272, #70 ) ) ;
#1689 =( BOUNDED_CURVE ( )  B_SPLINE_CURVE ( 3, ( #405, #659, #2260, #129 ),
 .UNSPECIFIED., .F., .F. ) 
 B_SPLINE_CURVE_WITH_KNOTS ( ( 4, 4 ),
 ( 5.498129760120321800, 7.068240854238864800 ),
 .UNSPECIFIED. ) 
 CURVE ( )  GEOMETRIC_REPRESENTATION_ITEM ( )  RATIONAL_B_SPLINE_CURVE ( ( 1.000000000000000000, 0.8048993373437838300, 0.8048993373437838300, 1.000000000000000000 ) ) 
 REPRESENTATION_ITEM ( '' )  );
#1690 = DIRECTION ( 'NONE',  ( 6.988552135405472900E-015, 8.095994489448964300E-017, -1.000000000000000000 ) ) ;
#1691 = ORIENTED_EDGE ( 'NONE', *, *, #237, .F. ) ;
#1692 = VECTOR ( 'NONE', #1503, 1000.000000000000200 ) ;
#1693 = ORIENTED_EDGE ( 'NONE', *, *, #2453, .T. ) ;
#1694 = EDGE_LOOP ( 'NONE', ( #1180, #3258, #1994, #1353 ) ) ;
#1695 = DIRECTION ( 'NONE',  ( -0.02617694830787316600, -0.9996573249755572600, -1.828834725831191800E-016 ) ) ;
#1696 = AXIS2_PLACEMENT_3D ( 'NONE', #3201, #3476, #2048 ) ;
#1697 = LINE ( 'NONE', #1341, #1533 ) ;
#1698 = ORIENTED_EDGE ( 'NONE', *, *, #2778, .F. ) ;
#1699 =( LENGTH_UNIT ( ) NAMED_UNIT ( * ) SI_UNIT ( .MILLI., .METRE. ) );
#1700 = DIRECTION ( 'NONE',  ( -0.02617694830787320500, 0.9996573249755572600, -1.828834725831194600E-016 ) ) ;
#1701 = FACE_OUTER_BOUND ( 'NONE', #788, .T. ) ;
#1702 = AXIS2_PLACEMENT_3D ( 'NONE', #3260, #1055, #1854 ) ;
#1703 = EDGE_CURVE ( 'NONE', #700, #3405, #2804, .T. ) ;
#1704 = DIRECTION ( 'NONE',  ( 0.0000000000000000000, -1.000000000000000000, 0.0000000000000000000 ) ) ;
#1705 = DIRECTION ( 'NONE',  ( 1.000000000000000000, -6.865438195700476500E-034, 6.990672146172726200E-015 ) ) ;
#1706 = DIRECTION ( 'NONE',  ( 1.000000000000000000, 0.0000000000000000000, 6.986432124638220300E-015 ) ) ;
#1707 = VECTOR ( 'NONE', #889, 1000.000000000000100 ) ;
#1708 = ORIENTED_EDGE ( 'NONE', *, *, #3137, .F. ) ;
#1709 = DIRECTION ( 'NONE',  ( -1.000000000000000000, 0.0000000000000000000, -1.156482317317871600E-014 ) ) ;
#1710 = CIRCLE ( 'NONE', #3018, 0.2000000000000005100 ) ;
#1711 = VECTOR ( 'NONE', #3233, 1000.000000000000200 ) ;
#1712 = CARTESIAN_POINT ( 'NONE',  ( 7.620000000000079200, -3.500000000000000000, -11.35999999999994800 ) ) ;
#1713 = DIRECTION ( 'NONE',  ( -1.000000000000000000, 0.0000000000000000000, -5.782411586589358000E-015 ) ) ;
#1714 = VECTOR ( 'NONE', #2242, 1000.000000000000200 ) ;
#1715 = CARTESIAN_POINT ( 'NONE',  ( 9.606709346345109400, 3.469446951953614200E-015, 6.250000000000066600 ) ) ;
#1716 = CARTESIAN_POINT ( 'NONE',  ( 9.688072225809977000, 9.999999999999998200, -2.949999999999933100 ) ) ;
#1717 = VERTEX_POINT ( 'NONE', #154 ) ;
#1718 = ADVANCED_FACE ( 'NONE', ( #1407 ), #1475, .F. ) ;
#1719 = AXIS2_PLACEMENT_3D ( 'NONE', #2961, #3219, #483 ) ;
#1720 = CARTESIAN_POINT ( 'NONE',  ( 9.888003690805113900, 10.00523538966157500, -5.249999999999930700 ) ) ;
#1721 = DIRECTION ( 'NONE',  ( 0.02617694830787323900, -0.9996573249755572600, 1.828834725831197000E-016 ) ) ;
#1722 = EDGE_CURVE ( 'NONE', #1160, #2702, #3378, .T. ) ;
#1723 = EDGE_CURVE ( 'NONE', #2211, #323, #731, .T. ) ;
#1724 = EDGE_LOOP ( 'NONE', ( #1390, #3496, #1651, #754 ) ) ;
#1725 = EDGE_CURVE ( 'NONE', #2538, #520, #1803, .T. ) ;
#1726 = PLANE ( 'NONE',  #2808 ) ;
#1727 = ORIENTED_EDGE ( 'NONE', *, *, #101, .T. ) ;
#1728 = VERTEX_POINT ( 'NONE', #983 ) ;
#1729 = DIRECTION ( 'NONE',  ( 6.986432124638220300E-015, -0.0000000000000000000, -1.000000000000000000 ) ) ;
#1730 = DIRECTION ( 'NONE',  ( -0.9996573249755573700, -0.02617694830787324300, -6.984038048839142400E-015 ) ) ;
#1731 = FACE_OUTER_BOUND ( 'NONE', #3228, .T. ) ;
#1732 = ORIENTED_EDGE ( 'NONE', *, *, #2845, .F. ) ;
#1733 = VECTOR ( 'NONE', #2818, 1000.000000000000000 ) ;
#1734 = DIRECTION ( 'NONE',  ( 1.000000000000000000, 0.0000000000000000000, 6.986432124638250300E-015 ) ) ;
#1735 = VERTEX_POINT ( 'NONE', #171 ) ;
#1736 = ORIENTED_EDGE ( 'NONE', *, *, #1932, .F. ) ;
#1737 = ADVANCED_FACE ( 'NONE', ( #2059 ), #3218, .F. ) ;
#1738 = CARTESIAN_POINT ( 'NONE',  ( -9.690027056684620300, 10.00338228684918800, -15.63804362410405700 ) ) ;
#1739 = CIRCLE ( 'NONE', #1719, 0.2000000000000005100 ) ;
#1740 = AXIS2_PLACEMENT_3D ( 'NONE', #718, #397, #2299 ) ;
#1741 = CARTESIAN_POINT ( 'NONE',  ( 9.886088793229303600, 10.11895801442447300, -15.43807222580988600 ) ) ;
#1742 = ORIENTED_EDGE ( 'NONE', *, *, #1773, .T. ) ;
#1743 = DIRECTION ( 'NONE',  ( 1.131242319639605000E-030, -1.000000000000000000, -1.619198897889792900E-016 ) ) ;
#1744 = EDGE_CURVE ( 'NONE', #2550, #2819, #2100, .T. ) ;
#1745 = CARTESIAN_POINT ( 'NONE',  ( 10.04996572075092200, 3.523657060577889400E-015, 6.975265217241057000E-014 ) ) ;
#1746 = CARTESIAN_POINT ( 'NONE',  ( -10.04996572075096500, 3.469446951953614200E-015, 6.249999999999930700 ) ) ;
#1747 = FACE_OUTER_BOUND ( 'NONE', #1942, .T. ) ;
#1748 = PLANE ( 'NONE',  #3213 ) ;
#1749 = AXIS2_PLACEMENT_3D ( 'NONE', #3182, #122, #1213 ) ;
#1750 = VECTOR ( 'NONE', #384, 1000.000000000000100 ) ;
#1751 = CARTESIAN_POINT ( 'NONE',  ( 10.15000000000011200, 0.0000000000000000000, -15.89999999999993500 ) ) ;
#1752 = ORIENTED_EDGE ( 'NONE', *, *, #1856, .T. ) ;
#1753 = DIRECTION ( 'NONE',  ( 1.000000000000000000, 0.0000000000000000000, 8.673617379884013400E-015 ) ) ;
#1754 = CARTESIAN_POINT ( 'NONE',  ( 10.14999999999999000, 0.0000000000000000000, 1.650000000000076500 ) ) ;
#1755 = LINE ( 'NONE', #1764, #2390 ) ;
#1756 = ORIENTED_EDGE ( 'NONE', *, *, #2685, .T. ) ;
#1757 = FACE_OUTER_BOUND ( 'NONE', #1051, .T. ) ;
#1758 = PLANE ( 'NONE',  #845 ) ;
#1759 = VECTOR ( 'NONE', #1446, 1000.000000000000000 ) ;
#1760 = ADVANCED_FACE ( 'NONE', ( #3069 ), #1784, .T. ) ;
#1761 = CARTESIAN_POINT ( 'NONE',  ( 10.15000000000011200, 3.283241423040816800E-015, -15.89999999999993500 ) ) ;
#1762 = EDGE_LOOP ( 'NONE', ( #3329, #1237, #2417, #3083, #2121, #314, #2836, #2108, #928, #1498, #2198, #912, #2698, #3059, #1556, #141, #1534, #2787, #413, #2021, #2397, #1939, #2215, #3009, #466, #2352, #1913, #150, #2611, #568, #2650, #1052, #3404, #2126, #1949, #60, #2458, #5, #1428, #1131, #500, #33, #3413, #1231, #1388, #1515, #2228, #490, #2972, #1976, #1191, #2129, #1430, #2615, #3052, #3278, #868, #2676, #459, #2971, #1009, #2828, #1732, #3004, #1574, #2883, #3145, #424, #1698, #865, #3437, #2695 ) ) ;
#1763 = DIRECTION ( 'NONE',  ( -1.000000000000000000, 0.0000000000000000000, -6.986432124638250300E-015 ) ) ;
#1764 = CARTESIAN_POINT ( 'NONE',  ( 10.15000000000011200, 3.283241423040816800E-015, -15.89999999999993500 ) ) ;
#1765 = ORIENTED_EDGE ( 'NONE', *, *, #190, .F. ) ;
#1766 = DIRECTION ( 'NONE',  ( 6.986432124638220300E-015, -0.0000000000000000000, -1.000000000000000000 ) ) ;
#1767 = CARTESIAN_POINT ( 'NONE',  ( -9.691454028963164500, 10.00005719932164900, -15.63804362410405700 ) ) ;
#1768 = PLANE ( 'NONE',  #2499 ) ;
#1769 = MECHANICAL_DESIGN_GEOMETRIC_PRESENTATION_REPRESENTATION (  '', ( #1220 ), #2136 ) ;
#1770 = AXIS2_PLACEMENT_3D ( 'NONE', #3331, #2799, #3079 ) ;
#1771 = CARTESIAN_POINT ( 'NONE',  ( 9.888003690804961100, 10.00523538966157500, 15.43807222581004100 ) ) ;
#1772 = EDGE_CURVE ( 'NONE', #1179, #2737, #1324, .T. ) ;
#1773 = EDGE_CURVE ( 'NONE', #2408, #236, #3464, .T. ) ;
#1774 = DIRECTION ( 'NONE',  ( -1.000000000000000000, 0.0000000000000000000, -1.156482317317875100E-014 ) ) ;
#1775 = ORIENTED_EDGE ( 'NONE', *, *, #2823, .F. ) ;
#1776 = ORIENTED_EDGE ( 'NONE', *, *, #2098, .T. ) ;
#1777 = ORIENTED_EDGE ( 'NONE', *, *, #2585, .T. ) ;
#1778 = PLANE ( 'NONE',  #2993 ) ;
#1779 = CARTESIAN_POINT ( 'NONE',  ( 7.620000000000061400, -3.799999999999999800, -8.819999999999947000 ) ) ;
#1780 = EDGE_CURVE ( 'NONE', #197, #1197, #2763, .T. ) ;
#1781 = VERTEX_POINT ( 'NONE', #1531 ) ;
#1782 = ADVANCED_FACE ( 'NONE', ( #291 ), #941, .F. ) ;
#1783 = ORIENTED_EDGE ( 'NONE', *, *, #2850, .T. ) ;
#1784 = PLANE ( 'NONE',  #1740 ) ;
#1785 = ORIENTED_EDGE ( 'NONE', *, *, #3261, .F. ) ;
#1786 = CARTESIAN_POINT ( 'NONE',  ( 9.803664484060584900, 10.20000000000214500, -15.55366448406239500 ) ) ;
#1787 = ORIENTED_EDGE ( 'NONE', *, *, #2137, .F. ) ;
#1788 = VECTOR ( 'NONE', #3178, 1000.000000000000000 ) ;
#1789 = DIRECTION ( 'NONE',  ( -6.984312113870967800E-015, 8.095994489448964300E-017, 1.000000000000000000 ) ) ;
#1790 = ORIENTED_EDGE ( 'NONE', *, *, #1225, .F. ) ;
#1791 = ORIENTED_EDGE ( 'NONE', *, *, #231, .F. ) ;
#1792 = PLANE ( 'NONE',  #1702 ) ;
#1793 = VECTOR ( 'NONE', #3020, 1000.000000000000000 ) ;
#1794 = CARTESIAN_POINT ( 'NONE',  ( -7.619999999999921100, 0.0000000000000000000, -11.36000000000005600 ) ) ;
#1795 = ORIENTED_EDGE ( 'NONE', *, *, #1100, .F. ) ;
#1796 = EDGE_LOOP ( 'NONE', ( #1633, #162, #746, #343 ) ) ;
#1797 = DIRECTION ( 'NONE',  ( -1.000000000000000000, 0.0000000000000000000, -6.938893903907222100E-015 ) ) ;
#1798 = DIRECTION ( 'NONE',  ( 6.986432124638220300E-015, -0.0000000000000000000, -1.000000000000000000 ) ) ;
#1799 = VECTOR ( 'NONE', #1186, 1000.000000000000000 ) ;
#1800 = CARTESIAN_POINT ( 'NONE',  ( 9.606709346345095200, 3.469446951953614200E-015, 8.550000000000066400 ) ) ;
#1801 = DIRECTION ( 'NONE',  ( 0.9996573249755573700, 0.02617694830787320800, 6.984038048839142400E-015 ) ) ;
#1802 = CARTESIAN_POINT ( 'NONE',  ( 9.691454028963386600, 10.00005719932164700, -15.63804362410392200 ) ) ;
#1803 = LINE ( 'NONE', #447, #3334 ) ;
#1804 = CARTESIAN_POINT ( 'NONE',  ( 10.15000000000011200, 3.283241423040816800E-015, -15.89999999999993500 ) ) ;
#1805 = EDGE_CURVE ( 'NONE', #1940, #3371, #2628, .T. ) ;
#1806 = ADVANCED_FACE ( 'NONE', ( #1364 ), #477, .T. ) ;
#1807 = CIRCLE ( 'NONE', #675, 0.2999999999999990500 ) ;
#1808 = FACE_OUTER_BOUND ( 'NONE', #3303, .T. ) ;
#1809 = CARTESIAN_POINT ( 'NONE',  ( 7.619999999999919300, 0.0000000000000000000, 11.50000000000005500 ) ) ;
#1810 = CARTESIAN_POINT ( 'NONE',  ( -9.888003690805067700, 10.00523538966157500, -0.6500000000000685200 ) ) ;
#1811 = VECTOR ( 'NONE', #2042, 1000.000000000000100 ) ;
#1812 = CARTESIAN_POINT ( 'NONE',  ( -8.220000000000080600, -3.500000000000000000, 11.79999999999994000 ) ) ;
#1813 = DIRECTION ( 'NONE',  ( 6.986432124638220300E-015, -0.0000000000000000000, -1.000000000000000000 ) ) ;
#1814 = CIRCLE ( 'NONE', #3143, 0.2000000000000005100 ) ;
#1815 = CARTESIAN_POINT ( 'NONE',  ( 10.04996572075086000, 3.472834715937421600E-015, 8.550000000000070000 ) ) ;
#1816 = CARTESIAN_POINT ( 'NONE',  ( -9.783503977861837300, 10.17576342253238400, -7.550000000000071800 ) ) ;
#1817 = VERTEX_POINT ( 'NONE', #2626 ) ;
#1818 = CARTESIAN_POINT ( 'NONE',  ( -7.889999999999903800, 10.10000000000000000, -13.64000000000005900 ) ) ;
#1819 = CARTESIAN_POINT ( 'NONE',  ( -7.620000000000080900, -3.500000000000000000, 11.49999999999994800 ) ) ;
#1820 = DIRECTION ( 'NONE',  ( 6.988684636078426300E-015, 8.601994145039524900E-017, -1.000000000000000000 ) ) ;
#1821 = ORIENTED_EDGE ( 'NONE', *, *, #2735, .F. ) ;
#1822 = EDGE_CURVE ( 'NONE', #2206, #3010, #1149, .T. ) ;
#1823 = EDGE_LOOP ( 'NONE', ( #2568, #1839, #2744, #3132 ) ) ;
#1824 = DIRECTION ( 'NONE',  ( -0.9996573249755573700, -0.02617694830787317000, -6.938628282080044000E-015 ) ) ;
#1825 = AXIS2_PLACEMENT_3D ( 'NONE', #2793, #1385, #36 ) ;
#1826 = AXIS2_PLACEMENT_3D ( 'NONE', #2950, #491, #3226 ) ;
#1827 = DIRECTION ( 'NONE',  ( -0.02616798426497959600, 0.9993150019883697600, 0.02616798426497940500 ) ) ;
#1828 = LINE ( 'NONE', #3531, #265 ) ;
#1829 = ORIENTED_EDGE ( 'NONE', *, *, #177, .T. ) ;
#1830 = AXIS2_PLACEMENT_3D ( 'NONE', #3394, #2570, #1709 ) ;
#1831 = ORIENTED_EDGE ( 'NONE', *, *, #3489, .F. ) ;
#1832 = ORIENTED_EDGE ( 'NONE', *, *, #1550, .F. ) ;
#1833 = VECTOR ( 'NONE', #3125, 1000.000000000000000 ) ;
#1834 = CARTESIAN_POINT ( 'NONE',  ( 10.04307915638186400, 0.2629872831021538000, 7.550000000000074400 ) ) ;
#1835 = ORIENTED_EDGE ( 'NONE', *, *, #1908, .F. ) ;
#1836 = CARTESIAN_POINT ( 'NONE',  ( 10.04996572075089400, 3.487516988161705700E-015, 3.950000000000069900 ) ) ;
#1837 = DIRECTION ( 'NONE',  ( -1.000000000000000000, 0.0000000000000000000, -8.673617379884037000E-015 ) ) ;
#1838 = LINE ( 'NONE', #398, #1090 ) ;
#1839 = ORIENTED_EDGE ( 'NONE', *, *, #2402, .F. ) ;
#1840 = ORIENTED_EDGE ( 'NONE', *, *, #618, .T. ) ;
#1841 = DIRECTION ( 'NONE',  ( 1.828834725831194600E-016, -0.9996573249755572600, -0.02617694830787320500 ) ) ;
#1842 = DIRECTION ( 'NONE',  ( -6.986432124638220300E-015, 0.0000000000000000000, 1.000000000000000000 ) ) ;
#1843 = CARTESIAN_POINT ( 'NONE',  ( 9.688072225809955600, 10.19999999999999900, 6.768505902421399000E-014 ) ) ;
#1844 = CARTESIAN_POINT ( 'NONE',  ( 9.783503977861887100, 10.17576342253238900, 6.927328886357325800E-014 ) ) ;
#1845 = DIRECTION ( 'NONE',  ( -1.000000000000000000, 0.0000000000000000000, -5.782411586589375400E-015 ) ) ;
#1846 = APPLICATION_CONTEXT ( 'automotive_design' ) ;
#1847 = ORIENTED_EDGE ( 'NONE', *, *, #1965, .T. ) ;
#1848 = VECTOR ( 'NONE', #3224, 1000.000000000000100 ) ;
#1849 = CARTESIAN_POINT ( 'NONE',  ( -9.888003690805025100, 10.00523538966157500, -7.550000000000070000 ) ) ;
#1850 = LINE ( 'NONE', #286, #1586 ) ;
#1851 = EDGE_CURVE ( 'NONE', #374, #2331, #205, .T. ) ;
#1852 = EDGE_CURVE ( 'NONE', #2594, #2502, #848, .T. ) ;
#1853 = LINE ( 'NONE', #733, #2768 ) ;
#1854 = DIRECTION ( 'NONE',  ( 1.131242319639605000E-030, 1.000000000000000000, -1.619198897889792900E-016 ) ) ;
#1855 = VECTOR ( 'NONE', #2075, 1000.000000000000000 ) ;
#1856 = EDGE_CURVE ( 'NONE', #2414, #564, #1284, .T. ) ;
#1857 = DIRECTION ( 'NONE',  ( 7.077220536570550400E-015, 2.377378234251031000E-018, -1.000000000000000000 ) ) ;
#1858 = ORIENTED_EDGE ( 'NONE', *, *, #1744, .T. ) ;
#1859 = CARTESIAN_POINT ( 'NONE',  ( -8.220000000000075200, -4.699999999999990400, 11.19999999999994200 ) ) ;
#1860 = FILL_AREA_STYLE_COLOUR ( '', #1171 ) ;
#1861 = VERTEX_POINT ( 'NONE', #739 ) ;
#1862 = CARTESIAN_POINT ( 'NONE',  ( 7.620000000000059600, -3.500000000000000000, -8.519999999999944500 ) ) ;
#1863 = DIRECTION ( 'NONE',  ( 6.986432124638220300E-015, -0.0000000000000000000, -1.000000000000000000 ) ) ;
#1864 = DIRECTION ( 'NONE',  ( -1.000000000000000000, 0.0000000000000000000, -5.782411586589358000E-015 ) ) ;
#1865 = EDGE_LOOP ( 'NONE', ( #2224, #2254, #423, #1643 ) ) ;
#1866 = AXIS2_PLACEMENT_3D ( 'NONE', #1281, #2379, #458 ) ;
#1867 = EDGE_CURVE ( 'NONE', #1035, #3280, #3427, .T. ) ;
#1868 = VERTEX_POINT ( 'NONE', #2708 ) ;
#1869 = ORIENTED_EDGE ( 'NONE', *, *, #3352, .T. ) ;
#1870 = CARTESIAN_POINT ( 'NONE',  ( 7.920000000000062100, 0.0000000000000000000, -8.819999999999945200 ) ) ;
#1871 = ORIENTED_EDGE ( 'NONE', *, *, #333, .T. ) ;
#1872 = DIRECTION ( 'NONE',  ( -6.941037918672055300E-015, 1.188689117125517600E-018, 1.000000000000000000 ) ) ;
#1873 = FACE_OUTER_BOUND ( 'NONE', #275, .T. ) ;
#1874 = ORIENTED_EDGE ( 'NONE', *, *, #1468, .F. ) ;
#1875 = ORIENTED_EDGE ( 'NONE', *, *, #1045, .F. ) ;
#1876 = CARTESIAN_POINT ( 'NONE',  ( 7.619999999999952100, -3.500000000000000000, 6.720000000000055700 ) ) ;
#1877 = VECTOR ( 'NONE', #3566, 1000.000000000000100 ) ;
#1878 = ORIENTED_EDGE ( 'NONE', *, *, #2512, .F. ) ;
#1879 = ORIENTED_EDGE ( 'NONE', *, *, #2388, .T. ) ;
#1880 = CARTESIAN_POINT ( 'NONE',  ( 7.619999999999919300, 0.0000000000000000000, 11.50000000000005500 ) ) ;
#1881 = CARTESIAN_POINT ( 'NONE',  ( 9.606709346345182300, 16.92727801214174500, -3.949999999999935300 ) ) ;
#1882 = CIRCLE ( 'NONE', #1866, 0.2000000000000008400 ) ;
#1883 = AXIS2_PLACEMENT_3D ( 'NONE', #3440, #2940, #134 ) ;
#1884 = DIRECTION ( 'NONE',  ( -1.000000000000000000, 0.0000000000000000000, -5.782411586589375400E-015 ) ) ;
#1885 = FACE_OUTER_BOUND ( 'NONE', #106, .T. ) ;
#1886 = PLANE ( 'NONE',  #1611 ) ;
#1887 = LINE ( 'NONE', #2386, #2434 ) ;
#1888 = LINE ( 'NONE', #1193, #2176 ) ;
#1889 = AXIS2_PLACEMENT_3D ( 'NONE', #3249, #829, #3044 ) ;
#1890 = AXIS2_PLACEMENT_3D ( 'NONE', #22, #2780, #1113 ) ;
#1891 = DIRECTION ( 'NONE',  ( 0.9996573249755573700, 0.02617694830787320800, 6.984038048839142400E-015 ) ) ;
#1892 = DIRECTION ( 'NONE',  ( -1.000000000000000000, 1.937609022028747300E-034, -6.988684636078426300E-015 ) ) ;
#1893 = EDGE_CURVE ( 'NONE', #495, #1307, #544, .T. ) ;
#1894 =( NAMED_UNIT ( * ) PLANE_ANGLE_UNIT ( ) SI_UNIT ( $, .RADIAN. ) );
#1895 = VERTEX_POINT ( 'NONE', #2960 ) ;
#1896 = PLANE ( 'NONE',  #2154 ) ;
#1897 = CARTESIAN_POINT ( 'NONE',  ( -9.783503977861826700, 10.17576342253238400, -8.550000000000068200 ) ) ;
#1898 = PLANE ( 'NONE',  #895 ) ;
#1899 = PLANE ( 'NONE',  #652 ) ;
#1900 = PRODUCT ( 'PXC-M10-24WD05', 'PXC-M10-24WD05', '', ( #1004 ) ) ;
#1901 = ORIENTED_EDGE ( 'NONE', *, *, #2207, .T. ) ;
#1902 = DIRECTION ( 'NONE',  ( 6.009724823085401700E-031, 1.000000000000000000, -8.601994145039524900E-017 ) ) ;
#1903 = VERTEX_POINT ( 'NONE', #3497 ) ;
#1904 = VERTEX_POINT ( 'NONE', #2656 ) ;
#1905 = LINE ( 'NONE', #2262, #2197 ) ;
#1906 = ORIENTED_EDGE ( 'NONE', *, *, #253, .T. ) ;
#1907 = VERTEX_POINT ( 'NONE', #1002 ) ;
#1908 = EDGE_CURVE ( 'NONE', #2239, #2408, #1882, .T. ) ;
#1909 = EDGE_CURVE ( 'NONE', #1040, #1895, #2573, .T. ) ;
#1910 = CARTESIAN_POINT ( 'NONE',  ( -9.888003690805096100, 10.00523538966157500, 3.949999999999934500 ) ) ;
#1911 = LINE ( 'NONE', #263, #620 ) ;
#1912 = VERTEX_POINT ( 'NONE', #1836 ) ;
#1913 = ORIENTED_EDGE ( 'NONE', *, *, #1999, .F. ) ;
#1914 = CARTESIAN_POINT ( 'NONE',  ( 10.04996572075087800, 3.469446951953614200E-015, 6.250000000000071100 ) ) ;
#1915 = CIRCLE ( 'NONE', #2381, 0.2000000000000005100 ) ;
#1916 = FACE_OUTER_BOUND ( 'NONE', #877, .T. ) ;
#1917 = VECTOR ( 'NONE', #1133, 1000.000000000000200 ) ;
#1918 =( LENGTH_UNIT ( ) NAMED_UNIT ( * ) SI_UNIT ( .MILLI., .METRE. ) );
#1919 = FILL_AREA_STYLE_COLOUR ( '', #2174 ) ;
#1920 = FACE_OUTER_BOUND ( 'NONE', #1380, .T. ) ;
#1921 = FACE_OUTER_BOUND ( 'NONE', #2238, .T. ) ;
#1922 = PRESENTATION_LAYER_ASSIGNMENT (  '', '', ( #944 ) ) ;
#1923 = CARTESIAN_POINT ( 'NONE',  ( -8.219999999999920700, -4.700000000000005500, -11.66000000000006400 ) ) ;
#1924 = CARTESIAN_POINT ( 'NONE',  ( 7.620000000000076500, -3.500000000000001800, -11.05999999999994500 ) ) ;
#1925 = CIRCLE ( 'NONE', #358, 0.2000000000000005100 ) ;
#1926 = EDGE_CURVE ( 'NONE', #3217, #610, #2571, .T. ) ;
#1927 = PLANE ( 'NONE',  #724 ) ;
#1928 = ORIENTED_EDGE ( 'NONE', *, *, #3302, .T. ) ;
#1929 = PRODUCT_DEFINITION ( 'UNKNOWN', '', #2957, #3307 ) ;
#1930 = DIRECTION ( 'NONE',  ( -0.02617694830787320500, 0.9996573249755572600, -1.828834725831194600E-016 ) ) ;
#1931 = CARTESIAN_POINT ( 'NONE',  ( 9.783503977861844400, 10.17576342253238800, 6.250000000000070200 ) ) ;
#1932 = EDGE_CURVE ( 'NONE', #2510, #1904, #3246, .T. ) ;
#1933 = EDGE_LOOP ( 'NONE', ( #1047, #1648, #624, #2605 ) ) ;
#1934 = DIRECTION ( 'NONE',  ( -0.02617694830787320500, -0.9996573249755572600, -1.828834725831194600E-016 ) ) ;
#1935 = CARTESIAN_POINT ( 'NONE',  ( -10.04307915638192100, 0.2629872831021530800, 0.6499999999999300800 ) ) ;
#1936 = ORIENTED_EDGE ( 'NONE', *, *, #3301, .F. ) ;
#1937 = VERTEX_POINT ( 'NONE', #1086 ) ;
#1938 = SURFACE_SIDE_STYLE ('',( #392 ) ) ;
#1939 = ORIENTED_EDGE ( 'NONE', *, *, #3306, .F. ) ;
#1940 = VERTEX_POINT ( 'NONE', #3253 ) ;
#1941 = DIRECTION ( 'NONE',  ( -0.02617694830787320500, 0.9996573249755572600, -1.828834725831194600E-016 ) ) ;
#1942 = EDGE_LOOP ( 'NONE', ( #2999, #1278, #3002, #2552 ) ) ;
#1943 = DIRECTION ( 'NONE',  ( -5.656211598198025200E-031, 1.000000000000000000, 8.095994489448964300E-017 ) ) ;
#1944 = CARTESIAN_POINT ( 'NONE',  ( 9.756825353431674200, 10.11895801442279800, 15.63608879322927200 ) ) ;
#1945 = CARTESIAN_POINT ( 'NONE',  ( -9.688072225809433400, 10.11895801442277900, 15.63608879322913800 ) ) ;
#1946 = EDGE_LOOP ( 'NONE', ( #1426, #319, #1785, #882 ) ) ;
#1947 = ORIENTED_EDGE ( 'NONE', *, *, #1554, .F. ) ;
#1948 = AXIS2_PLACEMENT_3D ( 'NONE', #1668, #572, #3055 ) ;
#1949 = ORIENTED_EDGE ( 'NONE', *, *, #2670, .F. ) ;
#1950 = VERTEX_POINT ( 'NONE', #1622 ) ;
#1951 = LINE ( 'NONE', #2566, #1733 ) ;
#1952 = ORIENTED_EDGE ( 'NONE', *, *, #1926, .T. ) ;
#1953 = ORIENTED_EDGE ( 'NONE', *, *, #2823, .T. ) ;
#1954 = DIRECTION ( 'NONE',  ( -6.986432124638220300E-015, 0.0000000000000000000, 1.000000000000000000 ) ) ;
#1955 = AXIS2_PLACEMENT_3D ( 'NONE', #710, #2915, #1479 ) ;
#1956 = LINE ( 'NONE', #188, #285 ) ;
#1957 = EDGE_CURVE ( 'NONE', #220, #1127, #633, .T. ) ;
#1958 = EDGE_CURVE ( 'NONE', #1717, #3200, #3506, .T. ) ;
#1959 = UNCERTAINTY_MEASURE_WITH_UNIT (LENGTH_MEASURE( 1.000000000000000100E-005 ), #1699, 'distance_accuracy_value', 'NONE');
#1960 = DIRECTION ( 'NONE',  ( 6.986432124638220300E-015, -0.0000000000000000000, -1.000000000000000000 ) ) ;
#1961 = DIRECTION ( 'NONE',  ( -0.02617694830787320500, -0.9996573249755572600, -1.828834725831194600E-016 ) ) ;
#1962 = CARTESIAN_POINT ( 'NONE',  ( -9.783503977861892400, 10.17576342253238800, 0.6499999999999320800 ) ) ;
#1963 = ORIENTED_EDGE ( 'NONE', *, *, #3492, .T. ) ;
#1964 = VECTOR ( 'NONE', #3181, 1000.000000000000000 ) ;
#1965 = EDGE_CURVE ( 'NONE', #115, #3505, #2887, .T. ) ;
#1966 = DIRECTION ( 'NONE',  ( -0.9996573249755573700, 0.02617694830787320800, -6.984038048839142400E-015 ) ) ;
#1967 = DIRECTION ( 'NONE',  ( 0.02617694830787306900, -0.9996573249755572600, 2.695445536087161000E-016 ) ) ;
#1968 = DIRECTION ( 'NONE',  ( 6.986432124638220300E-015, -0.0000000000000000000, -1.000000000000000000 ) ) ;
#1969 = CYLINDRICAL_SURFACE ( 'NONE', #1216, 0.2999999999999999300 ) ;
#1970 = ADVANCED_FACE ( 'NONE', ( #2008 ), #3434, .T. ) ;
#1971 = FACE_OUTER_BOUND ( 'NONE', #3188, .T. ) ;
#1972 = CARTESIAN_POINT ( 'NONE',  ( 9.606709346345125400, 3.469446951953614200E-015, 3.950000000000066300 ) ) ;
#1973 = CARTESIAN_POINT ( 'NONE',  ( 10.04996572075096500, 3.763520402604438500E-015, -6.249999999999930700 ) ) ;
#1974 = LINE ( 'NONE', #1843, #2810 ) ;
#1975 = LINE ( 'NONE', #2107, #2354 ) ;
#1976 = ORIENTED_EDGE ( 'NONE', *, *, #1404, .T. ) ;
#1977 = CARTESIAN_POINT ( 'NONE',  ( 9.888003690805179600, 10.00523538966157700, -15.89999999999993500 ) ) ;
#1978 = DIRECTION ( 'NONE',  ( 1.000000000000000000, 1.716359548925119300E-034, 6.984312113870967800E-015 ) ) ;
#1979 = EDGE_CURVE ( 'NONE', #1307, #3586, #2469, .T. ) ;
#1980 = EDGE_LOOP ( 'NONE', ( #836, #415, #1607, #416 ) ) ;
#1981 = ADVANCED_FACE ( 'NONE', ( #1747 ), #814, .T. ) ;
#1982 = DIRECTION ( 'NONE',  ( 1.000000000000000000, 0.0000000000000000000, 7.157340841483226000E-015 ) ) ;
#1983 = ORIENTED_EDGE ( 'NONE', *, *, #1958, .T. ) ;
#1984 = DIRECTION ( 'NONE',  ( -1.000000000000000000, 0.0000000000000000000, -6.986432124638220300E-015 ) ) ;
#1985 = FILL_AREA_STYLE ('',( #2848 ) ) ;
#1986 = ORIENTED_EDGE ( 'NONE', *, *, #1632, .T. ) ;
#1987 = DIRECTION ( 'NONE',  ( -0.9996573249755573700, 0.02617694830787320800, -6.984038048839142400E-015 ) ) ;
#1988 = CARTESIAN_POINT ( 'NONE',  ( 7.320000000000079300, 0.0000000000000000000, -11.35999999999995000 ) ) ;
#1989 = CARTESIAN_POINT ( 'NONE',  ( 9.691420969969360800, 10.00201175063893500, 15.63804362410405200 ) ) ;
#1990 = ADVANCED_FACE ( 'NONE', ( #3158 ), #1886, .T. ) ;
#1991 = ORIENTED_EDGE ( 'NONE', *, *, #1722, .T. ) ;
#1992 = VECTOR ( 'NONE', #628, 1000.000000000000000 ) ;
#1993 = CARTESIAN_POINT ( 'NONE',  ( -9.950068535005003800, 4.336808689942017700E-016, 15.89999999999992800 ) ) ;
#1994 = ORIENTED_EDGE ( 'NONE', *, *, #1965, .F. ) ;
#1995 = ORIENTED_EDGE ( 'NONE', *, *, #2952, .T. ) ;
#1996 = LINE ( 'NONE', #256, #468 ) ;
#1997 = EDGE_LOOP ( 'NONE', ( #3016, #1394 ) ) ;
#1998 = ORIENTED_EDGE ( 'NONE', *, *, #2269, .F. ) ;
#1999 = EDGE_CURVE ( 'NONE', #1179, #3096, #767, .T. ) ;
#2000 = DIRECTION ( 'NONE',  ( 1.000000000000000000, -6.865438195700476500E-034, 6.990672146172726200E-015 ) ) ;
#2001 = DIRECTION ( 'NONE',  ( 0.0000000000000000000, -1.000000000000000000, 0.0000000000000000000 ) ) ;
#2002 = VECTOR ( 'NONE', #2357, 1000.000000000000100 ) ;
#2003 = AXIS2_PLACEMENT_3D ( 'NONE', #3510, #1514, #1837 ) ;
#2004 = AXIS2_PLACEMENT_3D ( 'NONE', #959, #2905, #3221 ) ;
#2005 = CARTESIAN_POINT ( 'NONE',  ( 9.606709346345159200, 3.469446951953614200E-015, -0.6499999999999327400 ) ) ;
#2006 = CARTESIAN_POINT ( 'NONE',  ( 10.14999999999997400, 0.0000000000000000000, 3.950000000000076600 ) ) ;
#2007 = CARTESIAN_POINT ( 'NONE',  ( 9.888003690805179600, 10.00523538966157700, -15.89999999999993500 ) ) ;
#2008 = FACE_OUTER_BOUND ( 'NONE', #2292, .T. ) ;
#2009 = DIRECTION ( 'NONE',  ( -0.02616798426497921400, -0.9993150019883699800, -0.02616798426497958200 ) ) ;
#2010 = ORIENTED_EDGE ( 'NONE', *, *, #1957, .T. ) ;
#2011 = ADVANCED_FACE ( 'NONE', ( #1916 ), #1072, .F. ) ;
#2012 = PLANE ( 'NONE',  #2925 ) ;
#2013 = CARTESIAN_POINT ( 'NONE',  ( 7.620000000000079200, -3.799999999999999800, -11.35999999999994800 ) ) ;
#2014 = LINE ( 'NONE', #4, #3384 ) ;
#2015 = FACE_OUTER_BOUND ( 'NONE', #3402, .T. ) ;
#2016 = CARTESIAN_POINT ( 'NONE',  ( 10.04307915638191800, 0.2629872831021538600, 7.108679322954429200E-014 ) ) ;
#2017 = DIRECTION ( 'NONE',  ( -6.941037918672055300E-015, 1.188689117125510700E-018, 1.000000000000000000 ) ) ;
#2018 = CIRCLE ( 'NONE', #2004, 0.2000000000000005100 ) ;
#2019 = DIRECTION ( 'NONE',  ( 0.0000000000000000000, 1.000000000000000000, 0.0000000000000000000 ) ) ;
#2020 = CARTESIAN_POINT ( 'NONE',  ( 9.950068535005000200, 4.336808689942017700E-016, -15.89999999999993500 ) ) ;
#2021 = ORIENTED_EDGE ( 'NONE', *, *, #177, .F. ) ;
#2022 = CARTESIAN_POINT ( 'NONE',  ( 9.688072225806355000, 10.19999999999999900, -15.55366448406239700 ) ) ;
#2023 = CARTESIAN_POINT ( 'NONE',  ( 7.320000000000061600, -3.500000000000000000, -8.819999999999948800 ) ) ;
#2024 = AXIS2_PLACEMENT_3D ( 'NONE', #2114, #1546, #766 ) ;
#2025 = CARTESIAN_POINT ( 'NONE',  ( 9.783503977861874600, 10.17576342253238800, 1.650000000000069400 ) ) ;
#2026 = EDGE_CURVE ( 'NONE', #367, #123, #936, .T. ) ;
#2027 = EDGE_CURVE ( 'NONE', #2737, #503, #894, .T. ) ;
#2028 = CARTESIAN_POINT ( 'NONE',  ( 9.606709346345207100, 16.92727801214171300, -7.549999999999934100 ) ) ;
#2029 = ORIENTED_EDGE ( 'NONE', *, *, #1780, .T. ) ;
#2030 = PLANE ( 'NONE',  #2641 ) ;
#2031 = EDGE_CURVE ( 'NONE', #757, #1735, #985, .T. ) ;
#2032 = ADVANCED_FACE ( 'NONE', ( #2757 ), #1896, .T. ) ;
#2033 = ORIENTED_EDGE ( 'NONE', *, *, #1194, .F. ) ;
#2034 = CARTESIAN_POINT ( 'NONE',  ( 7.919999999999954600, 0.0000000000000000000, 6.420000000000058500 ) ) ;
#2035 = DIRECTION ( 'NONE',  ( -1.000000000000000000, -0.0000000000000000000, -7.157340841483226000E-015 ) ) ;
#2036 = CARTESIAN_POINT ( 'NONE',  ( 10.14999999999994500, 1.156482317317871300E-015, 8.550000000000075300 ) ) ;
#2037 = ORIENTED_EDGE ( 'NONE', *, *, #1266, .T. ) ;
#2038 = ORIENTED_EDGE ( 'NONE', *, *, #1773, .F. ) ;
#2039 = CARTESIAN_POINT ( 'NONE',  ( -9.936304743724841500, 0.5203825934134328500, 15.68630474372465700 ) ) ;
#2040 = ORIENTED_EDGE ( 'NONE', *, *, #3425, .F. ) ;
#2041 = ORIENTED_EDGE ( 'NONE', *, *, #382, .F. ) ;
#2042 = DIRECTION ( 'NONE',  ( 0.02617694830787320500, -0.9996573249755572600, 1.828834725831194600E-016 ) ) ;
#2043 = EDGE_LOOP ( 'NONE', ( #2117, #922, #954, #3366 ) ) ;
#2044 = FACE_OUTER_BOUND ( 'NONE', #2661, .T. ) ;
#2045 = ORIENTED_EDGE ( 'NONE', *, *, #2026, .F. ) ;
#2046 = DIRECTION ( 'NONE',  ( 0.0000000000000000000, 1.000000000000000000, 0.0000000000000000000 ) ) ;
#2047 = ORIENTED_EDGE ( 'NONE', *, *, #1893, .F. ) ;
#2048 = DIRECTION ( 'NONE',  ( 0.02617694830787316600, -0.9996573249755572600, 1.828834725831191800E-016 ) ) ;
#2049 = CIRCLE ( 'NONE', #2662, 0.2000000000000005100 ) ;
#2050 = CARTESIAN_POINT ( 'NONE',  ( 9.688072225809849100, 9.999999999999998200, 15.43807222581002100 ) ) ;
#2051 = DIRECTION ( 'NONE',  ( 0.0000000000000000000, 1.000000000000000000, 0.0000000000000000000 ) ) ;
#2052 = FACE_OUTER_BOUND ( 'NONE', #908, .T. ) ;
#2053 = EDGE_CURVE ( 'NONE', #1646, #2245, #1283, .T. ) ;
#2054 = ADVANCED_FACE ( 'NONE', ( #1447 ), #1638, .F. ) ;
#2055 = CARTESIAN_POINT ( 'NONE',  ( -9.783503977861828500, 10.17576342253238800, -8.550000000000068200 ) ) ;
#2056 = FACE_OUTER_BOUND ( 'NONE', #419, .T. ) ;
#2057 = ORIENTED_EDGE ( 'NONE', *, *, #191, .T. ) ;
#2058 = DIRECTION ( 'NONE',  ( -0.0000000000000000000, -1.000000000000000000, -0.0000000000000000000 ) ) ;
#2059 = FACE_OUTER_BOUND ( 'NONE', #1334, .T. ) ;
#2060 = CARTESIAN_POINT ( 'NONE',  ( -9.888043624104096100, 10.00338228684917600, 15.43807222580988100 ) ) ;
#2061 = CARTESIAN_POINT ( 'NONE',  ( -10.04307915638193000, 0.2629872831021533600, -8.683916655394388100E-014 ) ) ;
#2062 = DIRECTION ( 'NONE',  ( 6.986432124638220300E-015, -0.0000000000000000000, -1.000000000000000000 ) ) ;
#2063 = COLOUR_RGB ( '',0.7921568627450980000, 0.8196078431372548800, 0.9333333333333333500 ) ;
#2064 = LINE ( 'NONE', #1292, #987 ) ;
#2065 = DIRECTION ( 'NONE',  ( 6.986432124638220300E-015, -0.0000000000000000000, -1.000000000000000000 ) ) ;
#2066 = DIRECTION ( 'NONE',  ( 1.000000000000000000, 1.734723475976802700E-014, 8.673617379884013400E-015 ) ) ;
#2067 = ORIENTED_EDGE ( 'NONE', *, *, #35, .F. ) ;
#2068 = CARTESIAN_POINT ( 'NONE',  ( -9.606709346345175100, 16.92727801214174100, 2.949999999999934000 ) ) ;
#2069 = ORIENTED_EDGE ( 'NONE', *, *, #1379, .F. ) ;
#2070 = ADVANCED_FACE ( 'NONE', ( #42 ), #208, .T. ) ;
#2071 = AXIS2_PLACEMENT_3D ( 'NONE', #1880, #255, #3021 ) ;
#2072 = UNCERTAINTY_MEASURE_WITH_UNIT (LENGTH_MEASURE( 1.000000000000000100E-005 ), #1159, 'distance_accuracy_value', 'NONE');
#2073 = DIRECTION ( 'NONE',  ( 0.02617694830787323900, -0.9996573249755572600, 1.828834725831197000E-016 ) ) ;
#2074 = AXIS2_PLACEMENT_3D ( 'NONE', #1361, #3369, #2800 ) ;
#2075 = DIRECTION ( 'NONE',  ( -6.986432124638220300E-015, 0.0000000000000000000, 1.000000000000000000 ) ) ;
#2076 = EDGE_CURVE ( 'NONE', #1267, #463, #1024, .T. ) ;
#2077 = ORIENTED_EDGE ( 'NONE', *, *, #478, .F. ) ;
#2078 = CARTESIAN_POINT ( 'NONE',  ( 9.606709346345148500, 16.92727801214175900, 0.6500000000000684100 ) ) ;
#2079 = DIRECTION ( 'NONE',  ( 6.986432124638220300E-015, -0.0000000000000000000, -1.000000000000000000 ) ) ;
#2080 =( NAMED_UNIT ( * ) PLANE_ANGLE_UNIT ( ) SI_UNIT ( $, .RADIAN. ) );
#2081 = DIRECTION ( 'NONE',  ( -0.0000000000000000000, -1.000000000000000000, -0.0000000000000000000 ) ) ;
#2082 = VERTEX_POINT ( 'NONE', #534 ) ;
#2083 = VERTEX_POINT ( 'NONE', #2486 ) ;
#2084 = CARTESIAN_POINT ( 'NONE',  ( 9.888003690805019700, 10.00523538966157500, 7.550000000000070000 ) ) ;
#2085 = LINE ( 'NONE', #2362, #2119 ) ;
#2086 = CARTESIAN_POINT ( 'NONE',  ( -9.888003690805035700, 10.00523538966157500, -5.250000000000069300 ) ) ;
#2087 = VERTEX_POINT ( 'NONE', #1383 ) ;
#2088 = ORIENTED_EDGE ( 'NONE', *, *, #3374, .F. ) ;
#2089 = ADVANCED_FACE ( 'NONE', ( #287 ), #3381, .T. ) ;
#2090 = ORIENTED_EDGE ( 'NONE', *, *, #1772, .T. ) ;
#2091 = ORIENTED_EDGE ( 'NONE', *, *, #1867, .T. ) ;
#2092 = CARTESIAN_POINT ( 'NONE',  ( 10.06720229030765900, 0.0000000000000000000, -15.89999999999993600 ) ) ;
#2093 = LINE ( 'NONE', #1834, #2346 ) ;
#2094 = CARTESIAN_POINT ( 'NONE',  ( -7.620000000000080900, 0.0000000000000000000, 11.49999999999994800 ) ) ;
#2095 = PRESENTATION_LAYER_ASSIGNMENT (  '', '', ( #975 ) ) ;
#2096 = LINE ( 'NONE', #3082, #3386 ) ;
#2097 = DIRECTION ( 'NONE',  ( 1.000000000000000000, 1.716359548925119100E-034, 6.984312113870967800E-015 ) ) ;
#2098 = EDGE_CURVE ( 'NONE', #1271, #1084, #685, .T. ) ;
#2099 = EDGE_CURVE ( 'NONE', #2819, #2303, #475, .T. ) ;
#2100 = CIRCLE ( 'NONE', #1513, 0.2000000000000005100 ) ;
#2101 = EDGE_CURVE ( 'NONE', #13, #225, #126, .T. ) ;
#2102 = DIRECTION ( 'NONE',  ( 6.986432124638220300E-015, 0.0000000000000000000, -1.000000000000000000 ) ) ;
#2103 = LINE ( 'NONE', #2364, #90 ) ;
#2104 = CARTESIAN_POINT ( 'NONE',  ( 10.04307915638191100, 0.2629872831021530800, 0.6500000000000697400 ) ) ;
#2105 = CARTESIAN_POINT ( 'NONE',  ( -10.15000000000011000, 0.0000000000000000000, 15.81720229030747400 ) ) ;
#2106 = LINE ( 'NONE', #2583, #1291 ) ;
#2107 = CARTESIAN_POINT ( 'NONE',  ( -9.606709346345104100, 3.469446951953614200E-015, -7.550000000000066400 ) ) ;
#2108 = ORIENTED_EDGE ( 'NONE', *, *, #1599, .F. ) ;
#2109 = DIRECTION ( 'NONE',  ( -6.986432124638220300E-015, 0.0000000000000000000, 1.000000000000000000 ) ) ;
#2110 = MANIFOLD_SOLID_BREP ( 'Body-Move/Copy1[9]', #1303 ) ;
#2111 = MECHANICAL_DESIGN_GEOMETRIC_PRESENTATION_REPRESENTATION (  '', ( #944 ), #2733 ) ;
#2112 = CARTESIAN_POINT ( 'NONE',  ( -10.15000000000011200, -4.065757192294872000E-017, 15.70006853500481900 ) ) ;
#2113 = EDGE_CURVE ( 'NONE', #3316, #1416, #542, .T. ) ;
#2114 = CARTESIAN_POINT ( 'NONE',  ( 10.04996572075097600, 3.541888297575882500E-015, -7.479999999999932900 ) ) ;
#2115 = DIRECTION ( 'NONE',  ( 1.000000000000000000, 0.0000000000000000000, 7.157340841483226000E-015 ) ) ;
#2116 = AXIS2_PLACEMENT_3D ( 'NONE', #1779, #2046, #953 ) ;
#2117 = ORIENTED_EDGE ( 'NONE', *, *, #453, .F. ) ;
#2118 = ORIENTED_EDGE ( 'NONE', *, *, #2155, .F. ) ;
#2119 = VECTOR ( 'NONE', #1580, 1000.000000000000200 ) ;
#2120 = CARTESIAN_POINT ( 'NONE',  ( 7.620000000000061400, -3.500000000000000000, -8.819999999999947000 ) ) ;
#2121 = ORIENTED_EDGE ( 'NONE', *, *, #3261, .T. ) ;
#2122 = VERTEX_POINT ( 'NONE', #1675 ) ;
#2123 = DIRECTION ( 'NONE',  ( 0.0000000000000000000, 1.000000000000000000, 0.0000000000000000000 ) ) ;
#2124 = ORIENTED_EDGE ( 'NONE', *, *, #625, .T. ) ;
#2125 = ORIENTED_EDGE ( 'NONE', *, *, #3424, .T. ) ;
#2126 = ORIENTED_EDGE ( 'NONE', *, *, #3556, .F. ) ;
#2127 = CARTESIAN_POINT ( 'NONE',  ( 7.020000000000059100, -3.500000000000000000, -8.519999999999949800 ) ) ;
#2128 = FACE_OUTER_BOUND ( 'NONE', #1762, .T. ) ;
#2129 = ORIENTED_EDGE ( 'NONE', *, *, #3036, .T. ) ;
#2130 = LINE ( 'NONE', #3412, #80 ) ;
#2131 = AXIS2_PLACEMENT_3D ( 'NONE', #2253, #2284, #349 ) ;
#2132 = VECTOR ( 'NONE', #543, 1000.000000000000100 ) ;
#2133 = ADVANCED_FACE ( 'NONE', ( #730 ), #2350, .T. ) ;
#2134 = DIRECTION ( 'NONE',  ( -0.02617694830787306900, -0.9996573249755572600, -9.622239155752097100E-017 ) ) ;
#2135 = VECTOR ( 'NONE', #654, 1000.000000000000000 ) ;
#2136 =( GEOMETRIC_REPRESENTATION_CONTEXT ( 3 ) GLOBAL_UNCERTAINTY_ASSIGNED_CONTEXT ( ( #2072 ) ) GLOBAL_UNIT_ASSIGNED_CONTEXT ( ( #1159, #2814, #1666 ) ) REPRESENTATION_CONTEXT ( 'NONE', 'WORKASPACE' ) );
#2137 = EDGE_CURVE ( 'NONE', #3364, #225, #2841, .T. ) ;
#2138 = EDGE_CURVE ( 'NONE', #1868, #778, #2259, .T. ) ;
#2139 = VERTEX_POINT ( 'NONE', #2833 ) ;
#2140 = DIRECTION ( 'NONE',  ( -1.000000000000000000, 0.0000000000000000000, -6.938893903907222100E-015 ) ) ;
#2141 = FACE_OUTER_BOUND ( 'NONE', #68, .T. ) ;
#2142 = EDGE_CURVE ( 'NONE', #2194, #536, #2941, .T. ) ;
#2143 = FACE_OUTER_BOUND ( 'NONE', #879, .T. ) ;
#2144 = CARTESIAN_POINT ( 'NONE',  ( 7.619999999999956600, -3.500000000000000000, 6.120000000000055200 ) ) ;
#2145 = VERTEX_POINT ( 'NONE', #3393 ) ;
#2146 = ORIENTED_EDGE ( 'NONE', *, *, #3235, .T. ) ;
#2147 = CARTESIAN_POINT ( 'NONE',  ( 7.020000000000064400, -4.699999999999998400, -9.119999999999951300 ) ) ;
#2148 = ADVANCED_FACE ( 'NONE', ( #1623 ), #1320, .T. ) ;
#2149 = ORIENTED_EDGE ( 'NONE', *, *, #1772, .F. ) ;
#2150 = CARTESIAN_POINT ( 'NONE',  ( -7.620000000000080900, 0.0000000000000000000, 11.49999999999994800 ) ) ;
#2151 =( BOUNDED_CURVE ( )  B_SPLINE_CURVE ( 3, ( #1242, #185, #2092, #1526 ),
 .UNSPECIFIED., .F., .T. ) 
 B_SPLINE_CURVE_WITH_KNOTS ( ( 4, 4 ),
 ( 5.498129760120321800, 7.068240854238864800 ),
 .UNSPECIFIED. ) 
 CURVE ( )  GEOMETRIC_REPRESENTATION_ITEM ( )  RATIONAL_B_SPLINE_CURVE ( ( 1.000000000000000000, 0.8048993373437838300, 0.8048993373437838300, 1.000000000000000000 ) ) 
 REPRESENTATION_ITEM ( '' )  );
#2152 = DIRECTION ( 'NONE',  ( -0.02617694830787324300, -0.9996573249755572600, -1.828834725831197300E-016 ) ) ;
#2153 = ORIENTED_EDGE ( 'NONE', *, *, #996, .F. ) ;
#2154 = AXIS2_PLACEMENT_3D ( 'NONE', #3073, #1109, #267 ) ;
#2155 = EDGE_CURVE ( 'NONE', #2490, #2082, #2712, .T. ) ;
#2156 = SHAPE_DEFINITION_REPRESENTATION ( #3484, #999 ) ;
#2157 = CARTESIAN_POINT ( 'NONE',  ( 8.220000000000064600, -4.700000000000001100, -9.119999999999944200 ) ) ;
#2158 = ORIENTED_EDGE ( 'NONE', *, *, #2099, .T. ) ;
#2159 = ORIENTED_EDGE ( 'NONE', *, *, #2667, .T. ) ;
#2160 = LINE ( 'NONE', #2537, #330 ) ;
#2161 = ORIENTED_EDGE ( 'NONE', *, *, #1851, .T. ) ;
#2162 = ORIENTED_EDGE ( 'NONE', *, *, #2503, .F. ) ;
#2163 = DIRECTION ( 'NONE',  ( -6.984179613198014400E-015, 8.601994145039524900E-017, 1.000000000000000000 ) ) ;
#2164 = FACE_OUTER_BOUND ( 'NONE', #24, .T. ) ;
#2165 = EDGE_LOOP ( 'NONE', ( #601, #2191, #3500, #3088, #2741 ) ) ;
#2166 = CIRCLE ( 'NONE', #472, 0.2000000000000005100 ) ;
#2167 = CARTESIAN_POINT ( 'NONE',  ( 7.319999999999955000, 0.0000000000000000000, 6.420000000000055000 ) ) ;
#2168 = VERTEX_POINT ( 'NONE', #3407 ) ;
#2169 = VECTOR ( 'NONE', #3382, 1000.000000000000000 ) ;
#2170 = ADVANCED_FACE ( 'NONE', ( #2056 ), #1460, .T. ) ;
#2171 = AXIS2_PLACEMENT_3D ( 'NONE', #2597, #1789, #3149 ) ;
#2172 = DIRECTION ( 'NONE',  ( 0.9996573249755572600, 0.02617694830787322200, 0.0000000000000000000 ) ) ;
#2173 = EDGE_CURVE ( 'NONE', #1032, #3359, #584, .T. ) ;
#2174 = COLOUR_RGB ( '',0.7921568627450980000, 0.8196078431372548800, 0.9333333333333333500 ) ;
#2175 = VERTEX_POINT ( 'NONE', #88 ) ;
#2176 = VECTOR ( 'NONE', #2629, 1000.000000000000000 ) ;
#2177 = AXIS2_PLACEMENT_3D ( 'NONE', #2455, #818, #3342 ) ;
#2178 = PRODUCT_RELATED_PRODUCT_CATEGORY ( 'part', '', ( #1900 ) ) ;
#2179 = DIRECTION ( 'NONE',  ( 7.031826330604385400E-015, -1.188689117125510700E-018, -1.000000000000000000 ) ) ;
#2180 = EDGE_CURVE ( 'NONE', #2194, #2964, #2223, .T. ) ;
#2181 = LINE ( 'NONE', #2304, #2771 ) ;
#2182 = CARTESIAN_POINT ( 'NONE',  ( 9.688072225809847300, 10.20000000000002800, 15.55366448406250300 ) ) ;
#2183 = CARTESIAN_POINT ( 'NONE',  ( -10.04307915638191600, 0.2629872831021530800, -6.970453965787455800E-014 ) ) ;
#2184 = ORIENTED_EDGE ( 'NONE', *, *, #1101, .F. ) ;
#2185 = CARTESIAN_POINT ( 'NONE',  ( -7.619999999999919300, -3.499999999999997800, -11.66000000000005700 ) ) ;
#2186 = DIRECTION ( 'NONE',  ( -0.9996573249755573700, 0.02617694830787320800, -6.984038048839142400E-015 ) ) ;
#2187 = CARTESIAN_POINT ( 'NONE',  ( 7.619999999999919300, -3.500000000000001800, 11.80000000000005800 ) ) ;
#2188 = CARTESIAN_POINT ( 'NONE',  ( 7.620000000000079200, 0.0000000000000000000, -11.35999999999994800 ) ) ;
#2189 = DIRECTION ( 'NONE',  ( 0.02617694830787306900, -0.9996573249755572600, 2.695445536087161000E-016 ) ) ;
#2190 = CARTESIAN_POINT ( 'NONE',  ( 9.807013228221888900, 10.00201175063893700, 15.63608879322927500 ) ) ;
#2191 = ORIENTED_EDGE ( 'NONE', *, *, #2735, .T. ) ;
#2192 = CARTESIAN_POINT ( 'NONE',  ( 8.220000000000080600, -4.700000000000004600, -11.05999999999994400 ) ) ;
#2193 = CARTESIAN_POINT ( 'NONE',  ( -9.888003690804961100, 10.00523538966157500, -15.43807222581002700 ) ) ;
#2194 = VERTEX_POINT ( 'NONE', #2516 ) ;
#2195 = EDGE_LOOP ( 'NONE', ( #29, #630 ) ) ;
#2196 = DIRECTION ( 'NONE',  ( 6.986432124638220300E-015, -0.0000000000000000000, -1.000000000000000000 ) ) ;
#2197 = VECTOR ( 'NONE', #2824, 1000.000000000000200 ) ;
#2198 = ORIENTED_EDGE ( 'NONE', *, *, #1360, .F. ) ;
#2199 = EDGE_CURVE ( 'NONE', #241, #115, #695, .T. ) ;
#2200 = EDGE_CURVE ( 'NONE', #2218, #2410, #1069, .T. ) ;
#2201 = DIRECTION ( 'NONE',  ( -1.000000000000000000, 0.0000000000000000000, -5.782411586589358000E-015 ) ) ;
#2202 = ORIENTED_EDGE ( 'NONE', *, *, #1957, .F. ) ;
#2203 = CIRCLE ( 'NONE', #783, 0.2000000000000005100 ) ;
#2204 = PLANE ( 'NONE',  #2225 ) ;
#2205 = ORIENTED_EDGE ( 'NONE', *, *, #3512, .F. ) ;
#2207 = EDGE_CURVE ( 'NONE', #2145, #1311, #3209, .T. ) ;
#2206 = VERTEX_POINT ( 'NONE', #2529 ) ;
#2208 = CARTESIAN_POINT ( 'NONE',  ( 10.15000000000006100, 0.0000000000000000000, -8.549999999999926100 ) ) ;
#2209 = LINE ( 'NONE', #2208, #37 ) ;
#2210 = CARTESIAN_POINT ( 'NONE',  ( 7.620000000000076500, -3.500000000000000000, -11.05999999999994500 ) ) ;
#2211 = VERTEX_POINT ( 'NONE', #3115 ) ;
#2212 = PLANE ( 'NONE',  #1825 ) ;
#2213 = VECTOR ( 'NONE', #3063, 1000.000000000000200 ) ;
#2214 = FACE_OUTER_BOUND ( 'NONE', #709, .T. ) ;
#2215 = ORIENTED_EDGE ( 'NONE', *, *, #729, .F. ) ;
#2216 = DIRECTION ( 'NONE',  ( 0.02617694830787316600, 0.9996573249755572600, 1.828834725831191800E-016 ) ) ;
#2217 = VECTOR ( 'NONE', #2179, 1000.000000000000000 ) ;
#2218 = VERTEX_POINT ( 'NONE', #3101 ) ;
#2219 = AXIS2_PLACEMENT_3D ( 'NONE', #102, #2588, #1763 ) ;
#2220 =( NAMED_UNIT ( * ) PLANE_ANGLE_UNIT ( ) SI_UNIT ( $, .RADIAN. ) );
#2221 = FACE_OUTER_BOUND ( 'NONE', #2241, .T. ) ;
#2222 = EDGE_CURVE ( 'NONE', #2206, #156, #2096, .T. ) ;
#2223 = LINE ( 'NONE', #1720, #514 ) ;
#2224 = ORIENTED_EDGE ( 'NONE', *, *, #128, .T. ) ;
#2225 = AXIS2_PLACEMENT_3D ( 'NONE', #3314, #3032, #2761 ) ;
#2226 = PLANE ( 'NONE',  #1948 ) ;
#2227 = DIRECTION ( 'NONE',  ( -0.02617694830787316600, -0.9996573249755572600, -1.828834725831191800E-016 ) ) ;
#2228 = ORIENTED_EDGE ( 'NONE', *, *, #3064, .F. ) ;
#2229 = FILL_AREA_STYLE ('',( #1093 ) ) ;
#2230 = PLANE ( 'NONE',  #1401 ) ;
#2231 = ADVANCED_FACE ( 'NONE', ( #3548 ), #1195, .F. ) ;
#2232 = SURFACE_STYLE_USAGE ( .BOTH. , #873 ) ;
#2233 = ORIENTED_EDGE ( 'NONE', *, *, #2959, .F. ) ;
#2234 = CARTESIAN_POINT ( 'NONE',  ( -9.688072225810074700, 10.00523538966157500, 15.63800369080499800 ) ) ;
#2235 = VERTEX_POINT ( 'NONE', #2266 ) ;
#2236 = DIRECTION ( 'NONE',  ( 1.000000000000000000, 0.0000000000000000000, 8.673617379884013400E-015 ) ) ;
#2237 = VERTEX_POINT ( 'NONE', #3356 ) ;
#2238 = EDGE_LOOP ( 'NONE', ( #3582, #3362, #2405, #1791 ) ) ;
#2239 = VERTEX_POINT ( 'NONE', #2495 ) ;
#2240 = CLOSED_SHELL ( 'NONE', ( #3559, #2089, #2273, #3205 ) ) ;
#2241 = EDGE_LOOP ( 'NONE', ( #3105, #216, #2697, #861 ) ) ;
#2242 = DIRECTION ( 'NONE',  ( -0.02617694830787314600, -0.9996573249755572600, -1.246588742903016300E-017 ) ) ;
#2243 = LINE ( 'NONE', #14, #1088 ) ;
#2244 = ORIENTED_EDGE ( 'NONE', *, *, #3118, .F. ) ;
#2245 = VERTEX_POINT ( 'NONE', #98 ) ;
#2246 = DIRECTION ( 'NONE',  ( -0.02617694830787320500, 0.9996573249755572600, -1.828834725831194600E-016 ) ) ;
#2247 = STYLED_ITEM ( 'NONE', ( #943 ), #951 ) ;
#2248 = AXIS2_PLACEMENT_3D ( 'NONE', #339, #600, #3157 ) ;
#2249 = VECTOR ( 'NONE', #2663, 1000.000000000000000 ) ;
#2250 = AXIS2_PLACEMENT_3D ( 'NONE', #689, #125, #1521 ) ;
#2251 = VERTEX_POINT ( 'NONE', #112 ) ;
#2252 = CARTESIAN_POINT ( 'NONE',  ( -10.14999999999989000, 3.283241423040816800E-015, -15.90000000000007300 ) ) ;
#2253 = CARTESIAN_POINT ( 'NONE',  ( 7.619999999999954800, -3.500000000000000000, 6.420000000000056800 ) ) ;
#2254 = ORIENTED_EDGE ( 'NONE', *, *, #190, .T. ) ;
#2255 = LINE ( 'NONE', #2542, #629 ) ;
#2256 = ADVANCED_FACE ( 'NONE', ( #3503 ), #2012, .T. ) ;
#2257 = DIRECTION ( 'NONE',  ( -6.986432124638220300E-015, 0.0000000000000000000, 1.000000000000000000 ) ) ;
#2258 = CARTESIAN_POINT ( 'NONE',  ( 10.04307915638191600, 0.2629872831021538000, 7.016529084843113200E-014 ) ) ;
#2259 = LINE ( 'NONE', #3372, #1540 ) ;
#2260 = CARTESIAN_POINT ( 'NONE',  ( -10.14999999999988800, 0.0000000000000000000, -15.81720229030762100 ) ) ;
#2261 = VECTOR ( 'NONE', #278, 1000.000000000000100 ) ;
#2262 = CARTESIAN_POINT ( 'NONE',  ( -10.15000000000002900, 3.469446951953614200E-015, 2.949999999999929100 ) ) ;
#2263 = LINE ( 'NONE', #19, #513 ) ;
#2264 = CIRCLE ( 'NONE', #421, 0.2000000000000008400 ) ;
#2265 = VECTOR ( 'NONE', #1458, 1000.000000000000000 ) ;
#2266 = CARTESIAN_POINT ( 'NONE',  ( -9.783503977861899500, 10.17576342253238800, 1.649999999999933500 ) ) ;
#2267 = DIRECTION ( 'NONE',  ( 0.0000000000000000000, 1.000000000000000000, 0.0000000000000000000 ) ) ;
#2268 = EDGE_CURVE ( 'NONE', #224, #2510, #1184, .T. ) ;
#2269 = EDGE_CURVE ( 'NONE', #1895, #3560, #2567, .T. ) ;
#2270 = CARTESIAN_POINT ( 'NONE',  ( 10.15000000000004500, 0.0000000000000000000, -6.249999999999927200 ) ) ;
#2271 = CIRCLE ( 'NONE', #1523, 0.2999999999999999300 ) ;
#2272 = EDGE_CURVE ( 'NONE', #700, #1907, #1538, .T. ) ;
#2273 = ADVANCED_FACE ( 'NONE', ( #982 ), #3204, .T. ) ;
#2274 = CARTESIAN_POINT ( 'NONE',  ( 10.14999999999997000, 3.407378442316014800E-015, 5.250000000000071900 ) ) ;
#2275 = CARTESIAN_POINT ( 'NONE',  ( -10.04307915638191600, 0.2629872831021538000, -6.924378846731798500E-014 ) ) ;
#2276 = ORIENTED_EDGE ( 'NONE', *, *, #2616, .F. ) ;
#2277 = DIRECTION ( 'NONE',  ( -1.000000000000000000, 0.0000000000000000000, -1.156482317317871600E-014 ) ) ;
#2278 = DIRECTION ( 'NONE',  ( 0.9996573249755573700, 0.02617694830787317000, 7.029447815598241600E-015 ) ) ;
#2279 =( NAMED_UNIT ( * ) PLANE_ANGLE_UNIT ( ) SI_UNIT ( $, .RADIAN. ) );
#2280 = ORIENTED_EDGE ( 'NONE', *, *, #1805, .T. ) ;
#2281 = DIRECTION ( 'NONE',  ( -8.629178499565571000E-015, 4.301682773191374600E-017, 1.000000000000000000 ) ) ;
#2282 = DIRECTION ( 'NONE',  ( -1.000000000000000000, -6.865438195700476500E-034, -6.982192103103714400E-015 ) ) ;
#2283 = ORIENTED_EDGE ( 'NONE', *, *, #3424, .F. ) ;
#2284 = DIRECTION ( 'NONE',  ( 0.0000000000000000000, 1.000000000000000000, 0.0000000000000000000 ) ) ;
#2285 = FACE_OUTER_BOUND ( 'NONE', #660, .T. ) ;
#2286 = CARTESIAN_POINT ( 'NONE',  ( -9.688072225809575500, 10.11895801442280500, -15.63608879322928400 ) ) ;
#2287 = ORIENTED_EDGE ( 'NONE', *, *, #1297, .T. ) ;
#2288 = AXIS2_PLACEMENT_3D ( 'NONE', #44, #862, #1158 ) ;
#2289 = EDGE_LOOP ( 'NONE', ( #2332, #2287, #665, #3574 ) ) ;
#2290 = DIRECTION ( 'NONE',  ( 0.0000000000000000000, 1.000000000000000000, 0.0000000000000000000 ) ) ;
#2291 = EDGE_LOOP ( 'NONE', ( #2608, #2867 ) ) ;
#2292 = EDGE_LOOP ( 'NONE', ( #320, #2815, #2645, #2791 ) ) ;
#2293 = EDGE_CURVE ( 'NONE', #1056, #1053, #341, .T. ) ;
#2294 = ADVANCED_FACE ( 'NONE', ( #1355 ), #539, .T. ) ;
#2295 = CARTESIAN_POINT ( 'NONE',  ( 10.04996572075097600, 3.541888297575882500E-015, -7.479999999999932900 ) ) ;
#2296 = LINE ( 'NONE', #2687, #2249 ) ;
#2297 = EDGE_CURVE ( 'NONE', #3371, #1132, #1319, .T. ) ;
#2298 = CARTESIAN_POINT ( 'NONE',  ( 10.15000000000006600, 1.095956709362984700E-015, -8.549999999999927900 ) ) ;
#2299 = DIRECTION ( 'NONE',  ( -0.02617694830787320500, -0.9996573249755572600, -1.828834725831194600E-016 ) ) ;
#2300 = DIRECTION ( 'NONE',  ( -0.02617694830787320500, 0.9996573249755572600, -1.828834725831194600E-016 ) ) ;
#2301 = CARTESIAN_POINT ( 'NONE',  ( 9.783503977861931500, 10.17576342253238800, -6.249999999999933400 ) ) ;
#2302 = VECTOR ( 'NONE', #338, 1000.000000000000000 ) ;
#2303 = VERTEX_POINT ( 'NONE', #1471 ) ;
#2304 = CARTESIAN_POINT ( 'NONE',  ( -10.14999999999989000, 3.283241423040816800E-015, -15.90000000000007300 ) ) ;
#2305 = FACE_OUTER_BOUND ( 'NONE', #1796, .T. ) ;
#2306 = CARTESIAN_POINT ( 'NONE',  ( -10.15000000000000000, 0.0000000000000000000, -7.091228606507793500E-014 ) ) ;
#2307 = VECTOR ( 'NONE', #404, 1000.000000000000000 ) ;
#2308 = PLANE ( 'NONE',  #277 ) ;
#2309 = VECTOR ( 'NONE', #1139, 1000.000000000000000 ) ;
#2310 = ADVANCED_FACE ( 'NONE', ( #1441 ), #1144, .T. ) ;
#2311 = DIRECTION ( 'NONE',  ( -1.000000000000000000, 0.0000000000000000000, -5.782411586589358000E-015 ) ) ;
#2312 = AXIS2_PLACEMENT_3D ( 'NONE', #61, #2019, #914 ) ;
#2313 = CLOSED_SHELL ( 'NONE', ( #110, #1970, #505, #2838 ) ) ;
#2314 = DIRECTION ( 'NONE',  ( 1.131242319639605000E-030, -1.000000000000000000, -1.619198897889792900E-016 ) ) ;
#2315 = CARTESIAN_POINT ( 'NONE',  ( -9.688072225809849100, 9.999999999999998200, -15.43807222581002700 ) ) ;
#2316 = ORIENTED_EDGE ( 'NONE', *, *, #1408, .T. ) ;
#2317 = AXIS2_PLACEMENT_3D ( 'NONE', #2454, #1966, #1934 ) ;
#2318 = EDGE_CURVE ( 'NONE', #1576, #1817, #2885, .T. ) ;
#2319 = EDGE_CURVE ( 'NONE', #1861, #573, #471, .T. ) ;
#2320 = CARTESIAN_POINT ( 'NONE',  ( 9.783503977861887100, 10.17576342253238900, 6.789103529190353700E-014 ) ) ;
#2321 = PLANE ( 'NONE',  #2904 ) ;
#2322 = ORIENTED_EDGE ( 'NONE', *, *, #270, .F. ) ;
#2323 = CARTESIAN_POINT ( 'NONE',  ( 10.04996572075097600, 3.541888297575882500E-015, -7.479999999999932900 ) ) ;
#2324 = EDGE_CURVE ( 'NONE', #220, #1359, #2834, .T. ) ;
#2325 = CARTESIAN_POINT ( 'NONE',  ( -10.04307915638191600, 0.2629872831021538000, -7.016529084843113200E-014 ) ) ;
#2326 = ADVANCED_FACE ( 'NONE', ( #798 ), #1228, .T. ) ;
#2327 = DIRECTION ( 'NONE',  ( -1.000000000000000000, 0.0000000000000000000, -6.938893903907222100E-015 ) ) ;
#2328 = ORIENTED_EDGE ( 'NONE', *, *, #1224, .T. ) ;
#2329 = CARTESIAN_POINT ( 'NONE',  ( -7.319999999999921200, -3.799999999999999800, -11.36000000000005400 ) ) ;
#2330 = ADVANCED_FACE ( 'NONE', ( #426 ), #2875, .T. ) ;
#2331 = VERTEX_POINT ( 'NONE', #119 ) ;
#2332 = ORIENTED_EDGE ( 'NONE', *, *, #1660, .F. ) ;
#2333 = CARTESIAN_POINT ( 'NONE',  ( 9.888003690805179600, 10.00523538966157700, -15.89999999999993500 ) ) ;
#2334 = ORIENTED_EDGE ( 'NONE', *, *, #3301, .T. ) ;
#2335 = CARTESIAN_POINT ( 'NONE',  ( -10.04996572075086000, 3.780529861911861900E-015, -8.550000000000070000 ) ) ;
#2336 = ORIENTED_EDGE ( 'NONE', *, *, #3580, .T. ) ;
#2337 = FACE_OUTER_BOUND ( 'NONE', #622, .T. ) ;
#2338 = VERTEX_POINT ( 'NONE', #2298 ) ;
#2339 = PLANE ( 'NONE',  #2365 ) ;
#2340 = ORIENTED_EDGE ( 'NONE', *, *, #2762, .T. ) ;
#2341 = CARTESIAN_POINT ( 'NONE',  ( -9.888003690804957600, 10.00523538966157700, -15.90000000000007300 ) ) ;
#2342 = FACE_OUTER_BOUND ( 'NONE', #2420, .T. ) ;
#2343 = ORIENTED_EDGE ( 'NONE', *, *, #1100, .T. ) ;
#2344 = AXIS2_PLACEMENT_3D ( 'NONE', #2756, #3291, #1640 ) ;
#2345 = CARTESIAN_POINT ( 'NONE',  ( 10.15000000000004300, 3.407378442316014800E-015, -5.249999999999926300 ) ) ;
#2346 = VECTOR ( 'NONE', #694, 1000.000000000000100 ) ;
#2347 = EDGE_CURVE ( 'NONE', #569, #1138, #2422, .T. ) ;
#2348 = CARTESIAN_POINT ( 'NONE',  ( -10.04996572075094900, 3.469446951953614200E-015, 3.949999999999929100 ) ) ;
#2349 = DIRECTION ( 'NONE',  ( -6.986432124638250300E-015, 0.0000000000000000000, 1.000000000000000000 ) ) ;
#2350 = CYLINDRICAL_SURFACE ( 'NONE', #1189, 0.2999999999999990500 ) ;
#2351 =( LENGTH_UNIT ( ) NAMED_UNIT ( * ) SI_UNIT ( .MILLI., .METRE. ) );
#2352 = ORIENTED_EDGE ( 'NONE', *, *, #3352, .F. ) ;
#2353 = DIRECTION ( 'NONE',  ( -6.990672146172726200E-015, 1.619198897889792900E-016, 1.000000000000000000 ) ) ;
#2354 = VECTOR ( 'NONE', #751, 1000.000000000000000 ) ;
#2355 = CARTESIAN_POINT ( 'NONE',  ( -9.688072225810064000, 10.19999999999999900, 15.43807222580988300 ) ) ;
#2356 = VECTOR ( 'NONE', #2471, 1000.000000000000100 ) ;
#2357 = DIRECTION ( 'NONE',  ( 0.02617694830787320500, 0.9996573249755572600, 1.828834725831194600E-016 ) ) ;
#2358 = ORIENTED_EDGE ( 'NONE', *, *, #3168, .T. ) ;
#2359 = DIRECTION ( 'NONE',  ( 0.0000000000000000000, 1.000000000000000000, 0.0000000000000000000 ) ) ;
#2360 = AXIS2_PLACEMENT_3D ( 'NONE', #1163, #2545, #2576 ) ;
#2361 = CARTESIAN_POINT ( 'NONE',  ( -7.320000000000081100, -3.500000000000000000, 11.49999999999995000 ) ) ;
#2362 = CARTESIAN_POINT ( 'NONE',  ( -9.888003690805057000, 10.00523538966157500, -2.950000000000069900 ) ) ;
#2363 = EDGE_CURVE ( 'NONE', #537, #3187, #2255, .T. ) ;
#2364 = CARTESIAN_POINT ( 'NONE',  ( 9.606709346345104100, 3.469446951953614200E-015, 7.550000000000066400 ) ) ;
#2365 = AXIS2_PLACEMENT_3D ( 'NONE', #662, #408, #3154 ) ;
#2366 = AXIS2_PLACEMENT_3D ( 'NONE', #2275, #3111, #1427 ) ;
#2367 = DIRECTION ( 'NONE',  ( 6.986432124638220300E-015, 0.0000000000000000000, -1.000000000000000000 ) ) ;
#2368 = EDGE_CURVE ( 'NONE', #2087, #1423, #764, .T. ) ;
#2369 = DIRECTION ( 'NONE',  ( 6.982192103103714400E-015, 1.619198897889792900E-016, -1.000000000000000000 ) ) ;
#2370 = CARTESIAN_POINT ( 'NONE',  ( -7.020000000000081300, -3.500000000000000000, 11.19999999999995000 ) ) ;
#2371 = DIRECTION ( 'NONE',  ( -1.000000000000000000, 0.0000000000000000000, -5.782411586589358000E-015 ) ) ;
#2372 = EDGE_LOOP ( 'NONE', ( #1434, #2596, #1991, #830 ) ) ;
#2373 = LINE ( 'NONE', #639, #2826 ) ;
#2374 = ORIENTED_EDGE ( 'NONE', *, *, #1294, .T. ) ;
#2375 = VECTOR ( 'NONE', #3186, 1000.000000000000000 ) ;
#2376 = ORIENTED_EDGE ( 'NONE', *, *, #81, .T. ) ;
#2377 = EDGE_LOOP ( 'NONE', ( #1325, #961, #2927, #533 ) ) ;
#2378 = CIRCLE ( 'NONE', #1890, 0.2000000000000005100 ) ;
#2379 = DIRECTION ( 'NONE',  ( -0.02616798426497958200, -0.9993150019883699800, 0.02616798426497921000 ) ) ;
#2380 = PLANE ( 'NONE',  #1378 ) ;
#2381 = AXIS2_PLACEMENT_3D ( 'NONE', #2671, #2102, #715 ) ;
#2382 = VECTOR ( 'NONE', #242, 1000.000000000000000 ) ;
#2383 =( LENGTH_UNIT ( ) NAMED_UNIT ( * ) SI_UNIT ( .MILLI., .METRE. ) );
#2384 = EDGE_CURVE ( 'NONE', #1912, #616, #2130, .T. ) ;
#2385 = EDGE_CURVE ( 'NONE', #569, #2547, #244, .T. ) ;
#2386 = CARTESIAN_POINT ( 'NONE',  ( 10.04996572075092400, 3.523657060577889400E-015, 7.021340336296715600E-014 ) ) ;
#2387 = CIRCLE ( 'NONE', #2131, 0.2999999999999999300 ) ;
#2388 = EDGE_CURVE ( 'NONE', #2139, #2510, #2166, .T. ) ;
#2389 = DIRECTION ( 'NONE',  ( 0.02617694830787306900, -0.9996573249755572600, 2.695445536087161000E-016 ) ) ;
#2390 = VECTOR ( 'NONE', #2079, 1000.000000000000000 ) ;
#2391 = VECTOR ( 'NONE', #3533, 1000.000000000000000 ) ;
#2392 = CARTESIAN_POINT ( 'NONE',  ( -7.620000000000078300, -3.500000000000000000, 11.19999999999994600 ) ) ;
#2393 = CARTESIAN_POINT ( 'NONE',  ( 9.688072225809968100, 10.00523538966157800, -15.63800369080500400 ) ) ;
#2394 = LINE ( 'NONE', #1431, #1759 ) ;
#2395 = ORIENTED_EDGE ( 'NONE', *, *, #924, .T. ) ;
#2396 = ADVANCED_FACE ( 'NONE', ( #2519 ), #2561, .T. ) ;
#2397 = ORIENTED_EDGE ( 'NONE', *, *, #452, .T. ) ;
#2398 = CARTESIAN_POINT ( 'NONE',  ( -10.15000000000002700, 3.407378442316014800E-015, 2.949999999999931800 ) ) ;
#2399 = CARTESIAN_POINT ( 'NONE',  ( 9.950068535004776400, 2.665812082508887800E-017, 15.90000000000007000 ) ) ;
#2400 = AXIS2_PLACEMENT_3D ( 'NONE', #1818, #1555, #1797 ) ;
#2401 = ORIENTED_EDGE ( 'NONE', *, *, #1599, .T. ) ;
#2402 = EDGE_CURVE ( 'NONE', #412, #1512, #723, .T. ) ;
#2403 = DIRECTION ( 'NONE',  ( 0.0000000000000000000, 1.000000000000000000, 0.0000000000000000000 ) ) ;
#2404 = PRESENTATION_LAYER_ASSIGNMENT (  '', '', ( #1572 ) ) ;
#2405 = ORIENTED_EDGE ( 'NONE', *, *, #127, .T. ) ;
#2406 = ORIENTED_EDGE ( 'NONE', *, *, #309, .T. ) ;
#2407 = EDGE_LOOP ( 'NONE', ( #2411, #357, #111, #2931 ) ) ;
#2408 = VERTEX_POINT ( 'NONE', #3223 ) ;
#2409 = CARTESIAN_POINT ( 'NONE',  ( 7.619999999999954800, 0.0000000000000000000, 6.420000000000056800 ) ) ;
#2410 = VERTEX_POINT ( 'NONE', #3461 ) ;
#2411 = ORIENTED_EDGE ( 'NONE', *, *, #997, .T. ) ;
#2412 = ADVANCED_FACE ( 'NONE', ( #1701 ), #1778, .F. ) ;
#2413 = CARTESIAN_POINT ( 'NONE',  ( 7.019999999999920500, -3.500000000000000000, 11.80000000000005000 ) ) ;
#2414 = VERTEX_POINT ( 'NONE', #737 ) ;
#2415 = LINE ( 'NONE', #2509, #73 ) ;
#2416 = EDGE_LOOP ( 'NONE', ( #3060, #1474, #2831, #1832 ) ) ;
#2417 = ORIENTED_EDGE ( 'NONE', *, *, #2714, .F. ) ;
#2418 = CARTESIAN_POINT ( 'NONE',  ( 7.020000000000064400, -3.500000000000000000, -9.119999999999951300 ) ) ;
#2419 = LINE ( 'NONE', #2646, #1021 ) ;
#2420 = EDGE_LOOP ( 'NONE', ( #2162, #2233, #2322 ) ) ;
#2421 = SURFACE_SIDE_STYLE ('',( #1454 ) ) ;
#2422 = LINE ( 'NONE', #621, #3017 ) ;
#2423 = ADVANCED_FACE ( 'NONE', ( #582 ), #3197, .T. ) ;
#2424 = DIRECTION ( 'NONE',  ( 5.656211598198025200E-031, 1.000000000000000000, -8.095994489448964300E-017 ) ) ;
#2425 = VECTOR ( 'NONE', #2257, 1000.000000000000000 ) ;
#2426 = STYLED_ITEM ( 'NONE', ( #251 ), #609 ) ;
#2427 = AXIS2_PLACEMENT_3D ( 'NONE', #322, #3401, #893 ) ;
#2428 = CARTESIAN_POINT ( 'NONE',  ( 9.888003690805179600, 10.00523538966157500, -15.89999999999993500 ) ) ;
#2429 = LINE ( 'NONE', #594, #1031 ) ;
#2430 = AXIS2_PLACEMENT_3D ( 'NONE', #2934, #1552, #3504 ) ;
#2431 = LINE ( 'NONE', #2637, #1450 ) ;
#2432 = ADVANCED_FACE ( 'NONE', ( #3547 ), #2321, .F. ) ;
#2433 = CARTESIAN_POINT ( 'NONE',  ( 9.888003690805080100, 10.00523538966157500, -1.649999999999929300 ) ) ;
#2434 = VECTOR ( 'NONE', #184, 1000.000000000000000 ) ;
#2435 = CIRCLE ( 'NONE', #176, 0.2999999999999999300 ) ;
#2436 = CARTESIAN_POINT ( 'NONE',  ( -8.219999999999926000, -3.500000000000000400, -11.06000000000006100 ) ) ;
#2437 = LINE ( 'NONE', #1583, #3472 ) ;
#2438 = CARTESIAN_POINT ( 'NONE',  ( 7.619999999999921900, -3.499999999999997800, 11.20000000000005600 ) ) ;
#2439 = ORIENTED_EDGE ( 'NONE', *, *, #3241, .F. ) ;
#2440 = DIRECTION ( 'NONE',  ( -0.02617694830787320500, -0.9996573249755572600, -1.828834725831194600E-016 ) ) ;
#2441 =( LENGTH_UNIT ( ) NAMED_UNIT ( * ) SI_UNIT ( .MILLI., .METRE. ) );
#2442 = CARTESIAN_POINT ( 'NONE',  ( -7.619999999999923700, -3.500000000000000000, -11.06000000000005900 ) ) ;
#2443 = EDGE_LOOP ( 'NONE', ( #201, #517, #498, #2869 ) ) ;
#2444 = DIRECTION ( 'NONE',  ( -0.02617694830787316300, -0.9996573249755572600, -1.246588742903018700E-017 ) ) ;
#2445 = AXIS2_PLACEMENT_3D ( 'NONE', #1314, #1891, #3267 ) ;
#2446 = ORIENTED_EDGE ( 'NONE', *, *, #904, .F. ) ;
#2447 = EDGE_CURVE ( 'NONE', #503, #1615, #2093, .T. ) ;
#2448 = EDGE_CURVE ( 'NONE', #1781, #1127, #2753, .T. ) ;
#2449 = ORIENTED_EDGE ( 'NONE', *, *, #874, .T. ) ;
#2450 = DIRECTION ( 'NONE',  ( 0.9996573249755573700, 0.02617694830787320800, 6.984038048839142400E-015 ) ) ;
#2451 = PLANE ( 'NONE',  #1199 ) ;
#2452 = ORIENTED_EDGE ( 'NONE', *, *, #2715, .F. ) ;
#2453 = EDGE_CURVE ( 'NONE', #3010, #281, #2709, .T. ) ;
#2454 = CARTESIAN_POINT ( 'NONE',  ( -10.14999999999989000, 0.0000000000000000000, -15.90000000000007300 ) ) ;
#2455 = CARTESIAN_POINT ( 'NONE',  ( -7.619999999999921100, 0.0000000000000000000, -11.36000000000005600 ) ) ;
#2456 = EDGE_LOOP ( 'NONE', ( #3092, #1928, #1756, #2767 ) ) ;
#2457 = LINE ( 'NONE', #1014, #28 ) ;
#2458 = ORIENTED_EDGE ( 'NONE', *, *, #2978, .T. ) ;
#2459 = CIRCLE ( 'NONE', #3326, 0.2999999999999999300 ) ;
#2460 = EDGE_LOOP ( 'NONE', ( #199, #95, #3351, #2276 ) ) ;
#2461 = ORIENTED_EDGE ( 'NONE', *, *, #1249, .T. ) ;
#2462 = DIRECTION ( 'NONE',  ( 1.131242319639605000E-030, -1.000000000000000000, -1.619198897889792900E-016 ) ) ;
#2463 = FACE_OUTER_BOUND ( 'NONE', #3041, .T. ) ;
#2464 = PLANE ( 'NONE',  #3086 ) ;
#2465 =( NAMED_UNIT ( * ) SI_UNIT ( $, .STERADIAN. ) SOLID_ANGLE_UNIT ( ) );
#2466 = DIRECTION ( 'NONE',  ( -6.986432124638220300E-015, -0.0000000000000000000, 1.000000000000000000 ) ) ;
#2467 = CARTESIAN_POINT ( 'NONE',  ( -10.15000000000006100, 3.469446951953614200E-015, 7.549999999999927900 ) ) ;
#2468 = CARTESIAN_POINT ( 'NONE',  ( -7.920000000000079900, 0.0000000000000000000, 11.49999999999994700 ) ) ;
#2469 = CIRCLE ( 'NONE', #2528, 0.2999999999999990500 ) ;
#2470 = CARTESIAN_POINT ( 'NONE',  ( 9.950205440754833900, -0.01046360931669418300, -15.70020544075465600 ) ) ;
#2471 = DIRECTION ( 'NONE',  ( 0.02616798426497959600, 0.9993150019883697600, -0.02616798426497870700 ) ) ;
#2472 = VECTOR ( 'NONE', #2644, 1000.000000000000000 ) ;
#2473 = EDGE_CURVE ( 'NONE', #950, #3102, #2151, .T. ) ;
#2474 = ORIENTED_EDGE ( 'NONE', *, *, #2503, .T. ) ;
#2475 = VECTOR ( 'NONE', #317, 1000.000000000000100 ) ;
#2476 = AXIS2_PLACEMENT_3D ( 'NONE', #449, #2913, #699 ) ;
#2477 = DIRECTION ( 'NONE',  ( 0.02617694830787320500, 0.9996573249755572600, 1.828834725831194600E-016 ) ) ;
#2478 = CARTESIAN_POINT ( 'NONE',  ( -9.888003690804957600, 10.00523538966157700, -15.90000000000007300 ) ) ;
#2479 = DIRECTION ( 'NONE',  ( -1.000000000000000000, 0.0000000000000000000, -5.782411586589375400E-015 ) ) ;
#2480 = CARTESIAN_POINT ( 'NONE',  ( -9.688072225810008900, 9.999999999999998200, 7.549999999999933200 ) ) ;
#2481 = EDGE_CURVE ( 'NONE', #3270, #1646, #1280, .T. ) ;
#2482 = VECTOR ( 'NONE', #414, 1000.000000000000100 ) ;
#2483 = CARTESIAN_POINT ( 'NONE',  ( 9.886088793229127700, 10.11895801442279500, 15.55366448406250200 ) ) ;
#2484 = PLANE ( 'NONE',  #2758 ) ;
#2485 = ORIENTED_EDGE ( 'NONE', *, *, #1655, .F. ) ;
#2486 = CARTESIAN_POINT ( 'NONE',  ( 9.888003690805009100, 10.00523538966157500, 8.550000000000078900 ) ) ;
#2487 = CARTESIAN_POINT ( 'NONE',  ( 8.220000000000078800, -3.500000000000000000, -11.05999999999994200 ) ) ;
#2488 = DIRECTION ( 'NONE',  ( -0.02616798426497921400, -0.9993150019883699800, -0.02616798426497958200 ) ) ;
#2489 = CLOSED_SHELL ( 'NONE', ( #1508, #2575, #2170, #3376 ) ) ;
#2490 = VERTEX_POINT ( 'NONE', #1253 ) ;
#2491 = PLANE ( 'NONE',  #487 ) ;
#2492 = CARTESIAN_POINT ( 'NONE',  ( 9.688072225809849100, 10.00338228684918500, 15.63804362410405000 ) ) ;
#2493 = CARTESIAN_POINT ( 'NONE',  ( -9.805850514225110000, 10.07075504597733800, 15.63608879322913700 ) ) ;
#2494 = ORIENTED_EDGE ( 'NONE', *, *, #1123, .F. ) ;
#2495 = CARTESIAN_POINT ( 'NONE',  ( -9.688072225810037400, 10.00523538966157500, 15.63800369080499800 ) ) ;
#2496 = DIRECTION ( 'NONE',  ( 1.000000000000000000, 0.0000000000000000000, 8.673617379884013400E-015 ) ) ;
#2497 = ORIENTED_EDGE ( 'NONE', *, *, #3348, .F. ) ;
#2498 = ORIENTED_EDGE ( 'NONE', *, *, #553, .F. ) ;
#2499 = AXIS2_PLACEMENT_3D ( 'NONE', #2864, #107, #2314 ) ;
#2500 = ORIENTED_EDGE ( 'NONE', *, *, #1167, .T. ) ;
#2501 = ORIENTED_EDGE ( 'NONE', *, *, #2026, .T. ) ;
#2502 = VERTEX_POINT ( 'NONE', #457 ) ;
#2503 = EDGE_CURVE ( 'NONE', #497, #1129, #1915, .T. ) ;
#2504 = EDGE_CURVE ( 'NONE', #1132, #3148, #170, .T. ) ;
#2505 = CARTESIAN_POINT ( 'NONE',  ( -9.688072225809904100, 9.999999999999998200, -7.550000000000068200 ) ) ;
#2506 = DIRECTION ( 'NONE',  ( -0.9996573249755573700, -0.02617694830787324300, -6.938628282080043200E-015 ) ) ;
#2507 = ORIENTED_EDGE ( 'NONE', *, *, #2584, .F. ) ;
#2508 = FACE_OUTER_BOUND ( 'NONE', #3185, .T. ) ;
#2509 = CARTESIAN_POINT ( 'NONE',  ( -9.606709346345095200, 3.469446951953614200E-015, -8.550000000000066400 ) ) ;
#2510 = VERTEX_POINT ( 'NONE', #1810 ) ;
#2512 = EDGE_CURVE ( 'NONE', #2622, #1940, #1620, .T. ) ;
#2511 = ORIENTED_EDGE ( 'NONE', *, *, #3117, .T. ) ;
#2513 = DIRECTION ( 'NONE',  ( -0.9996573249755573700, 0.02617694830787317000, -6.938628282080044000E-015 ) ) ;
#2514 = VECTOR ( 'NONE', #1535, 1000.000000000000000 ) ;
#2515 = ORIENTED_EDGE ( 'NONE', *, *, #1376, .T. ) ;
#2516 = CARTESIAN_POINT ( 'NONE',  ( 9.888003690805108500, 10.00523538966157500, -5.249999999999930700 ) ) ;
#2517 = CARTESIAN_POINT ( 'NONE',  ( 8.220000000000082400, -3.500000000000000000, -11.65999999999994500 ) ) ;
#2518 = VERTEX_POINT ( 'NONE', #3485 ) ;
#2519 = FACE_OUTER_BOUND ( 'NONE', #2372, .T. ) ;
#2520 = DIRECTION ( 'NONE',  ( 6.982192103103714400E-015, -1.619198897889792900E-016, -1.000000000000000000 ) ) ;
#2521 = DIRECTION ( 'NONE',  ( -1.000000000000000000, -1.937609022028747300E-034, -6.988684636078426300E-015 ) ) ;
#2522 = DIRECTION ( 'NONE',  ( -6.986432124638220300E-015, 0.0000000000000000000, 1.000000000000000000 ) ) ;
#2523 = CARTESIAN_POINT ( 'NONE',  ( -9.888003690804957600, 10.00523538966157700, -15.90000000000007300 ) ) ;
#2524 = DIRECTION ( 'NONE',  ( -6.990672146172726200E-015, 1.619198897889792900E-016, 1.000000000000000000 ) ) ;
#2525 = VECTOR ( 'NONE', #2948, 1000.000000000000000 ) ;
#2526 = ADVANCED_FACE ( 'NONE', ( #3112 ), #1321, .F. ) ;
#2527 = LINE ( 'NONE', #169, #3120 ) ;
#2528 = AXIS2_PLACEMENT_3D ( 'NONE', #9, #3000, #823 ) ;
#2529 = CARTESIAN_POINT ( 'NONE',  ( -10.14999999999998600, 3.407378442316014800E-015, -2.950000000000068100 ) ) ;
#2530 = CIRCLE ( 'NONE', #276, 0.2999999999999990500 ) ;
#2531 = EDGE_CURVE ( 'NONE', #2145, #1008, #888, .T. ) ;
#2532 = EDGE_CURVE ( 'NONE', #123, #156, #2798, .T. ) ;
#2533 = LINE ( 'NONE', #465, #3126 ) ;
#2534 = CARTESIAN_POINT ( 'NONE',  ( -9.950205440754615400, -0.01046360931669418300, -15.70020544075479500 ) ) ;
#2535 = CIRCLE ( 'NONE', #1023, 0.2000000000000025600 ) ;
#2536 = CARTESIAN_POINT ( 'NONE',  ( -9.688072225809961000, 9.999999999999998200, 0.6499999999999330800 ) ) ;
#2537 = CARTESIAN_POINT ( 'NONE',  ( 10.04996572075092200, 3.469446951953614200E-015, 7.113490574408029100E-014 ) ) ;
#2538 = VERTEX_POINT ( 'NONE', #1561 ) ;
#2539 = DIRECTION ( 'NONE',  ( 6.986432124638220300E-015, -0.0000000000000000000, -1.000000000000000000 ) ) ;
#2540 = CARTESIAN_POINT ( 'NONE',  ( 7.919999999999954600, -3.799999999999999800, 6.420000000000058500 ) ) ;
#2541 = ORIENTED_EDGE ( 'NONE', *, *, #2933, .T. ) ;
#2542 = CARTESIAN_POINT ( 'NONE',  ( 10.04996572075087800, 3.469446951953614200E-015, 6.250000000000070200 ) ) ;
#2543 = EDGE_LOOP ( 'NONE', ( #2930, #2969, #1414, #2648, #299, #2604, #785, #972, #331, #2501, #1953, #1304, #1603, #738, #1879, #1118, #1783, #2037, #2124, #980, #1995, #1577, #2790, #938, #2984, #680, #1858, #166, #2358, #3285, #1983, #1609, #1742, #3048, #2739, #1268 ) ) ;
#2544 = DIRECTION ( 'NONE',  ( -0.02617694830787320500, -0.9996573249755572600, -1.828834725831194600E-016 ) ) ;
#2545 = DIRECTION ( 'NONE',  ( 0.0000000000000000000, 1.000000000000000000, 0.0000000000000000000 ) ) ;
#2546 = DIRECTION ( 'NONE',  ( 1.131242319639605000E-030, 1.000000000000000000, -1.619198897889792900E-016 ) ) ;
#2547 = VERTEX_POINT ( 'NONE', #3263 ) ;
#2548 = MECHANICAL_DESIGN_GEOMETRIC_PRESENTATION_REPRESENTATION (  '', ( #2966 ), #3156 ) ;
#2549 = EDGE_LOOP ( 'NONE', ( #2184, #194, #815 ) ) ;
#2550 = VERTEX_POINT ( 'NONE', #3519 ) ;
#2551 = EDGE_CURVE ( 'NONE', #463, #3028, #3373, .T. ) ;
#2552 = ORIENTED_EDGE ( 'NONE', *, *, #429, .T. ) ;
#2553 = ADVANCED_FACE ( 'NONE', ( #3324 ), #3545, .T. ) ;
#2554 = ORIENTED_EDGE ( 'NONE', *, *, #3398, .F. ) ;
#2555 = CARTESIAN_POINT ( 'NONE',  ( -10.04307915638193900, 0.2629872831021538600, 2.949999999999931300 ) ) ;
#2556 = CARTESIAN_POINT ( 'NONE',  ( 9.688072225810064000, 9.999999999999998200, -15.43807222580989000 ) ) ;
#2557 = CYLINDRICAL_SURFACE ( 'NONE', #2116, 0.2999999999999999300 ) ;
#2558 = ORIENTED_EDGE ( 'NONE', *, *, #2616, .T. ) ;
#2559 = AXIS2_PLACEMENT_3D ( 'NONE', #3141, #1459, #1469 ) ;
#2560 = AXIS2_PLACEMENT_3D ( 'NONE', #591, #2186, #3345 ) ;
#2561 = PLANE ( 'NONE',  #1119 ) ;
#2562 = EDGE_LOOP ( 'NONE', ( #3540, #207, #721, #1288 ) ) ;
#2563 = CARTESIAN_POINT ( 'NONE',  ( -9.606709346345166300, 3.469446951953614200E-015, 1.649999999999932400 ) ) ;
#2564 = ORIENTED_EDGE ( 'NONE', *, *, #1018, .T. ) ;
#2565 = CARTESIAN_POINT ( 'NONE',  ( -10.15000000000002900, 3.344185297550341200E-015, 3.949999999999935300 ) ) ;
#2566 = CARTESIAN_POINT ( 'NONE',  ( 7.319999999999919500, -3.799999999999999800, 11.50000000000005300 ) ) ;
#2567 = LINE ( 'NONE', #1745, #1489 ) ;
#2568 = ORIENTED_EDGE ( 'NONE', *, *, #280, .F. ) ;
#2569 = PLANE ( 'NONE',  #719 ) ;
#2570 = DIRECTION ( 'NONE',  ( -0.0000000000000000000, -1.000000000000000000, -0.0000000000000000000 ) ) ;
#2571 = LINE ( 'NONE', #3244, #846 ) ;
#2572 = DIRECTION ( 'NONE',  ( 0.0000000000000000000, 1.000000000000000000, 0.0000000000000000000 ) ) ;
#2573 = LINE ( 'NONE', #2104, #1848 ) ;
#2574 = DIRECTION ( 'NONE',  ( -1.000000000000000000, 0.0000000000000000000, -5.782411586589375400E-015 ) ) ;
#2575 = ADVANCED_FACE ( 'NONE', ( #2052 ), #3269, .T. ) ;
#2576 = DIRECTION ( 'NONE',  ( -1.000000000000000000, 0.0000000000000000000, -6.938893903907222100E-015 ) ) ;
#2577 = AXIS2_PLACEMENT_3D ( 'NONE', #140, #2619, #2349 ) ;
#2578 = LINE ( 'NONE', #1661, #1501 ) ;
#2579 = LINE ( 'NONE', #2908, #351 ) ;
#2580 = CARTESIAN_POINT ( 'NONE',  ( 9.888043624104097900, 10.00338228684916200, -15.55366448406239700 ) ) ;
#2581 = PLANE ( 'NONE',  #965 ) ;
#2582 =( GEOMETRIC_REPRESENTATION_CONTEXT ( 3 ) GLOBAL_UNCERTAINTY_ASSIGNED_CONTEXT ( ( #96 ) ) GLOBAL_UNIT_ASSIGNED_CONTEXT ( ( #1918, #283, #828 ) ) REPRESENTATION_CONTEXT ( 'NONE', 'WORKASPACE' ) );
#2583 = CARTESIAN_POINT ( 'NONE',  ( 9.606709346345132500, 3.469446951953614200E-015, 2.950000000000067200 ) ) ;
#2584 = EDGE_CURVE ( 'NONE', #3364, #187, #1061, .T. ) ;
#2585 = EDGE_CURVE ( 'NONE', #657, #1937, #1486, .T. ) ;
#2586 = DIRECTION ( 'NONE',  ( 0.0000000000000000000, 1.000000000000000000, 0.0000000000000000000 ) ) ;
#2587 = CLOSED_SHELL ( 'NONE', ( #133, #20, #3457, #93 ) ) ;
#2588 = DIRECTION ( 'NONE',  ( 6.986432124638220300E-015, 0.0000000000000000000, -1.000000000000000000 ) ) ;
#2589 = DIRECTION ( 'NONE',  ( 0.02617694830787316600, 0.9996573249755572600, 1.828834725831191800E-016 ) ) ;
#2590 = DIRECTION ( 'NONE',  ( 0.9996573249755573700, -0.02617694830787317000, 8.627347544888220500E-015 ) ) ;
#2591 = EDGE_CURVE ( 'NONE', #1423, #3056, #3243, .T. ) ;
#2592 = EDGE_LOOP ( 'NONE', ( #2159, #3097, #1871, #2621 ) ) ;
#2593 = CARTESIAN_POINT ( 'NONE',  ( 7.620000000000061400, -3.500000000000000000, -8.819999999999947000 ) ) ;
#2594 = VERTEX_POINT ( 'NONE', #2693 ) ;
#2595 = CARTESIAN_POINT ( 'NONE',  ( -10.04996572075092200, 3.469446951953614200E-015, -7.067415455352371700E-014 ) ) ;
#2596 = ORIENTED_EDGE ( 'NONE', *, *, #3443, .F. ) ;
#2597 = CARTESIAN_POINT ( 'NONE',  ( -9.606709346345116500, 16.92727801214173400, -5.250000000000068400 ) ) ;
#2598 = ADVANCED_FACE ( 'NONE', ( #2128 ), #1050, .T. ) ;
#2599 = CARTESIAN_POINT ( 'NONE',  ( -10.04996572075092800, 3.505844573678508600E-015, 0.6499999999999299700 ) ) ;
#2600 =( LENGTH_UNIT ( ) NAMED_UNIT ( * ) SI_UNIT ( .MILLI., .METRE. ) );
#2601 = ORIENTED_EDGE ( 'NONE', *, *, #704, .T. ) ;
#2602 = ORIENTED_EDGE ( 'NONE', *, *, #3302, .F. ) ;
#2603 = CARTESIAN_POINT ( 'NONE',  ( 7.620000000000061400, -3.500000000000000000, -8.819999999999947000 ) ) ;
#2604 = ORIENTED_EDGE ( 'NONE', *, *, #82, .T. ) ;
#2605 = ORIENTED_EDGE ( 'NONE', *, *, #3042, .F. ) ;
#2606 = CARTESIAN_POINT ( 'NONE',  ( -9.688072225810064000, 9.999999999999998200, 15.43807222580988300 ) ) ;
#2607 = CARTESIAN_POINT ( 'NONE',  ( -9.688072225809385400, 10.20000000000003700, -15.55366448406250000 ) ) ;
#2608 = ORIENTED_EDGE ( 'NONE', *, *, #1467, .F. ) ;
#2609 = AXIS2_PLACEMENT_3D ( 'NONE', #1751, #407, #359 ) ;
#2610 = CARTESIAN_POINT ( 'NONE',  ( 9.690027056684810300, 10.00338228684922700, -15.63804362410392400 ) ) ;
#2611 = ORIENTED_EDGE ( 'NONE', *, *, #406, .T. ) ;
#2612 = LINE ( 'NONE', #1234, #2375 ) ;
#2613 = DIRECTION ( 'NONE',  ( 0.02617694830787316600, 0.9996573249755572600, 1.828834725831191800E-016 ) ) ;
#2614 = VERTEX_POINT ( 'NONE', #2974 ) ;
#2615 = ORIENTED_EDGE ( 'NONE', *, *, #1566, .T. ) ;
#2616 = EDGE_CURVE ( 'NONE', #120, #3270, #579, .T. ) ;
#2617 = CARTESIAN_POINT ( 'NONE',  ( -7.919999999999920000, -3.500000000000000000, -11.36000000000005800 ) ) ;
#2618 = LINE ( 'NONE', #3522, #2514 ) ;
#2619 = DIRECTION ( 'NONE',  ( -1.000000000000000000, 0.0000000000000000000, -6.986432124638220300E-015 ) ) ;
#2620 = AXIS2_PLACEMENT_3D ( 'NONE', #3499, #1801, #1532 ) ;
#2621 = ORIENTED_EDGE ( 'NONE', *, *, #2784, .T. ) ;
#2622 = VERTEX_POINT ( 'NONE', #3231 ) ;
#2623 = CARTESIAN_POINT ( 'NONE',  ( 9.606709346345095200, 16.92727801214171600, 8.550000000000070000 ) ) ;
#2624 = VECTOR ( 'NONE', #1857, 1000.000000000000000 ) ;
#2625 = ADVANCED_FACE ( 'NONE', ( #2463 ), #732, .F. ) ;
#2626 = CARTESIAN_POINT ( 'NONE',  ( 7.319999999999919500, -3.500000000000000000, 11.50000000000005300 ) ) ;
#2627 = CARTESIAN_POINT ( 'NONE',  ( 9.805850514225102900, 10.07075504597805700, -15.63608879322914000 ) ) ;
#2628 = CIRCLE ( 'NONE', #994, 0.2999999999999999300 ) ;
#2629 = DIRECTION ( 'NONE',  ( 6.895643712705890200E-015, 2.377378234251031800E-018, -1.000000000000000000 ) ) ;
#2630 = VECTOR ( 'NONE', #2806, 1000.000000000000100 ) ;
#2631 = DIRECTION ( 'NONE',  ( -1.000000000000000000, 0.0000000000000000000, -5.782411586589358000E-015 ) ) ;
#2632 = VECTOR ( 'NONE', #1318, 1000.000000000000000 ) ;
#2633 = FACE_OUTER_BOUND ( 'NONE', #832, .T. ) ;
#2634 = STYLED_ITEM ( 'NONE', ( #1245 ), #1470 ) ;
#2635 = CYLINDRICAL_SURFACE ( 'NONE', #3330, 0.2000000000000008200 ) ;
#2636 = CARTESIAN_POINT ( 'NONE',  ( -9.606709346345148500, 3.469446951953614200E-015, -0.6500000000000669700 ) ) ;
#2637 = CARTESIAN_POINT ( 'NONE',  ( -10.15000000000002900, 0.0000000000000000000, 3.949999999999938000 ) ) ;
#2638 = AXIS2_PLACEMENT_3D ( 'NONE', #2183, #2513, #1695 ) ;
#2639 = ORIENTED_EDGE ( 'NONE', *, *, #549, .T. ) ;
#2640 = ADVANCED_FACE ( 'NONE', ( #931 ), #2985, .T. ) ;
#2641 = AXIS2_PLACEMENT_3D ( 'NONE', #2061, #2590, #1490 ) ;
#2642 = AXIS2_PLACEMENT_3D ( 'NONE', #3271, #1598, #212 ) ;
#2643 = CARTESIAN_POINT ( 'NONE',  ( 9.606709346345116500, 3.469446951953614200E-015, 5.250000000000066600 ) ) ;
#2644 = DIRECTION ( 'NONE',  ( -1.000000000000000000, -6.865438195700476500E-034, -6.982192103103714400E-015 ) ) ;
#2645 = ORIENTED_EDGE ( 'NONE', *, *, #1677, .F. ) ;
#2646 = CARTESIAN_POINT ( 'NONE',  ( -9.888003690804957600, 10.00523538966157700, -15.90000000000007300 ) ) ;
#2647 = CARTESIAN_POINT ( 'NONE',  ( -7.620000000000082700, -3.500000000000000000, 11.79999999999994700 ) ) ;
#2648 = ORIENTED_EDGE ( 'NONE', *, *, #97, .F. ) ;
#2649 = CARTESIAN_POINT ( 'NONE',  ( 9.888003690805067700, 10.00523538966157500, 0.6500000000000685200 ) ) ;
#2650 = ORIENTED_EDGE ( 'NONE', *, *, #1249, .F. ) ;
#2651 = ORIENTED_EDGE ( 'NONE', *, *, #2906, .T. ) ;
#2652 = ORIENTED_EDGE ( 'NONE', *, *, #3236, .T. ) ;
#2653 = CIRCLE ( 'NONE', #2248, 0.2999999999999990500 ) ;
#2654 = ORIENTED_EDGE ( 'NONE', *, *, #2933, .F. ) ;
#2655 = VERTEX_POINT ( 'NONE', #1282 ) ;
#2656 = CARTESIAN_POINT ( 'NONE',  ( -10.15000000000000000, 3.407378442316014800E-015, -0.6500000000000673000 ) ) ;
#2657 = CARTESIAN_POINT ( 'NONE',  ( 9.783503977861887100, 10.17576342253238900, 6.789103529190353700E-014 ) ) ;
#2658 = CARTESIAN_POINT ( 'NONE',  ( -7.319999999999921200, -3.500000000000000000, -11.36000000000005400 ) ) ;
#2659 = CIRCLE ( 'NONE', #226, 0.2999999999999999300 ) ;
#2660 = VERTEX_POINT ( 'NONE', #2677 ) ;
#2661 = EDGE_LOOP ( 'NONE', ( #2751, #2699, #790 ) ) ;
#2662 = AXIS2_PLACEMENT_3D ( 'NONE', #2536, #1161, #3123 ) ;
#2663 = DIRECTION ( 'NONE',  ( 6.986432124638220300E-015, -0.0000000000000000000, -1.000000000000000000 ) ) ;
#2664 = CARTESIAN_POINT ( 'NONE',  ( 9.888003690805128100, 10.00523538966157500, -8.549999999999931400 ) ) ;
#2665 = VECTOR ( 'NONE', #1263, 1000.000000000000000 ) ;
#2666 = EDGE_CURVE ( 'NONE', #536, #3280, #1739, .T. ) ;
#2667 = EDGE_CURVE ( 'NONE', #2211, #1524, #2419, .T. ) ;
#2668 = CARTESIAN_POINT ( 'NONE',  ( -9.888003690804957600, 10.00523538966157500, -15.90000000000007300 ) ) ;
#2669 = ORIENTED_EDGE ( 'NONE', *, *, #81, .F. ) ;
#2670 = EDGE_CURVE ( 'NONE', #3316, #3535, #1956, .T. ) ;
#2671 = CARTESIAN_POINT ( 'NONE',  ( 9.688072225809849100, 9.999999999999998200, 15.43807222581002100 ) ) ;
#2672 = CARTESIAN_POINT ( 'NONE',  ( -9.888003690804957600, 10.00523538966157700, -15.90000000000007300 ) ) ;
#2673 =( NAMED_UNIT ( * ) PLANE_ANGLE_UNIT ( ) SI_UNIT ( $, .RADIAN. ) );
#2674 = DIRECTION ( 'NONE',  ( 0.0000000000000000000, 1.000000000000000000, 0.0000000000000000000 ) ) ;
#2675 = VECTOR ( 'NONE', #1589, 1000.000000000000000 ) ;
#2676 = ORIENTED_EDGE ( 'NONE', *, *, #1725, .T. ) ;
#2677 = CARTESIAN_POINT ( 'NONE',  ( 9.888003690805176000, 10.00523538966157500, -15.43807222580988800 ) ) ;
#2678 =( NAMED_UNIT ( * ) SI_UNIT ( $, .STERADIAN. ) SOLID_ANGLE_UNIT ( ) );
#2679 = CIRCLE ( 'NONE', #356, 0.2999999999999990500 ) ;
#2680 = DIRECTION ( 'NONE',  ( -6.986432124638220300E-015, -0.0000000000000000000, 1.000000000000000000 ) ) ;
#2681 = CIRCLE ( 'NONE', #2642, 0.2000000000000005100 ) ;
#2682 = DIRECTION ( 'NONE',  ( 0.02617694830787163300, -0.9996573249755573700, 3.533010577371974600E-016 ) ) ;
#2683 = ORIENTED_EDGE ( 'NONE', *, *, #2297, .F. ) ;
#2684 = CARTESIAN_POINT ( 'NONE',  ( -7.619999999999921100, -3.799999999999999800, -11.36000000000005600 ) ) ;
#2685 = EDGE_CURVE ( 'NONE', #223, #2410, #2618, .T. ) ;
#2686 = ORIENTED_EDGE ( 'NONE', *, *, #3089, .T. ) ;
#2687 = CARTESIAN_POINT ( 'NONE',  ( 10.15000000000011200, 3.283241423040816800E-015, -15.89999999999993500 ) ) ;
#2688 =( NAMED_UNIT ( * ) PLANE_ANGLE_UNIT ( ) SI_UNIT ( $, .RADIAN. ) );
#2689 = AXIS2_PLACEMENT_3D ( 'NONE', #2982, #1591, #461 ) ;
#2690 = ORIENTED_EDGE ( 'NONE', *, *, #1294, .F. ) ;
#2691 = AXIS2_PLACEMENT_3D ( 'NONE', #2556, #3164, #1466 ) ;
#2692 = ORIENTED_EDGE ( 'NONE', *, *, #3580, .F. ) ;
#2693 = CARTESIAN_POINT ( 'NONE',  ( -9.888003690805092600, 10.00523538966157500, 2.949999999999931800 ) ) ;
#2694 = CARTESIAN_POINT ( 'NONE',  ( -7.620000000000078300, -3.500000000000000000, 11.19999999999994400 ) ) ;
#2695 = ORIENTED_EDGE ( 'NONE', *, *, #211, .F. ) ;
#2696 = CARTESIAN_POINT ( 'NONE',  ( -9.688072225809945000, 9.999999999999998200, -1.650000000000068700 ) ) ;
#2697 = ORIENTED_EDGE ( 'NONE', *, *, #1473, .F. ) ;
#2698 = ORIENTED_EDGE ( 'NONE', *, *, #2685, .F. ) ;
#2699 = ORIENTED_EDGE ( 'NONE', *, *, #127, .F. ) ;
#2700 = DIRECTION ( 'NONE',  ( 6.982192103103714400E-015, -1.619198897889792900E-016, -1.000000000000000000 ) ) ;
#2701 = ORIENTED_EDGE ( 'NONE', *, *, #2715, .T. ) ;
#2702 = VERTEX_POINT ( 'NONE', #1815 ) ;
#2703 = FACE_OUTER_BOUND ( 'NONE', #1332, .T. ) ;
#2704 = EDGE_LOOP ( 'NONE', ( #1821, #2564, #2395, #3346, #1141 ) ) ;
#2705 = ORIENTED_EDGE ( 'NONE', *, *, #2272, .F. ) ;
#2706 = DIRECTION ( 'NONE',  ( -1.000000000000000000, 0.0000000000000000000, -8.673617379884037000E-015 ) ) ;
#2707 = LINE ( 'NONE', #264, #1650 ) ;
#2708 = CARTESIAN_POINT ( 'NONE',  ( -10.04996572075095800, 3.469446951953614200E-015, 5.249999999999930700 ) ) ;
#2709 = LINE ( 'NONE', #1510, #2002 ) ;
#2710 = MECHANICAL_DESIGN_GEOMETRIC_PRESENTATION_REPRESENTATION (  '', ( #2247 ), #3282 ) ;
#2711 = AXIS2_PLACEMENT_3D ( 'NONE', #1716, #3387, #71 ) ;
#2712 = LINE ( 'NONE', #2555, #2801 ) ;
#2713 = CARTESIAN_POINT ( 'NONE',  ( -7.619999999999921100, -3.500000000000000000, -11.36000000000005600 ) ) ;
#2714 = EDGE_CURVE ( 'NONE', #1368, #1059, #2296, .T. ) ;
#2715 = EDGE_CURVE ( 'NONE', #1416, #1717, #1579, .T. ) ;
#2716 = ADVANCED_FACE ( 'NONE', ( #1316 ), #3257, .T. ) ;
#2717 = CARTESIAN_POINT ( 'NONE',  ( -9.888003690804957600, 10.00523538966157700, -15.90000000000007300 ) ) ;
#2718 = LINE ( 'NONE', #2861, #2302 ) ;
#2719 = EDGE_CURVE ( 'NONE', #576, #917, #1398, .T. ) ;
#2720 = VECTOR ( 'NONE', #1954, 1000.000000000000000 ) ;
#2721 = CIRCLE ( 'NONE', #3011, 0.2999999999999999300 ) ;
#2722 = LINE ( 'NONE', #2717, #439 ) ;
#2723 = FACE_OUTER_BOUND ( 'NONE', #3001, .T. ) ;
#2724 = ADVANCED_FACE ( 'NONE', ( #2794 ), #2725, .T. ) ;
#2725 = PLANE ( 'NONE',  #2445 ) ;
#2726 = DIRECTION ( 'NONE',  ( -1.000000000000000000, 0.0000000000000000000, -5.782411586589358000E-015 ) ) ;
#2727 = EDGE_LOOP ( 'NONE', ( #2995, #2924, #1567, #2863 ) ) ;
#2728 = UNCERTAINTY_MEASURE_WITH_UNIT (LENGTH_MEASURE( 1.000000000000000100E-005 ), #3546, 'distance_accuracy_value', 'NONE');
#2729 = CARTESIAN_POINT ( 'NONE',  ( -8.389999999999904600, 10.10000000000000000, -13.64000000000006300 ) ) ;
#2730 = ORIENTED_EDGE ( 'NONE', *, *, #3256, .T. ) ;
#2731 = DIRECTION ( 'NONE',  ( 0.0000000000000000000, -1.000000000000000000, 0.0000000000000000000 ) ) ;
#2732 = DIRECTION ( 'NONE',  ( 0.9996573249755573700, 0.02617694830787320800, 6.984038048839142400E-015 ) ) ;
#2733 =( GEOMETRIC_REPRESENTATION_CONTEXT ( 3 ) GLOBAL_UNCERTAINTY_ASSIGNED_CONTEXT ( ( #1959 ) ) GLOBAL_UNIT_ASSIGNED_CONTEXT ( ( #1699, #2220, #3129 ) ) REPRESENTATION_CONTEXT ( 'NONE', 'WORKASPACE' ) );
#2734 = EDGE_CURVE ( 'NONE', #2660, #1311, #204, .T. ) ;
#2735 = EDGE_CURVE ( 'NONE', #218, #561, #1697, .T. ) ;
#2736 = DIRECTION ( 'NONE',  ( 0.02617694830787320500, -0.9996573249755572600, 1.828834725831194600E-016 ) ) ;
#2737 = VERTEX_POINT ( 'NONE', #2084 ) ;
#2738 = DIRECTION ( 'NONE',  ( -6.990672146172726200E-015, 1.619198897889792900E-016, 1.000000000000000000 ) ) ;
#2739 = ORIENTED_EDGE ( 'NONE', *, *, #3490, .T. ) ;
#2740 = ORIENTED_EDGE ( 'NONE', *, *, #1723, .F. ) ;
#2741 = ORIENTED_EDGE ( 'NONE', *, *, #3042, .T. ) ;
#2742 = CARTESIAN_POINT ( 'NONE',  ( -9.606709346345148500, 16.92727801214175900, -0.6500000000000684100 ) ) ;
#2743 = ORIENTED_EDGE ( 'NONE', *, *, #3118, .T. ) ;
#2744 = ORIENTED_EDGE ( 'NONE', *, *, #304, .F. ) ;
#2745 = ORIENTED_EDGE ( 'NONE', *, *, #1168, .T. ) ;
#2746 = LINE ( 'NONE', #1715, #1647 ) ;
#2747 = ORIENTED_EDGE ( 'NONE', *, *, #2734, .F. ) ;
#2748 = ORIENTED_EDGE ( 'NONE', *, *, #2850, .F. ) ;
#2749 = LINE ( 'NONE', #385, #926 ) ;
#2750 = DIRECTION ( 'NONE',  ( 0.02617694830787323900, 0.9996573249755572600, 1.828834725831197000E-016 ) ) ;
#2751 = ORIENTED_EDGE ( 'NONE', *, *, #2907, .F. ) ;
#2752 = ORIENTED_EDGE ( 'NONE', *, *, #1444, .T. ) ;
#2753 = LINE ( 'NONE', #962, #39 ) ;
#2754 = AXIS2_PLACEMENT_3D ( 'NONE', #1006, #2954, #2073 ) ;
#2755 = EDGE_CURVE ( 'NONE', #1904, #3410, #1140, .T. ) ;
#2756 = CARTESIAN_POINT ( 'NONE',  ( -7.619999999999921100, -3.500000000000000000, -11.36000000000005600 ) ) ;
#2757 = FACE_OUTER_BOUND ( 'NONE', #3315, .T. ) ;
#2758 = AXIS2_PLACEMENT_3D ( 'NONE', #844, #63, #2216 ) ;
#2759 = AXIS2_PLACEMENT_3D ( 'NONE', #3399, #336, #2544 ) ;
#2760 = CARTESIAN_POINT ( 'NONE',  ( -10.15000000000001300, 0.0000000000000000000, 1.649999999999938200 ) ) ;
#2761 = DIRECTION ( 'NONE',  ( 0.02617694830787323900, -0.9996573249755572600, 1.828834725831197000E-016 ) ) ;
#2762 = EDGE_CURVE ( 'NONE', #193, #1271, #3283, .T. ) ;
#2763 = LINE ( 'NONE', #2922, #586 ) ;
#2764 = DIRECTION ( 'NONE',  ( 0.9996573249755571500, 0.02617694830787410700, 8.673617379883999200E-015 ) ) ;
#2765 = CARTESIAN_POINT ( 'NONE',  ( 10.15000000000002700, 3.407378442316014800E-015, -2.949999999999926500 ) ) ;
#2766 = VECTOR ( 'NONE', #1145, 1000.000000000000000 ) ;
#2767 = ORIENTED_EDGE ( 'NONE', *, *, #2200, .F. ) ;
#2768 = VECTOR ( 'NONE', #3488, 1000.000000000000000 ) ;
#2769 = CARTESIAN_POINT ( 'NONE',  ( 10.14999999999997200, 3.469446951953614200E-015, 5.250000000000070200 ) ) ;
#2770 = DIRECTION ( 'NONE',  ( 0.0000000000000000000, 1.000000000000000000, 0.0000000000000000000 ) ) ;
#2771 = VECTOR ( 'NONE', #3482, 1000.000000000000000 ) ;
#2772 = CARTESIAN_POINT ( 'NONE',  ( 7.619999999999916600, -3.500000000000000000, 11.80000000000005800 ) ) ;
#2773 = LINE ( 'NONE', #1676, #1295 ) ;
#2774 = DIRECTION ( 'NONE',  ( -1.000000000000000000, 1.734723475976802700E-014, -7.047314121155760700E-015 ) ) ;
#2775 = DIRECTION ( 'NONE',  ( 6.986432124638220300E-015, 0.0000000000000000000, -1.000000000000000000 ) ) ;
#2776 = AXIS2_PLACEMENT_3D ( 'NONE', #1247, #1463, #108 ) ;
#2777 = FILL_AREA_STYLE_COLOUR ( '', #1581 ) ;
#2778 = EDGE_CURVE ( 'NONE', #3102, #576, #977, .T. ) ;
#2779 = EDGE_CURVE ( 'NONE', #1359, #1674, #794, .T. ) ;
#2780 = DIRECTION ( 'NONE',  ( -6.986432124638220300E-015, 0.0000000000000000000, 1.000000000000000000 ) ) ;
#2781 = ORIENTED_EDGE ( 'NONE', *, *, #1276, .F. ) ;
#2782 = PLANE ( 'NONE',  #2895 ) ;
#2783 = DIRECTION ( 'NONE',  ( 6.986432124638220300E-015, -0.0000000000000000000, -1.000000000000000000 ) ) ;
#2784 = EDGE_CURVE ( 'NONE', #778, #2211, #3013, .T. ) ;
#2785 = CARTESIAN_POINT ( 'NONE',  ( 9.688072225809992900, 9.999999999999998200, -5.249999999999932500 ) ) ;
#2786 = CARTESIAN_POINT ( 'NONE',  ( -9.688072225810044500, 10.00338228684918500, 15.63804362410391500 ) ) ;
#2787 = ORIENTED_EDGE ( 'NONE', *, *, #645, .F. ) ;
#2788 = VERTEX_POINT ( 'NONE', #318 ) ;
#2789 = ORIENTED_EDGE ( 'NONE', *, *, #2402, .T. ) ;
#2790 = ORIENTED_EDGE ( 'NONE', *, *, #35, .T. ) ;
#2791 = ORIENTED_EDGE ( 'NONE', *, *, #3236, .F. ) ;
#2792 = VERTEX_POINT ( 'NONE', #1973 ) ;
#2793 = CARTESIAN_POINT ( 'NONE',  ( -9.606709346345207100, 16.92727801214171300, 7.549999999999934100 ) ) ;
#2794 = FACE_OUTER_BOUND ( 'NONE', #364, .T. ) ;
#2795 = CARTESIAN_POINT ( 'NONE',  ( -10.14999999999989000, 3.283241423040816800E-015, -15.90000000000007300 ) ) ;
#2796 = DIRECTION ( 'NONE',  ( 6.986432124638220300E-015, -0.0000000000000000000, -1.000000000000000000 ) ) ;
#2797 = DIRECTION ( 'NONE',  ( -5.656211598198025200E-031, 1.000000000000000000, 8.095994489448964300E-017 ) ) ;
#2798 = LINE ( 'NONE', #1305, #1399 ) ;
#2799 = DIRECTION ( 'NONE',  ( 6.988684636078426300E-015, -8.601994145039524900E-017, -1.000000000000000000 ) ) ;
#2800 = DIRECTION ( 'NONE',  ( -1.000000000000000000, 0.0000000000000000000, -6.938893903907222100E-015 ) ) ;
#2801 = VECTOR ( 'NONE', #613, 1000.000000000000100 ) ;
#2802 = CARTESIAN_POINT ( 'NONE',  ( 7.320000000000079300, -3.799999999999999800, -11.35999999999995000 ) ) ;
#2803 = CARTESIAN_POINT ( 'NONE',  ( 8.220000000000082400, -4.700000000000004600, -11.65999999999994500 ) ) ;
#2804 = LINE ( 'NONE', #1233, #508 ) ;
#2805 = EDGE_CURVE ( 'NONE', #152, #2245, #3370, .T. ) ;
#2806 = DIRECTION ( 'NONE',  ( -0.02616798426497922800, -0.9993150019883697600, -0.02616798426497976900 ) ) ;
#2807 = LINE ( 'NONE', #2193, #2630 ) ;
#2808 = AXIS2_PLACEMENT_3D ( 'NONE', #3389, #3135, #1706 ) ;
#2809 = DIRECTION ( 'NONE',  ( 0.02617694830787297900, 0.9996573249755572600, 3.533010577372067800E-016 ) ) ;
#2810 = VECTOR ( 'NONE', #2680, 1000.000000000000000 ) ;
#2811 = LINE ( 'NONE', #2329, #481 ) ;
#2812 = DIRECTION ( 'NONE',  ( 1.000000000000000000, 0.0000000000000000000, 6.505213034913010000E-015 ) ) ;
#2813 = VERTEX_POINT ( 'NONE', #288 ) ;
#2814 =( NAMED_UNIT ( * ) PLANE_ANGLE_UNIT ( ) SI_UNIT ( $, .RADIAN. ) );
#2815 = ORIENTED_EDGE ( 'NONE', *, *, #12, .F. ) ;
#2816 = CARTESIAN_POINT ( 'NONE',  ( -10.15000000000004500, 3.469446951953614200E-015, 5.249999999999928100 ) ) ;
#2817 = DIRECTION ( 'NONE',  ( 5.656211598198025200E-031, -1.000000000000000000, -8.095994489448964300E-017 ) ) ;
#2818 = DIRECTION ( 'NONE',  ( 0.0000000000000000000, 1.000000000000000000, 0.0000000000000000000 ) ) ;
#2819 = VERTEX_POINT ( 'NONE', #1126 ) ;
#2820 = CARTESIAN_POINT ( 'NONE',  ( 9.606709346345148500, 3.469446951953614200E-015, 0.6500000000000669700 ) ) ;
#2821 = DIRECTION ( 'NONE',  ( 0.0000000000000000000, 1.000000000000000000, 0.0000000000000000000 ) ) ;
#2822 = AXIS2_PLACEMENT_3D ( 'NONE', #960, #3180, #2631 ) ;
#2823 = EDGE_CURVE ( 'NONE', #123, #2655, #2378, .T. ) ;
#2824 = DIRECTION ( 'NONE',  ( 0.02617694830787306900, 0.9996573249755572600, 2.695445536087161000E-016 ) ) ;
#2825 = ORIENTED_EDGE ( 'NONE', *, *, #1616, .F. ) ;
#2826 = VECTOR ( 'NONE', #2227, 1000.000000000000100 ) ;
#2827 = CARTESIAN_POINT ( 'NONE',  ( -10.04996572075088500, 3.473607363863553300E-015, -5.250000000000071100 ) ) ;
#2828 = ORIENTED_EDGE ( 'NONE', *, *, #1596, .T. ) ;
#2829 = ORIENTED_EDGE ( 'NONE', *, *, #2755, .T. ) ;
#2830 = LINE ( 'NONE', #1462, #3411 ) ;
#2831 = ORIENTED_EDGE ( 'NONE', *, *, #2319, .F. ) ;
#2832 = ORIENTED_EDGE ( 'NONE', *, *, #2846, .T. ) ;
#2833 = CARTESIAN_POINT ( 'NONE',  ( -9.783503977861881800, 10.17576342253238600, -0.6500000000000681900 ) ) ;
#2834 = LINE ( 'NONE', #131, #3288 ) ;
#2835 = DIRECTION ( 'NONE',  ( 6.988552135405472900E-015, -8.095994489448964300E-017, -1.000000000000000000 ) ) ;
#2836 = ORIENTED_EDGE ( 'NONE', *, *, #1167, .F. ) ;
#2837 = DIRECTION ( 'NONE',  ( 0.02617694830787316600, -0.9996573249755572600, 1.828834725831191800E-016 ) ) ;
#2838 = ADVANCED_FACE ( 'NONE', ( #240 ), #2464, .F. ) ;
#2839 = CARTESIAN_POINT ( 'NONE',  ( 7.619999999999921900, -3.500000000000000000, 11.20000000000005600 ) ) ;
#2840 = DIRECTION ( 'NONE',  ( 1.000000000000000000, 1.734723475976802700E-014, 8.673617379884013400E-015 ) ) ;
#2841 = LINE ( 'NONE', #1977, #2425 ) ;
#2842 = VECTOR ( 'NONE', #1705, 1000.000000000000000 ) ;
#2843 = DIRECTION ( 'NONE',  ( 0.0000000000000000000, 1.000000000000000000, 0.0000000000000000000 ) ) ;
#2844 = FACE_BOUND ( 'NONE', #1997, .T. ) ;
#2845 = EDGE_CURVE ( 'NONE', #1301, #1950, #504, .T. ) ;
#2846 = EDGE_CURVE ( 'NONE', #1035, #3217, #76, .T. ) ;
#2847 = LINE ( 'NONE', #2320, #3030 ) ;
#2848 = FILL_AREA_STYLE_COLOUR ( '', #850 ) ;
#2849 = LINE ( 'NONE', #2858, #1033 ) ;
#2850 = EDGE_CURVE ( 'NONE', #224, #3198, #2049, .T. ) ;
#2851 = DIRECTION ( 'NONE',  ( -0.02617694830787320500, -0.9996573249755572600, -1.828834725831194600E-016 ) ) ;
#2852 = DIRECTION ( 'NONE',  ( -7.077220536570550400E-015, -2.377378234251031000E-018, 1.000000000000000000 ) ) ;
#2853 = ORIENTED_EDGE ( 'NONE', *, *, #2952, .F. ) ;
#2854 = DIRECTION ( 'NONE',  ( 0.02617694830787320500, -0.9996573249755572600, 1.828834725831194600E-016 ) ) ;
#2855 = PLANE ( 'NONE',  #2776 ) ;
#2856 = ADVANCED_FACE ( 'NONE', ( #2342 ), #3538, .T. ) ;
#2857 = DIRECTION ( 'NONE',  ( -1.131242319639605000E-030, 1.000000000000000000, 1.619198897889792900E-016 ) ) ;
#2858 = CARTESIAN_POINT ( 'NONE',  ( -9.783503977861887100, 10.17576342253238800, -6.789103529190353700E-014 ) ) ;
#2859 = DIRECTION ( 'NONE',  ( -1.000000000000000000, 0.0000000000000000000, -5.782411586589358000E-015 ) ) ;
#2860 = DIRECTION ( 'NONE',  ( 0.0000000000000000000, -1.000000000000000000, 0.0000000000000000000 ) ) ;
#2861 = CARTESIAN_POINT ( 'NONE',  ( 9.606709346345182300, 3.469446951953614200E-015, -3.949999999999932700 ) ) ;
#2862 = CARTESIAN_POINT ( 'NONE',  ( -9.886088793229095700, 10.11895801442299000, -15.43807222580996600 ) ) ;
#2863 = ORIENTED_EDGE ( 'NONE', *, *, #618, .F. ) ;
#2864 = CARTESIAN_POINT ( 'NONE',  ( 9.606709346345109400, 16.92727801214173800, 6.250000000000069300 ) ) ;
#2865 = DIRECTION ( 'NONE',  ( -6.990672146172726200E-015, -1.619198897889792900E-016, 1.000000000000000000 ) ) ;
#2866 = EDGE_CURVE ( 'NONE', #3187, #2237, #839, .T. ) ;
#2867 = ORIENTED_EDGE ( 'NONE', *, *, #84, .F. ) ;
#2868 = VECTOR ( 'NONE', #3227, 1000.000000000000100 ) ;
#2869 = ORIENTED_EDGE ( 'NONE', *, *, #1549, .T. ) ;
#2870 = ORIENTED_EDGE ( 'NONE', *, *, #3447, .T. ) ;
#2871 =( NAMED_UNIT ( * ) SI_UNIT ( $, .STERADIAN. ) SOLID_ANGLE_UNIT ( ) );
#2872 = ORIENTED_EDGE ( 'NONE', *, *, #822, .T. ) ;
#2873 = CIRCLE ( 'NONE', #1653, 0.2999999999999999300 ) ;
#2874 = AXIS2_PLACEMENT_3D ( 'NONE', #3047, #298, #45 ) ;
#2875 = PLANE ( 'NONE',  #2609 ) ;
#2876 = ORIENTED_EDGE ( 'NONE', *, *, #2385, .F. ) ;
#2877 = ORIENTED_EDGE ( 'NONE', *, *, #1595, .T. ) ;
#2878 = ADVANCED_FACE ( 'NONE', ( #2935 ), #1395, .T. ) ;
#2879 = DIRECTION ( 'NONE',  ( 0.02617694830787323900, 0.9996573249755572600, 1.828834725831197000E-016 ) ) ;
#2880 = CARTESIAN_POINT ( 'NONE',  ( -9.807013228221899600, 10.00201175063893500, -15.63608879322928400 ) ) ;
#2881 = LINE ( 'NONE', #2467, #677 ) ;
#2882 = DIRECTION ( 'NONE',  ( -1.000000000000000000, 0.0000000000000000000, -5.782411586589358000E-015 ) ) ;
#2883 = ORIENTED_EDGE ( 'NONE', *, *, #3289, .T. ) ;
#2884 = CARTESIAN_POINT ( 'NONE',  ( -10.04307915638195300, 0.2629872831021538000, 5.249999999999930700 ) ) ;
#2885 = CIRCLE ( 'NONE', #78, 0.2999999999999999300 ) ;
#2886 = CARTESIAN_POINT ( 'NONE',  ( 10.15000000000011000, 10.00523538966157500, -15.63800369080500400 ) ) ;
#2887 = CIRCLE ( 'NONE', #2344, 0.2999999999999990500 ) ;
#2888 = ORIENTED_EDGE ( 'NONE', *, *, #2053, .T. ) ;
#2889 = SURFACE_SIDE_STYLE ('',( #1107 ) ) ;
#2890 = VECTOR ( 'NONE', #1204, 1000.000000000000000 ) ;
#2891 = CARTESIAN_POINT ( 'NONE',  ( 7.619999999999919300, -3.500000000000000000, 11.50000000000005500 ) ) ;
#2892 = CARTESIAN_POINT ( 'NONE',  ( -9.803664484062000600, 10.20000000000061200, 15.43807222580988300 ) ) ;
#2893 = CARTESIAN_POINT ( 'NONE',  ( -10.15000000000001100, 3.407378442316014800E-015, 0.6499999999999317400 ) ) ;
#2894 = DIRECTION ( 'NONE',  ( -6.986432124638220300E-015, 0.0000000000000000000, 1.000000000000000000 ) ) ;
#2895 = AXIS2_PLACEMENT_3D ( 'NONE', #3338, #2450, #1941 ) ;
#2896 = CARTESIAN_POINT ( 'NONE',  ( -9.888043624103914900, 10.00338228684919000, -15.55366448406250500 ) ) ;
#2897 = VECTOR ( 'NONE', #3207, 1000.000000000000000 ) ;
#2898 = FACE_OUTER_BOUND ( 'NONE', #3455, .T. ) ;
#2899 = ORIENTED_EDGE ( 'NONE', *, *, #1744, .F. ) ;
#2900 = DIRECTION ( 'NONE',  ( 8.673617379884013400E-015, 0.0000000000000000000, -1.000000000000000000 ) ) ;
#2901 = CARTESIAN_POINT ( 'NONE',  ( -7.889999999999903800, 10.10000000000000000, -13.64000000000005900 ) ) ;
#2902 = VECTOR ( 'NONE', #2613, 1000.000000000000100 ) ;
#2903 = ADVANCED_FACE ( 'NONE', ( #377 ), #1644, .F. ) ;
#2904 = AXIS2_PLACEMENT_3D ( 'NONE', #2068, #3507, #432 ) ;
#2905 = DIRECTION ( 'NONE',  ( 6.986432124638220300E-015, 0.0000000000000000000, -1.000000000000000000 ) ) ;
#2906 = EDGE_CURVE ( 'NONE', #463, #2194, #3458, .T. ) ;
#2907 = EDGE_CURVE ( 'NONE', #3562, #2660, #3107, .T. ) ;
#2908 = CARTESIAN_POINT ( 'NONE',  ( 9.606709346345207100, 3.469446951953614200E-015, -7.549999999999932300 ) ) ;
#2909 = EDGE_LOOP ( 'NONE', ( #1226, #2077, #2991, #1874 ) ) ;
#2910 = EDGE_CURVE ( 'NONE', #752, #3287, #1094, .T. ) ;
#2911 = ORIENTED_EDGE ( 'NONE', *, *, #1297, .F. ) ;
#2912 = CARTESIAN_POINT ( 'NONE',  ( -7.620000000000083600, -3.500000000000001800, 11.79999999999994700 ) ) ;
#2913 = DIRECTION ( 'NONE',  ( -6.986432124638220300E-015, -0.0000000000000000000, 1.000000000000000000 ) ) ;
#2914 = ORIENTED_EDGE ( 'NONE', *, *, #852, .F. ) ;
#2915 = DIRECTION ( 'NONE',  ( 6.986432124638220300E-015, -0.0000000000000000000, -1.000000000000000000 ) ) ;
#2916 = DIRECTION ( 'NONE',  ( -1.000000000000000000, 0.0000000000000000000, -5.782411586589358000E-015 ) ) ;
#2917 = ORIENTED_EDGE ( 'NONE', *, *, #1805, .F. ) ;
#2918 = CARTESIAN_POINT ( 'NONE',  ( 9.688072225809849100, 10.00000000000000500, 15.43807222581002500 ) ) ;
#2919 = ORIENTED_EDGE ( 'NONE', *, *, #851, .F. ) ;
#2920 = DIRECTION ( 'NONE',  ( 1.000000000000000000, 0.0000000000000000000, 7.047314121155760700E-015 ) ) ;
#2921 = ADVANCED_FACE ( 'NONE', ( #2164 ), #25, .T. ) ;
#2922 = CARTESIAN_POINT ( 'NONE',  ( -9.783503977861842700, 10.17576342253238800, -6.250000000000070200 ) ) ;
#2923 = ORIENTED_EDGE ( 'NONE', *, *, #729, .T. ) ;
#2924 = ORIENTED_EDGE ( 'NONE', *, *, #741, .F. ) ;
#2925 = AXIS2_PLACEMENT_3D ( 'NONE', #647, #2278, #3139 ) ;
#2926 = CARTESIAN_POINT ( 'NONE',  ( 9.783503977861931500, 10.17576342253238600, -6.249999999999932500 ) ) ;
#2927 = ORIENTED_EDGE ( 'NONE', *, *, #3064, .T. ) ;
#2928 = LINE ( 'NONE', #2657, #3573 ) ;
#2929 = CARTESIAN_POINT ( 'NONE',  ( 9.928429964618962000, 0.8211082747630124000, 15.67842996461914100 ) ) ;
#2930 = ORIENTED_EDGE ( 'NONE', *, *, #996, .T. ) ;
#2931 = ORIENTED_EDGE ( 'NONE', *, *, #2031, .T. ) ;
#2932 = EDGE_CURVE ( 'NONE', #1311, #2338, #2209, .T. ) ;
#2933 = EDGE_CURVE ( 'NONE', #1907, #2251, #2881, .T. ) ;
#2934 = CARTESIAN_POINT ( 'NONE',  ( 10.15000000000011200, 0.0000000000000000000, -15.89999999999993500 ) ) ;
#2935 = FACE_OUTER_BOUND ( 'NONE', #1669, .T. ) ;
#2936 = DIRECTION ( 'NONE',  ( -0.02617694830787314600, 0.9996573249755572600, -1.246588742903016300E-017 ) ) ;
#2937 = EDGE_LOOP ( 'NONE', ( #3050, #2280, #887, #1112, #795 ) ) ;
#2938 = VECTOR ( 'NONE', #940, 1000.000000000000000 ) ;
#2939 = MANIFOLD_SOLID_BREP ( 'Body-Move/Copy1[6]', #2587 ) ;
#2940 = DIRECTION ( 'NONE',  ( 6.982192103103714400E-015, -1.619198897889792900E-016, -1.000000000000000000 ) ) ;
#2941 = LINE ( 'NONE', #590, #2169 ) ;
#2942 = SURFACE_STYLE_USAGE ( .BOTH. , #160 ) ;
#2943 = ORIENTED_EDGE ( 'NONE', *, *, #1419, .F. ) ;
#2944 = FACE_OUTER_BOUND ( 'NONE', #1980, .T. ) ;
#2945 = CARTESIAN_POINT ( 'NONE',  ( -9.606709346345182300, 16.92727801214174500, 3.949999999999935300 ) ) ;
#2946 = CYLINDRICAL_SURFACE ( 'NONE', #1022, 0.5000000000000004400 ) ;
#2947 = FACE_OUTER_BOUND ( 'NONE', #2727, .T. ) ;
#2948 = DIRECTION ( 'NONE',  ( 6.986432124638220300E-015, -0.0000000000000000000, -1.000000000000000000 ) ) ;
#2949 = AXIS2_PLACEMENT_3D ( 'NONE', #2315, #3465, #672 ) ;
#2950 = CARTESIAN_POINT ( 'NONE',  ( 0.0000000000000000000, 0.0000000000000000000, 0.0000000000000000000 ) ) ;
#2951 = LINE ( 'NONE', #2886, #947 ) ;
#2952 = EDGE_CURVE ( 'NONE', #2594, #2082, #200, .T. ) ;
#2953 = DIRECTION ( 'NONE',  ( 0.02617694830787297900, 0.9996573249755572600, 3.533010577372067800E-016 ) ) ;
#2954 = DIRECTION ( 'NONE',  ( -0.9996573249755573700, -0.02617694830787324300, -7.074857582357340800E-015 ) ) ;
#2955 = AXIS2_PLACEMENT_3D ( 'NONE', #121, #3172, #143 ) ;
#2956 = ORIENTED_EDGE ( 'NONE', *, *, #2180, .F. ) ;
#2957 = PRODUCT_DEFINITION_FORMATION_WITH_SPECIFIED_SOURCE ( 'ANY', '', #1900, .NOT_KNOWN. ) ;
#2958 = DIRECTION ( 'NONE',  ( -1.000000000000000000, 0.0000000000000000000, -6.938893903907222100E-015 ) ) ;
#2959 = EDGE_CURVE ( 'NONE', #716, #497, #1275, .T. ) ;
#2960 = CARTESIAN_POINT ( 'NONE',  ( 10.04996572075091700, 3.505844573678508600E-015, 0.6500000000000697400 ) ) ;
#2961 = CARTESIAN_POINT ( 'NONE',  ( 9.688072225809984100, 9.999999999999998200, -3.949999999999934500 ) ) ;
#2962 = ORIENTED_EDGE ( 'NONE', *, *, #2384, .F. ) ;
#2963 = CARTESIAN_POINT ( 'NONE',  ( 9.783503977861924400, 10.17576342253238900, -5.249999999999931600 ) ) ;
#2964 = VERTEX_POINT ( 'NONE', #2345 ) ;
#2965 = VECTOR ( 'NONE', #2837, 1000.000000000000100 ) ;
#2966 = STYLED_ITEM ( 'NONE', ( #3474 ), #1322 ) ;
#2967 = EDGE_LOOP ( 'NONE', ( #3265, #310, #292, #2090 ) ) ;
#2968 = CARTESIAN_POINT ( 'NONE',  ( -9.950068535005003800, 4.336808689942017700E-016, 15.89999999999992800 ) ) ;
#2969 = ORIENTED_EDGE ( 'NONE', *, *, #2324, .T. ) ;
#2970 = LINE ( 'NONE', #2595, #3057 ) ;
#2971 = ORIENTED_EDGE ( 'NONE', *, *, #2975, .T. ) ;
#2972 = ORIENTED_EDGE ( 'NONE', *, *, #1473, .T. ) ;
#2973 = AXIS2_PLACEMENT_3D ( 'NONE', #53, #554, #3 ) ;
#2974 = CARTESIAN_POINT ( 'NONE',  ( -7.619999999999918400, -3.500000000000000000, -11.66000000000005500 ) ) ;
#2975 = EDGE_CURVE ( 'NONE', #1084, #3287, #2707, .T. ) ;
#2976 = EDGE_CURVE ( 'NONE', #716, #2239, #1310, .T. ) ;
#2977 = DIRECTION ( 'NONE',  ( 0.0000000000000000000, 1.000000000000000000, 0.0000000000000000000 ) ) ;
#2978 = EDGE_CURVE ( 'NONE', #1416, #700, #2970, .T. ) ;
#2979 = EDGE_LOOP ( 'NONE', ( #1847, #2745, #387, #1831, #366 ) ) ;
#2980 = CARTESIAN_POINT ( 'NONE',  ( 10.14999999999988500, 0.0000000000000000000, 15.81720229030762100 ) ) ;
#2981 = CARTESIAN_POINT ( 'NONE',  ( 10.04996572075090800, 3.488170767176124800E-015, 1.650000000000069900 ) ) ;
#2982 = CARTESIAN_POINT ( 'NONE',  ( 10.15000000000011200, 0.0000000000000000000, -15.89999999999993500 ) ) ;
#2983 = VECTOR ( 'NONE', #86, 1000.000000000000000 ) ;
#2984 = ORIENTED_EDGE ( 'NONE', *, *, #1723, .T. ) ;
#2985 = PLANE ( 'NONE',  #10 ) ;
#2986 = LINE ( 'NONE', #3067, #2217 ) ;
#2987 = CARTESIAN_POINT ( 'NONE',  ( 10.04996572075090800, 3.469446951953614200E-015, 1.650000000000069600 ) ) ;
#2988 = CYLINDRICAL_SURFACE ( 'NONE', #769, 0.2999999999999999300 ) ;
#2989 = FACE_OUTER_BOUND ( 'NONE', #337, .T. ) ;
#2990 = DIRECTION ( 'NONE',  ( 0.0000000000000000000, 1.000000000000000000, 0.0000000000000000000 ) ) ;
#2991 = ORIENTED_EDGE ( 'NONE', *, *, #2473, .T. ) ;
#2992 = DIRECTION ( 'NONE',  ( -6.986432124638220300E-015, 0.0000000000000000000, 1.000000000000000000 ) ) ;
#2993 = AXIS2_PLACEMENT_3D ( 'NONE', #2945, #3494, #1279 ) ;
#2994 = EDGE_CURVE ( 'NONE', #2518, #2087, #2873, .T. ) ;
#2995 = ORIENTED_EDGE ( 'NONE', *, *, #1867, .F. ) ;
#2996 = CARTESIAN_POINT ( 'NONE',  ( 7.620000000000063200, -3.500000000000000000, -9.119999999999944200 ) ) ;
#2997 = CARTESIAN_POINT ( 'NONE',  ( 9.688072225809929000, 9.999999999999998200, 3.950000000000069000 ) ) ;
#2998 = ORIENTED_EDGE ( 'NONE', *, *, #2845, .T. ) ;
#2999 = ORIENTED_EDGE ( 'NONE', *, *, #548, .T. ) ;
#3000 = DIRECTION ( 'NONE',  ( 0.0000000000000000000, 1.000000000000000000, 0.0000000000000000000 ) ) ;
#3001 = EDGE_LOOP ( 'NONE', ( #1795, #1683, #1998, #3108 ) ) ;
#3002 = ORIENTED_EDGE ( 'NONE', *, *, #645, .T. ) ;
#3003 = CARTESIAN_POINT ( 'NONE',  ( 10.15000000000002900, 0.0000000000000000000, -3.949999999999924200 ) ) ;
#3004 = ORIENTED_EDGE ( 'NONE', *, *, #1276, .T. ) ;
#3005 = ADVANCED_FACE ( 'NONE', ( #574 ), #1768, .T. ) ;
#3006 = DIRECTION ( 'NONE',  ( 6.986432124638220300E-015, 0.0000000000000000000, -1.000000000000000000 ) ) ;
#3007 = ORIENTED_EDGE ( 'NONE', *, *, #3167, .T. ) ;
#3008 = LINE ( 'NONE', #2563, #274 ) ;
#3009 = ORIENTED_EDGE ( 'NONE', *, *, #2481, .F. ) ;
#3010 = VERTEX_POINT ( 'NONE', #157 ) ;
#3011 = AXIS2_PLACEMENT_3D ( 'NONE', #492, #1081, #2726 ) ;
#3012 = CARTESIAN_POINT ( 'NONE',  ( 7.019999999999959600, -4.699999999999992200, 6.120000000000053400 ) ) ;
#3013 = LINE ( 'NONE', #2816, #884 ) ;
#3014 = ORIENTED_EDGE ( 'NONE', *, *, #3473, .F. ) ;
#3015 = CARTESIAN_POINT ( 'NONE',  ( 9.606709346345141400, 16.92727801214176300, 1.650000000000069200 ) ) ;
#3016 = ORIENTED_EDGE ( 'NONE', *, *, #619, .T. ) ;
#3017 = VECTOR ( 'NONE', #1212, 1000.000000000000000 ) ;
#3018 = AXIS2_PLACEMENT_3D ( 'NONE', #192, #2109, #743 ) ;
#3019 = AXIS2_PLACEMENT_3D ( 'NONE', #2480, #2783, #2840 ) ;
#3020 = DIRECTION ( 'NONE',  ( -6.986432124638220300E-015, 0.0000000000000000000, 1.000000000000000000 ) ) ;
#3021 = DIRECTION ( 'NONE',  ( -1.000000000000000000, 0.0000000000000000000, -5.782411586589358000E-015 ) ) ;
#3022 = CARTESIAN_POINT ( 'NONE',  ( 7.919999999999920000, 0.0000000000000000000, 11.50000000000005700 ) ) ;
#3023 = VECTOR ( 'NONE', #2000, 1000.000000000000000 ) ;
#3024 = CARTESIAN_POINT ( 'NONE',  ( -7.019999999999917900, -3.500000000000000000, -11.66000000000005700 ) ) ;
#3025 = CARTESIAN_POINT ( 'NONE',  ( 9.888003690805124500, 10.00523538966157500, -7.549999999999931400 ) ) ;
#3026 = CIRCLE ( 'NONE', #3569, 0.2999999999999999300 ) ;
#3027 = CARTESIAN_POINT ( 'NONE',  ( 8.219999999999913600, -4.699999999999994800, 11.80000000000005800 ) ) ;
#3028 = VERTEX_POINT ( 'NONE', #2301 ) ;
#3029 = CIRCLE ( 'NONE', #903, 0.2000000000000005100 ) ;
#3030 = VECTOR ( 'NONE', #3483, 1000.000000000000000 ) ;
#3031 = CARTESIAN_POINT ( 'NONE',  ( 7.020000000000059100, -4.700000000000001100, -8.519999999999951600 ) ) ;
#3032 = DIRECTION ( 'NONE',  ( -0.9996573249755573700, -0.02617694830787324300, -6.984038048839142400E-015 ) ) ;
#3033 = LINE ( 'NONE', #935, #1714 ) ;
#3034 = CARTESIAN_POINT ( 'NONE',  ( 9.783503977861917300, 10.17576342253238600, -3.949999999999932700 ) ) ;
#3035 = LINE ( 'NONE', #1411, #1374 ) ;
#3036 = EDGE_CURVE ( 'NONE', #1904, #876, #1057, .T. ) ;
#3037 = EDGE_CURVE ( 'NONE', #3028, #2792, #1136, .T. ) ;
#3038 = ADVANCED_FACE ( 'NONE', ( #2044 ), #165, .T. ) ;
#3039 =( BOUNDED_SURFACE ( )  B_SPLINE_SURFACE ( 3, 3, ( 
 ( #3558, #1043, #1862, #804 ),
 ( #2127, #3031, #3567, #1617 ),
 ( #2418, #2147, #2157, #1336 ),
 ( #1315, #1594, #3549, #2996 ) ),
 .UNSPECIFIED., .F., .F., .T. ) 
 B_SPLINE_SURFACE_WITH_KNOTS ( ( 4, 4 ),
 ( 4, 4 ),
 ( 0.0000000000000000000, 1.000000000000000000 ),
 ( 0.0000000000000000000, 1.000000000000000000 ),
 .UNSPECIFIED. ) 
 GEOMETRIC_REPRESENTATION_ITEM ( )  RATIONAL_B_SPLINE_SURFACE ( (
 ( 1.000000000000000000, 0.3333333333333334300, 0.3333333333333334300, 1.000000000000000000),
 ( 0.3333333333333333700, 0.1111111111111111600, 0.1111111111111111600, 0.3333333333333333700),
 ( 0.3333333333333333700, 0.1111111111111111600, 0.1111111111111111600, 0.3333333333333333700),
 ( 1.000000000000000000, 0.3333333333333334300, 0.3333333333333334300, 1.000000000000000000) ) ) 
 REPRESENTATION_ITEM ( '' )  SURFACE ( )  );
#3040 =( LENGTH_UNIT ( ) NAMED_UNIT ( * ) SI_UNIT ( .MILLI., .METRE. ) );
#3041 = EDGE_LOOP ( 'NONE', ( #2494, #1229 ) ) ;
#3042 = EDGE_CURVE ( 'NONE', #1032, #1903, #3365, .T. ) ;
#3043 = DIRECTION ( 'NONE',  ( 0.02616798426497958200, -0.9993150019883699800, -0.02616798426497921400 ) ) ;
#3044 = DIRECTION ( 'NONE',  ( -1.000000000000000000, 0.0000000000000000000, -5.782411586589358000E-015 ) ) ;
#3045 = ORIENTED_EDGE ( 'NONE', *, *, #1337, .T. ) ;
#3046 = CARTESIAN_POINT ( 'NONE',  ( -7.019999999999916100, -4.700000000000004600, -11.66000000000005700 ) ) ;
#3047 = CARTESIAN_POINT ( 'NONE',  ( 9.688072225809936100, 9.999999999999998200, 2.950000000000067200 ) ) ;
#3048 = ORIENTED_EDGE ( 'NONE', *, *, #1550, .T. ) ;
#3049 = ORIENTED_EDGE ( 'NONE', *, *, #3037, .T. ) ;
#3050 = ORIENTED_EDGE ( 'NONE', *, *, #678, .F. ) ;
#3051 = LINE ( 'NONE', #2341, #114 ) ;
#3052 = ORIENTED_EDGE ( 'NONE', *, *, #1822, .F. ) ;
#3053 = ADVANCED_FACE ( 'NONE', ( #3578 ), #1628, .T. ) ;
#3054 = DIRECTION ( 'NONE',  ( -6.986432124638220300E-015, 0.0000000000000000000, 1.000000000000000000 ) ) ;
#3055 = DIRECTION ( 'NONE',  ( -5.656211598198026000E-031, 1.000000000000000000, 8.095994489448965500E-017 ) ) ;
#3056 = VERTEX_POINT ( 'NONE', #2034 ) ;
#3057 = VECTOR ( 'NONE', #1256, 1000.000000000000000 ) ;
#3058 = CARTESIAN_POINT ( 'NONE',  ( 9.888003690805097900, 10.00523538966157500, -2.949999999999931800 ) ) ;
#3059 = ORIENTED_EDGE ( 'NONE', *, *, #3322, .F. ) ;
#3060 = ORIENTED_EDGE ( 'NONE', *, *, #1549, .F. ) ;
#3061 = CARTESIAN_POINT ( 'NONE',  ( 9.803664484062370100, 10.20000000000002800, 15.55366448406250200 ) ) ;
#3062 = VECTOR ( 'NONE', #85, 1000.000000000000000 ) ;
#3063 = DIRECTION ( 'NONE',  ( -0.02617694830787306900, 0.9996573249755572600, -9.622239155752097100E-017 ) ) ;
#3064 = EDGE_CURVE ( 'NONE', #74, #3526, #1838, .T. ) ;
#3065 = CARTESIAN_POINT ( 'NONE',  ( -9.783503977861888900, 10.17576342253238900, -6.743028410134696300E-014 ) ) ;
#3066 = VECTOR ( 'NONE', #565, 1000.000000000000200 ) ;
#3067 = CARTESIAN_POINT ( 'NONE',  ( -10.04996572075092200, 3.523657060577889400E-015, -7.067415455352371700E-014 ) ) ;
#3068 = EDGE_CURVE ( 'NONE', #1728, #1600, #535, .T. ) ;
#3069 = FACE_OUTER_BOUND ( 'NONE', #230, .T. ) ;
#3070 = CARTESIAN_POINT ( 'NONE',  ( 9.688072225809913000, 9.999999999999998200, 6.250000000000069300 ) ) ;
#3071 = CARTESIAN_POINT ( 'NONE',  ( -9.783503977861917300, 10.17576342253238800, 3.949999999999933600 ) ) ;
#3072 = LINE ( 'NONE', #1030, #2391 ) ;
#3073 = CARTESIAN_POINT ( 'NONE',  ( -10.14999999999989000, 0.0000000000000000000, -15.90000000000007300 ) ) ;
#3074 = CARTESIAN_POINT ( 'NONE',  ( 7.620000000000076500, -3.500000000000000000, -11.05999999999994700 ) ) ;
#3075 = FACE_OUTER_BOUND ( 'NONE', #2165, .T. ) ;
#3076 = ORIENTED_EDGE ( 'NONE', *, *, #2805, .F. ) ;
#3077 = CARTESIAN_POINT ( 'NONE',  ( -10.14999999999989000, 0.0000000000000000000, -15.90000000000007300 ) ) ;
#3078 = VERTEX_POINT ( 'NONE', #1477 ) ;
#3079 = DIRECTION ( 'NONE',  ( -6.009724823085401700E-031, -1.000000000000000000, 8.601994145039524900E-017 ) ) ;
#3080 = CARTESIAN_POINT ( 'NONE',  ( -9.688072225809000000, 10.19999999999999900, 15.55366448406239000 ) ) ;
#3081 = AXIS2_PLACEMENT_3D ( 'NONE', #703, #656, #2277 ) ;
#3082 = CARTESIAN_POINT ( 'NONE',  ( -9.606709346345132500, 3.469446951953614200E-015, -2.950000000000067200 ) ) ;
#3083 = ORIENTED_EDGE ( 'NONE', *, *, #802, .F. ) ;
#3084 = CARTESIAN_POINT ( 'NONE',  ( -10.15000000000004300, 3.407378442316014800E-015, 5.249999999999929800 ) ) ;
#3085 = MECHANICAL_DESIGN_GEOMETRIC_PRESENTATION_REPRESENTATION (  '', ( #2426 ), #3325 ) ;
#3086 = AXIS2_PLACEMENT_3D ( 'NONE', #599, #1704, #3109 ) ;
#3087 = VERTEX_POINT ( 'NONE', #957 ) ;
#3088 = ORIENTED_EDGE ( 'NONE', *, *, #2173, .F. ) ;
#3089 = EDGE_CURVE ( 'NONE', #556, #787, #2612, .T. ) ;
#3090 = EDGE_CURVE ( 'NONE', #2303, #167, #2749, .T. ) ;
#3091 = DIRECTION ( 'NONE',  ( 0.02617694830787306900, 0.9996573249755572600, 2.695445536087161000E-016 ) ) ;
#3092 = ORIENTED_EDGE ( 'NONE', *, *, #1403, .T. ) ;
#3093 = PLANE ( 'NONE',  #1397 ) ;
#3094 = DIRECTION ( 'NONE',  ( 0.0000000000000000000, 1.000000000000000000, 0.0000000000000000000 ) ) ;
#3095 = EDGE_CURVE ( 'NONE', #528, #787, #2830, .T. ) ;
#3096 = VERTEX_POINT ( 'NONE', #105 ) ;
#3097 = ORIENTED_EDGE ( 'NONE', *, *, #1357, .T. ) ;
#3098 = ORIENTED_EDGE ( 'NONE', *, *, #802, .T. ) ;
#3099 = FACE_OUTER_BOUND ( 'NONE', #2937, .T. ) ;
#3100 = ORIENTED_EDGE ( 'NONE', *, *, #1856, .F. ) ;
#3101 = CARTESIAN_POINT ( 'NONE',  ( 9.783503977861899500, 10.17576342253238800, -1.649999999999933500 ) ) ;
#3102 = VERTEX_POINT ( 'NONE', #2020 ) ;
#3103 = DIRECTION ( 'NONE',  ( -6.986432124638220300E-015, 0.0000000000000000000, 1.000000000000000000 ) ) ;
#3104 = FACE_OUTER_BOUND ( 'NONE', #183, .T. ) ;
#3105 = ORIENTED_EDGE ( 'NONE', *, *, #1266, .F. ) ;
#3106 = EDGE_LOOP ( 'NONE', ( #1217, #3438, #3575, #1765 ) ) ;
#3107 = CIRCLE ( 'NONE', #1098, 0.2000000000000008400 ) ;
#3108 = ORIENTED_EDGE ( 'NONE', *, *, #1909, .F. ) ;
#3109 = DIRECTION ( 'NONE',  ( 1.000000000000000000, 0.0000000000000000000, 6.986432124638220300E-015 ) ) ;
#3110 = DIRECTION ( 'NONE',  ( -6.895643712705890200E-015, -2.377378234251031800E-018, 1.000000000000000000 ) ) ;
#3111 = DIRECTION ( 'NONE',  ( 0.9996573249755573700, -0.02617694830787324300, 6.893218515320944800E-015 ) ) ;
#3112 = FACE_OUTER_BOUND ( 'NONE', #1007, .T. ) ;
#3113 = ADVANCED_FACE ( 'NONE', ( #2508 ), #1103, .F. ) ;
#3114 = AXIS2_PLACEMENT_3D ( 'NONE', #1445, #1147, #602 ) ;
#3115 = CARTESIAN_POINT ( 'NONE',  ( -9.888003690805108500, 10.00523538966157500, 5.249999999999930700 ) ) ;
#3116 = CARTESIAN_POINT ( 'NONE',  ( -9.888003690804957600, 10.00523538966157700, -15.90000000000007300 ) ) ;
#3117 = EDGE_CURVE ( 'NONE', #1937, #2518, #2659, .T. ) ;
#3118 = EDGE_CURVE ( 'NONE', #610, #2218, #2203, .T. ) ;
#3119 = ADVANCED_FACE ( 'NONE', ( #2703 ), #1899, .T. ) ;
#3120 = VECTOR ( 'NONE', #1502, 1000.000000000000100 ) ;
#3121 = LINE ( 'NONE', #1635, #1587 ) ;
#3122 = EDGE_CURVE ( 'NONE', #374, #716, #1911, .T. ) ;
#3123 = DIRECTION ( 'NONE',  ( 1.000000000000000000, 1.734723475976802700E-014, 7.047314121155760700E-015 ) ) ;
#3124 = CARTESIAN_POINT ( 'NONE',  ( 10.14999999999998600, 3.407378442316014800E-015, 2.950000000000073000 ) ) ;
#3125 = DIRECTION ( 'NONE',  ( 1.000000000000000000, -0.0000000000000000000, 6.986432124638220300E-015 ) ) ;
#3126 = VECTOR ( 'NONE', #1842, 1000.000000000000000 ) ;
#3127 = CIRCLE ( 'NONE', #653, 0.2000000000000005100 ) ;
#3128 = ADVANCED_FACE ( 'NONE', ( #755 ), #2451, .T. ) ;
#3129 =( NAMED_UNIT ( * ) SI_UNIT ( $, .STERADIAN. ) SOLID_ANGLE_UNIT ( ) );
#3130 = DIRECTION ( 'NONE',  ( 1.000000000000000000, 1.937609022028747300E-034, 6.984179613198014400E-015 ) ) ;
#3131 = DIRECTION ( 'NONE',  ( -1.131242319639605000E-030, 1.000000000000000000, 1.619198897889792900E-016 ) ) ;
#3132 = ORIENTED_EDGE ( 'NONE', *, *, #2531, .F. ) ;
#3133 = CARTESIAN_POINT ( 'NONE',  ( 7.319999999999955000, -3.799999999999999800, 6.420000000000055000 ) ) ;
#3134 = CARTESIAN_POINT ( 'NONE',  ( -9.606709346345109400, 3.469446951953614200E-015, -6.250000000000066600 ) ) ;
#3135 = DIRECTION ( 'NONE',  ( 0.0000000000000000000, -1.000000000000000000, 0.0000000000000000000 ) ) ;
#3136 = AXIS2_PLACEMENT_3D ( 'NONE', #175, #2115, #3220 ) ;
#3137 = EDGE_CURVE ( 'NONE', #167, #2550, #1996, .T. ) ;
#3138 = CARTESIAN_POINT ( 'NONE',  ( -10.15000000000011200, -4.065757192294872000E-017, 15.70006853500481900 ) ) ;
#3139 = DIRECTION ( 'NONE',  ( -0.02617694830787316600, 0.9996573249755572600, -1.828834725831191800E-016 ) ) ;
#3140 = DIRECTION ( 'NONE',  ( -1.000000000000000000, 0.0000000000000000000, -5.782411586589358000E-015 ) ) ;
#3141 = CARTESIAN_POINT ( 'NONE',  ( 9.606709346345189400, 16.92727801214173400, -5.249999999999934300 ) ) ;
#3142 = EDGE_LOOP ( 'NONE', ( #2088, #2962, #638, #2692 ) ) ;
#3143 = AXIS2_PLACEMENT_3D ( 'NONE', #2997, #2367, #1328 ) ;
#3144 = ADVANCED_FACE ( 'NONE', ( #1391 ), #1370, .T. ) ;
#3145 = ORIENTED_EDGE ( 'NONE', *, *, #2293, .F. ) ;
#3146 = DIRECTION ( 'NONE',  ( -1.000000000000000000, 6.865438195700476500E-034, -6.982192103103714400E-015 ) ) ;
#3147 = CIRCLE ( 'NONE', #2003, 0.2999999999999999300 ) ;
#3148 = VERTEX_POINT ( 'NONE', #23 ) ;
#3149 = DIRECTION ( 'NONE',  ( 5.656211598198025200E-031, 1.000000000000000000, -8.095994489448964300E-017 ) ) ;
#3150 = VERTEX_POINT ( 'NONE', #1082 ) ;
#3151 = ORIENTED_EDGE ( 'NONE', *, *, #3174, .T. ) ;
#3152 = VECTOR ( 'NONE', #306, 1000.000000000000000 ) ;
#3153 = CARTESIAN_POINT ( 'NONE',  ( 10.04996572075097900, 3.780529861911861900E-015, -8.549999999999931400 ) ) ;
#3154 = DIRECTION ( 'NONE',  ( 5.656211598198026000E-031, 1.000000000000000000, -8.095994489448965500E-017 ) ) ;
#3155 = CARTESIAN_POINT ( 'NONE',  ( -10.14999999999989000, 0.0000000000000000000, -15.90000000000007300 ) ) ;
#3156 =( GEOMETRIC_REPRESENTATION_CONTEXT ( 3 ) GLOBAL_UNCERTAINTY_ASSIGNED_CONTEXT ( ( #693 ) ) GLOBAL_UNIT_ASSIGNED_CONTEXT ( ( #2383, #2688, #2678 ) ) REPRESENTATION_CONTEXT ( 'NONE', 'WORKASPACE' ) );
#3157 = DIRECTION ( 'NONE',  ( -1.000000000000000000, 0.0000000000000000000, -5.782411586589375400E-015 ) ) ;
#3158 = FACE_OUTER_BOUND ( 'NONE', #456, .T. ) ;
#3159 =( BOUNDED_SURFACE ( )  B_SPLINE_SURFACE ( 3, 3, ( 
 ( #3074, #1924, #329, #2210 ),
 ( #558, #1684, #2192, #2487 ),
 ( #66, #3357, #2803, #2517 ),
 ( #863, #1384, #316, #1110 ) ),
 .UNSPECIFIED., .F., .F., .F. ) 
 B_SPLINE_SURFACE_WITH_KNOTS ( ( 4, 4 ),
 ( 4, 4 ),
 ( 0.0000000000000000000, 1.000000000000000000 ),
 ( 0.0000000000000000000, 1.000000000000000000 ),
 .UNSPECIFIED. ) 
 GEOMETRIC_REPRESENTATION_ITEM ( )  RATIONAL_B_SPLINE_SURFACE ( (
 ( 1.000000000000000000, 0.3333333333333334300, 0.3333333333333334300, 1.000000000000000000),
 ( 0.3333333333333315900, 0.1111111111111105600, 0.1111111111111105600, 0.3333333333333315900),
 ( 0.3333333333333315900, 0.1111111111111105600, 0.1111111111111105600, 0.3333333333333315900),
 ( 1.000000000000000000, 0.3333333333333334300, 0.3333333333333334300, 1.000000000000000000) ) ) 
 REPRESENTATION_ITEM ( '' )  SURFACE ( )  );
#3160 = CARTESIAN_POINT ( 'NONE',  ( 9.688072225810003600, 10.00338228684919000, -15.63804362410392200 ) ) ;
#3161 = VECTOR ( 'NONE', #2796, 1000.000000000000000 ) ;
#3162 = DIRECTION ( 'NONE',  ( 0.02617694830787323900, 0.9996573249755572600, 1.828834725831197000E-016 ) ) ;
#3163 = ADVANCED_FACE ( 'NONE', ( #371 ), #2204, .F. ) ;
#3164 = DIRECTION ( 'NONE',  ( -6.986432124638220300E-015, -0.0000000000000000000, 1.000000000000000000 ) ) ;
#3165 = VECTOR ( 'NONE', #2586, 1000.000000000000000 ) ;
#3166 = VERTEX_POINT ( 'NONE', #817 ) ;
#3167 = EDGE_CURVE ( 'NONE', #225, #1040, #1481, .T. ) ;
#3168 = EDGE_CURVE ( 'NONE', #2251, #3405, #3541, .T. ) ;
#3169 = LINE ( 'NONE', #3304, #1543 ) ;
#3170 = CARTESIAN_POINT ( 'NONE',  ( -9.606709346345207100, 3.469446951953614200E-015, 7.549999999999932300 ) ) ;
#3171 = LINE ( 'NONE', #1761, #1670 ) ;
#3172 = DIRECTION ( 'NONE',  ( 0.9996573249755573700, -0.02617694830787324600, 6.893218515320944800E-015 ) ) ;
#3173 = CARTESIAN_POINT ( 'NONE',  ( -9.783503977861940400, 10.17576342253238800, 7.549999999999934100 ) ) ;
#3174 = EDGE_CURVE ( 'NONE', #3217, #556, #3238, .T. ) ;
#3175 = DIRECTION ( 'NONE',  ( -0.02617694830787306900, 0.9996573249755572600, -9.622239155752097100E-017 ) ) ;
#3176 = CARTESIAN_POINT ( 'NONE',  ( -9.886088793229129500, 10.11895801442301100, -15.55366448406250300 ) ) ;
#3177 = EDGE_LOOP ( 'NONE', ( #146, #2877, #1752, #1174, #1178 ) ) ;
#3178 = DIRECTION ( 'NONE',  ( 1.000000000000000000, -1.937609022028747300E-034, 6.984179613198014400E-015 ) ) ;
#3179 = VERTEX_POINT ( 'NONE', #1642 ) ;
#3180 = DIRECTION ( 'NONE',  ( 0.0000000000000000000, 1.000000000000000000, 0.0000000000000000000 ) ) ;
#3181 = DIRECTION ( 'NONE',  ( -1.000000000000000000, 1.716359548925119100E-034, -6.988552135405472900E-015 ) ) ;
#3182 = CARTESIAN_POINT ( 'NONE',  ( -10.14999999999989000, 0.0000000000000000000, -15.90000000000007300 ) ) ;
#3183 = ADVANCED_FACE ( 'NONE', ( #671 ), #1153, .F. ) ;
#3184 = CARTESIAN_POINT ( 'NONE',  ( -7.620000000000083600, -3.500000000000000000, 11.79999999999994600 ) ) ;
#3185 = EDGE_LOOP ( 'NONE', ( #1597, #744, #3225, #2701 ) ) ;
#3186 = DIRECTION ( 'NONE',  ( -1.000000000000000000, -1.716359548925119300E-034, -6.988552135405472900E-015 ) ) ;
#3187 = VERTEX_POINT ( 'NONE', #1931 ) ;
#3188 = EDGE_LOOP ( 'NONE', ( #2376, #2336, #1829, #598 ) ) ;
#3189 = CARTESIAN_POINT ( 'NONE',  ( 9.803664484060581300, 10.20000000000214500, -15.43807222580988600 ) ) ;
#3190 = EDGE_CURVE ( 'NONE', #1817, #663, #1951, .T. ) ;
#3191 = ORIENTED_EDGE ( 'NONE', *, *, #742, .T. ) ;
#3192 = DIRECTION ( 'NONE',  ( -5.343685749710869700E-015, 4.301682773191374600E-017, 1.000000000000000000 ) ) ;
#3193 = PRESENTATION_STYLE_ASSIGNMENT (( #747 ) ) ;
#3194 = ORIENTED_EDGE ( 'NONE', *, *, #1403, .F. ) ;
#3195 = ORIENTED_EDGE ( 'NONE', *, *, #2368, .T. ) ;
#3196 = FACE_OUTER_BOUND ( 'NONE', #2592, .T. ) ;
#3197 = PLANE ( 'NONE',  #3347 ) ;
#3198 = VERTEX_POINT ( 'NONE', #1962 ) ;
#3199 = CARTESIAN_POINT ( 'NONE',  ( -9.783503977861851600, 10.17576342253238800, -5.250000000000069300 ) ) ;
#3200 = VERTEX_POINT ( 'NONE', #1177 ) ;
#3201 = CARTESIAN_POINT ( 'NONE',  ( 10.04307915638193000, 0.2629872831021533600, 5.349141514291858500E-014 ) ) ;
#3202 = VECTOR ( 'NONE', #2389, 1000.000000000000200 ) ;
#3203 = ORIENTED_EDGE ( 'NONE', *, *, #3137, .T. ) ;
#3204 = CYLINDRICAL_SURFACE ( 'NONE', #328, 0.2999999999999990500 ) ;
#3205 = ADVANCED_FACE ( 'NONE', ( #1873 ), #1726, .F. ) ;
#3206 = CARTESIAN_POINT ( 'NONE',  ( 10.04996572075086000, 3.469446951953614200E-015, 8.550000000000068200 ) ) ;
#3207 = DIRECTION ( 'NONE',  ( 1.000000000000000000, 6.865438195700476500E-034, 6.990672146172726200E-015 ) ) ;
#3208 = DIRECTION ( 'NONE',  ( 1.000000000000000000, 0.0000000000000000000, 8.673617379884013400E-015 ) ) ;
#3209 = CIRCLE ( 'NONE', #2288, 0.2000000000000005100 ) ;
#3210 = DIRECTION ( 'NONE',  ( 6.984038048839142400E-015, 0.02617694830787320800, -0.9996573249755573700 ) ) ;
#3211 = VECTOR ( 'NONE', #1302, 1000.000000000000200 ) ;
#3212 = VECTOR ( 'NONE', #3426, 1000.000000000000100 ) ;
#3213 = AXIS2_PLACEMENT_3D ( 'NONE', #2016, #3395, #925 ) ;
#3214 = CARTESIAN_POINT ( 'NONE',  ( 10.04996572075093500, 3.903127820947816000E-015, 5.353952765745459600E-014 ) ) ;
#3215 = EDGE_CURVE ( 'NONE', #495, #564, #1015, .T. ) ;
#3216 = FACE_OUTER_BOUND ( 'NONE', #158, .T. ) ;
#3217 = VERTEX_POINT ( 'NONE', #881 ) ;
#3218 = PLANE ( 'NONE',  #1883 ) ;
#3219 = DIRECTION ( 'NONE',  ( -6.986432124638220300E-015, -0.0000000000000000000, 1.000000000000000000 ) ) ;
#3220 = DIRECTION ( 'NONE',  ( 8.673617379884013400E-015, 0.0000000000000000000, -1.000000000000000000 ) ) ;
#3221 = DIRECTION ( 'NONE',  ( -1.000000000000000000, 0.0000000000000000000, -8.673617379884013400E-015 ) ) ;
#3222 = ORIENTED_EDGE ( 'NONE', *, *, #2932, .T. ) ;
#3223 = CARTESIAN_POINT ( 'NONE',  ( -9.888003690805176000, 10.00523538966157500, 15.43807222580989200 ) ) ;
#3224 = DIRECTION ( 'NONE',  ( 0.02617694830787316600, -0.9996573249755572600, 1.828834725831191800E-016 ) ) ;
#3225 = ORIENTED_EDGE ( 'NONE', *, *, #2978, .F. ) ;
#3226 = DIRECTION ( 'NONE',  ( 1.000000000000000000, 0.0000000000000000000, 0.0000000000000000000 ) ) ;
#3227 = DIRECTION ( 'NONE',  ( 0.02617694830787320500, 0.9996573249755572600, 1.828834725831194600E-016 ) ) ;
#3228 = EDGE_LOOP ( 'NONE', ( #797, #2283 ) ) ;
#3229 = VERTEX_POINT ( 'NONE', #1993 ) ;
#3230 = AXIS2_PLACEMENT_3D ( 'NONE', #2785, #587, #3368 ) ;
#3231 = CARTESIAN_POINT ( 'NONE',  ( 7.620000000000059600, -3.500000000000000000, -8.519999999999948100 ) ) ;
#3232 = LINE ( 'NONE', #891, #2965 ) ;
#3233 = DIRECTION ( 'NONE',  ( -0.02617694830787306900, -0.9996573249755572600, -9.622239155752097100E-017 ) ) ;
#3234 = ORIENTED_EDGE ( 'NONE', *, *, #2142, .F. ) ;
#3235 = EDGE_CURVE ( 'NONE', #2245, #120, #501, .T. ) ;
#3236 = EDGE_CURVE ( 'NONE', #1817, #1505, #2459, .T. ) ;
#3237 = CARTESIAN_POINT ( 'NONE',  ( 10.15000000000001600, 3.344560004634646200E-015, -1.649999999999921100 ) ) ;
#3238 = LINE ( 'NONE', #3058, #3453 ) ;
#3239 = ORIENTED_EDGE ( 'NONE', *, *, #509, .F. ) ;
#3241 = EDGE_CURVE ( 'NONE', #1359, #1781, #2373, .T. ) ;
#3240 = EDGE_LOOP ( 'NONE', ( #2743, #1172, #3191, #674 ) ) ;
#3242 = CARTESIAN_POINT ( 'NONE',  ( 10.04307915638196900, 0.2629872831021530800, -7.549999999999933200 ) ) ;
#3243 = CIRCLE ( 'NONE', #740, 0.2999999999999999300 ) ;
#3244 = CARTESIAN_POINT ( 'NONE',  ( 9.888003690805179600, 10.00523538966157700, -15.89999999999993500 ) ) ;
#3245 = CARTESIAN_POINT ( 'NONE',  ( -10.04996572075097900, 3.469446951953614200E-015, 8.549999999999929700 ) ) ;
#3246 = LINE ( 'NONE', #1299, #1362 ) ;
#3247 = DIRECTION ( 'NONE',  ( 6.986432124638220300E-015, -0.0000000000000000000, -1.000000000000000000 ) ) ;
#3248 = DIRECTION ( 'NONE',  ( 1.000000000000000000, 1.734723475976802700E-014, 6.505213034913010000E-015 ) ) ;
#3249 = CARTESIAN_POINT ( 'NONE',  ( 7.619999999999919300, -3.799999999999999800, 11.50000000000005500 ) ) ;
#3250 = VECTOR ( 'NONE', #627, 1000.000000000000100 ) ;
#3251 = CARTESIAN_POINT ( 'NONE',  ( 7.619999999999953900, -3.500000000000000000, 6.720000000000054800 ) ) ;
#3252 = FACE_OUTER_BOUND ( 'NONE', #571, .T. ) ;
#3253 = CARTESIAN_POINT ( 'NONE',  ( 7.920000000000062100, -3.500000000000000000, -8.819999999999945200 ) ) ;
#3254 = APPLICATION_PROTOCOL_DEFINITION ( 'draft international standard', 'automotive_design', 1998, #1846 ) ;
#3255 = LINE ( 'NONE', #2348, #1592 ) ;
#3256 = EDGE_CURVE ( 'NONE', #2237, #2737, #831, .T. ) ;
#3257 = PLANE ( 'NONE',  #1402 ) ;
#3258 = ORIENTED_EDGE ( 'NONE', *, *, #807, .F. ) ;
#3259 = EDGE_LOOP ( 'NONE', ( #3007, #3318, #2057, #340 ) ) ;
#3260 = CARTESIAN_POINT ( 'NONE',  ( 9.606709346345196500, 16.92727801214173800, -6.249999999999935200 ) ) ;
#3261 = EDGE_CURVE ( 'NONE', #2792, #1267, #2160, .T. ) ;
#3262 = ORIENTED_EDGE ( 'NONE', *, *, #2585, .F. ) ;
#3263 = CARTESIAN_POINT ( 'NONE',  ( -7.389999999999903800, 10.10000000000000000, -13.64000000000005700 ) ) ;
#3264 = CARTESIAN_POINT ( 'NONE',  ( -7.620000000000078300, -3.500000000000001800, 11.19999999999994600 ) ) ;
#3265 = ORIENTED_EDGE ( 'NONE', *, *, #2027, .T. ) ;
#3266 = EDGE_LOOP ( 'NONE', ( #455, #2029, #2446, #3532 ) ) ;
#3267 = DIRECTION ( 'NONE',  ( -0.02617694830787320500, 0.9996573249755572600, -1.828834725831194600E-016 ) ) ;
#3268 = ADVANCED_FACE ( 'NONE', ( #921 ), #907, .T. ) ;
#3269 =( BOUNDED_SURFACE ( )  B_SPLINE_SURFACE ( 3, 3, ( 
 ( #1876, #3275, #1298, #3251 ),
 ( #1601, #506, #196, #1331 ),
 ( #3563, #3012, #1034, #515 ),
 ( #488, #221, #480, #2144 ) ),
 .UNSPECIFIED., .F., .F., .T. ) 
 B_SPLINE_SURFACE_WITH_KNOTS ( ( 4, 4 ),
 ( 4, 4 ),
 ( 0.0000000000000000000, 1.000000000000000000 ),
 ( 0.0000000000000000000, 1.000000000000000000 ),
 .UNSPECIFIED. ) 
 GEOMETRIC_REPRESENTATION_ITEM ( )  RATIONAL_B_SPLINE_SURFACE ( (
 ( 1.000000000000000000, 0.3333333333333334300, 0.3333333333333334300, 1.000000000000000000),
 ( 0.3333333333333351500, 0.1111111111111117400, 0.1111111111111117400, 0.3333333333333351500),
 ( 0.3333333333333351500, 0.1111111111111117400, 0.1111111111111117400, 0.3333333333333351500),
 ( 1.000000000000000000, 0.3333333333333334300, 0.3333333333333334300, 1.000000000000000000) ) ) 
 REPRESENTATION_ITEM ( '' )  SURFACE ( )  );
#3270 = VERTEX_POINT ( 'NONE', #608 ) ;
#3271 = CARTESIAN_POINT ( 'NONE',  ( 9.688072225810000000, 9.999999999999998200, -6.249999999999934300 ) ) ;
#3272 = ORIENTED_EDGE ( 'NONE', *, *, #493, .T. ) ;
#3273 = ORIENTED_EDGE ( 'NONE', *, *, #258, .F. ) ;
#3274 = AXIS2_PLACEMENT_3D ( 'NONE', #995, #1824, #3523 ) ;
#3275 = CARTESIAN_POINT ( 'NONE',  ( 7.619999999999953000, -3.500000000000001800, 6.720000000000055700 ) ) ;
#3276 = VERTEX_POINT ( 'NONE', #1406 ) ;
#3277 = CARTESIAN_POINT ( 'NONE',  ( 10.15000000000011200, 3.283241423040816800E-015, -15.89999999999993500 ) ) ;
#3278 = ORIENTED_EDGE ( 'NONE', *, *, #2222, .T. ) ;
#3279 = PRESENTATION_STYLE_ASSIGNMENT (( #18 ) ) ;
#3280 = VERTEX_POINT ( 'NONE', #87 ) ;
#3281 = ORIENTED_EDGE ( 'NONE', *, *, #474, .T. ) ;
#3282 =( GEOMETRIC_REPRESENTATION_CONTEXT ( 3 ) GLOBAL_UNCERTAINTY_ASSIGNED_CONTEXT ( ( #313 ) ) GLOBAL_UNIT_ASSIGNED_CONTEXT ( ( #2600, #2279, #2871 ) ) REPRESENTATION_CONTEXT ( 'NONE', 'WORKASPACE' ) );
#3283 = LINE ( 'NONE', #2478, #163 ) ;
#3284 = EDGE_CURVE ( 'NONE', #3229, #374, #531, .T. ) ;
#3285 = ORIENTED_EDGE ( 'NONE', *, *, #803, .T. ) ;
#3286 = CARTESIAN_POINT ( 'NONE',  ( -7.889999999999903800, 10.10000000000000000, -13.64000000000005900 ) ) ;
#3287 = VERTEX_POINT ( 'NONE', #2827 ) ;
#3288 = VECTOR ( 'NONE', #2281, 1000.000000000000000 ) ;
#3289 = EDGE_CURVE ( 'NONE', #1127, #1053, #2415, .T. ) ;
#3290 = CARTESIAN_POINT ( 'NONE',  ( -9.606709346345095200, 16.92727801214171600, -8.550000000000070000 ) ) ;
#3291 = DIRECTION ( 'NONE',  ( 0.0000000000000000000, 1.000000000000000000, 0.0000000000000000000 ) ) ;
#3292 = DIRECTION ( 'NONE',  ( -1.000000000000000000, 0.0000000000000000000, -5.782411586589375400E-015 ) ) ;
#3293 = FACE_OUTER_BOUND ( 'NONE', #1312, .T. ) ;
#3294 = DIRECTION ( 'NONE',  ( 0.0000000000000000000, 1.000000000000000000, 0.0000000000000000000 ) ) ;
#3295 = VECTOR ( 'NONE', #3294, 1000.000000000000000 ) ;
#3296 = LINE ( 'NONE', #136, #2902 ) ;
#3297 = CARTESIAN_POINT ( 'NONE',  ( -10.15000000000004500, 0.0000000000000000000, 6.249999999999937800 ) ) ;
#3298 = FACE_OUTER_BOUND ( 'NONE', #2460, .T. ) ;
#3299 = DIRECTION ( 'NONE',  ( 1.000000000000000000, 0.0000000000000000000, 8.673617379884013400E-015 ) ) ;
#3300 = AXIS2_PLACEMENT_3D ( 'NONE', #2603, #635, #1713 ) ;
#3301 = EDGE_CURVE ( 'NONE', #2175, #495, #2653, .T. ) ;
#3302 = EDGE_CURVE ( 'NONE', #2788, #223, #3232, .T. ) ;
#3303 = EDGE_LOOP ( 'NONE', ( #1777, #3534, #2125, #325, #1986 ) ) ;
#3304 = CARTESIAN_POINT ( 'NONE',  ( -9.606709346345159200, 3.469446951953614200E-015, 0.6499999999999327400 ) ) ;
#3305 = CARTESIAN_POINT ( 'NONE',  ( 9.606709346345175100, 16.92727801214174100, -2.949999999999934000 ) ) ;
#3306 = EDGE_CURVE ( 'NONE', #3166, #1912, #1269, .T. ) ;
#3307 = PRODUCT_DEFINITION_CONTEXT ( 'detailed design', #172, 'design' ) ;
#3308 = DIRECTION ( 'NONE',  ( -6.986432124638220300E-015, 0.0000000000000000000, 1.000000000000000000 ) ) ;
#3309 = ORIENTED_EDGE ( 'NONE', *, *, #2031, .F. ) ;
#3310 = CARTESIAN_POINT ( 'NONE',  ( 7.619999999999921900, -3.500000000000001800, 11.20000000000006000 ) ) ;
#3311 = ADVANCED_FACE ( 'NONE', ( #3196 ), #381, .T. ) ;
#3312 = ORIENTED_EDGE ( 'NONE', *, *, #2504, .F. ) ;
#3313 = CARTESIAN_POINT ( 'NONE',  ( 9.783503977861887100, 10.17576342253238800, 6.881253767301668400E-014 ) ) ;
#3314 = CARTESIAN_POINT ( 'NONE',  ( 10.04307915638191800, 0.2629872831021538600, 7.016529084843114500E-014 ) ) ;
#3315 = EDGE_LOOP ( 'NONE', ( #1087, #402, #2829, #399 ) ) ;
#3316 = VERTEX_POINT ( 'NONE', #3377 ) ;
#3317 = LINE ( 'NONE', #3477, #2868 ) ;
#3318 = ORIENTED_EDGE ( 'NONE', *, *, #1909, .T. ) ;
#3319 = DIRECTION ( 'NONE',  ( -0.02617694830787320500, -0.9996573249755572600, -1.828834725831194600E-016 ) ) ;
#3320 = ORIENTED_EDGE ( 'NONE', *, *, #741, .T. ) ;
#3321 = ORIENTED_EDGE ( 'NONE', *, *, #2932, .F. ) ;
#3322 = EDGE_CURVE ( 'NONE', #187, #223, #969, .T. ) ;
#3323 = CARTESIAN_POINT ( 'NONE',  ( 7.619999999999916600, -3.500000000000001800, 11.80000000000005800 ) ) ;
#3324 = FACE_OUTER_BOUND ( 'NONE', #3177, .T. ) ;
#3325 =( GEOMETRIC_REPRESENTATION_CONTEXT ( 3 ) GLOBAL_UNCERTAINTY_ASSIGNED_CONTEXT ( ( #1095 ) ) GLOBAL_UNIT_ASSIGNED_CONTEXT ( ( #2441, #1894, #247 ) ) REPRESENTATION_CONTEXT ( 'NONE', 'WORKASPACE' ) );
#3326 = AXIS2_PLACEMENT_3D ( 'NONE', #1440, #3417, #1415 ) ;
#3327 = CARTESIAN_POINT ( 'NONE',  ( -9.888003690805009100, 10.00523538966157500, -8.550000000000066400 ) ) ;
#3328 = CARTESIAN_POINT ( 'NONE',  ( 9.606709346345104100, 16.92727801214171300, 7.550000000000068200 ) ) ;
#3329 = ORIENTED_EDGE ( 'NONE', *, *, #304, .T. ) ;
#3330 = AXIS2_PLACEMENT_3D ( 'NONE', #2039, #1509, #676 ) ;
#3331 = CARTESIAN_POINT ( 'NONE',  ( 9.606709346345159200, 16.92727801214175900, -0.6499999999999341900 ) ) ;
#3332 = DIRECTION ( 'NONE',  ( 0.02616798426497958200, -0.9993150019883699800, -0.02616798426497921400 ) ) ;
#3333 = CARTESIAN_POINT ( 'NONE',  ( -10.15000000000011000, 0.0000000000000000000, 15.70006853500482300 ) ) ;
#3334 = VECTOR ( 'NONE', #1255, 1000.000000000000000 ) ;
#3335 = CARTESIAN_POINT ( 'NONE',  ( -9.688072225809854400, 10.00523538966157500, -15.63800369080513700 ) ) ;
#3336 = VECTOR ( 'NONE', #3379, 1000.000000000000000 ) ;
#3337 = LINE ( 'NONE', #2270, #3212 ) ;
#3338 = CARTESIAN_POINT ( 'NONE',  ( 10.15000000000011200, 0.0000000000000000000, -15.89999999999993500 ) ) ;
#3339 = DIRECTION ( 'NONE',  ( 0.02617694830787314900, 0.9996573249755572600, 3.533010577372079100E-016 ) ) ;
#3340 = LINE ( 'NONE', #1046, #482 ) ;
#3341 = CARTESIAN_POINT ( 'NONE',  ( 9.888043624103879400, 10.00338228684918800, 15.43807222580997200 ) ) ;
#3342 = DIRECTION ( 'NONE',  ( -1.000000000000000000, 0.0000000000000000000, -5.782411586589375400E-015 ) ) ;
#3343 = ORIENTED_EDGE ( 'NONE', *, *, #3122, .T. ) ;
#3344 = CARTESIAN_POINT ( 'NONE',  ( -7.619999999999923700, -3.500000000000000000, -11.06000000000005700 ) ) ;
#3345 = DIRECTION ( 'NONE',  ( -0.02617694830787320500, -0.9996573249755572600, -1.828834725831194600E-016 ) ) ;
#3346 = ORIENTED_EDGE ( 'NONE', *, *, #2173, .T. ) ;
#3347 = AXIS2_PLACEMENT_3D ( 'NONE', #2078, #142, #179 ) ;
#3348 = EDGE_CURVE ( 'NONE', #74, #3571, #3008, .T. ) ;
#3349 = EDGE_CURVE ( 'NONE', #3526, #2594, #1905, .T. ) ;
#3350 = CARTESIAN_POINT ( 'NONE',  ( -9.886088793229319500, 10.11895801442326400, 15.55366448406238600 ) ) ;
#3351 = ORIENTED_EDGE ( 'NONE', *, *, #1636, .F. ) ;
#3352 = EDGE_CURVE ( 'NONE', #3096, #537, #2746, .T. ) ;
#3353 = CARTESIAN_POINT ( 'NONE',  ( -10.04307915638188000, 0.2629872831021538000, -5.250000000000071100 ) ) ;
#3354 = CARTESIAN_POINT ( 'NONE',  ( -9.691420969969581000, 10.00201175063894300, 15.63804362410391500 ) ) ;
#3355 = ORIENTED_EDGE ( 'NONE', *, *, #2591, .T. ) ;
#3356 = CARTESIAN_POINT ( 'NONE',  ( 9.888003690805025100, 10.00523538966157500, 6.250000000000074600 ) ) ;
#3357 = CARTESIAN_POINT ( 'NONE',  ( 7.020000000000079500, -4.700000000000005500, -11.65999999999995400 ) ) ;
#3358 = CARTESIAN_POINT ( 'NONE',  ( -9.606709346345141400, 16.92727801214176300, -1.650000000000069200 ) ) ;
#3359 = VERTEX_POINT ( 'NONE', #1988 ) ;
#3360 = SURFACE_STYLE_FILL_AREA ( #720 ) ;
#3361 = VERTEX_POINT ( 'NONE', #623 ) ;
#3362 = ORIENTED_EDGE ( 'NONE', *, *, #2319, .T. ) ;
#3363 = CARTESIAN_POINT ( 'NONE',  ( -1.104955448555574100E-013, 10.19999999999999900, 15.43807222580995000 ) ) ;
#3364 = VERTEX_POINT ( 'NONE', #3414 ) ;
#3365 = CIRCLE ( 'NONE', #3420, 0.2999999999999999300 ) ;
#3366 = ORIENTED_EDGE ( 'NONE', *, *, #2098, .F. ) ;
#3367 = EDGE_LOOP ( 'NONE', ( #1686, #1054, #705, #2914 ) ) ;
#3368 = DIRECTION ( 'NONE',  ( -1.000000000000000000, 0.0000000000000000000, -8.673617379884013400E-015 ) ) ;
#3369 = DIRECTION ( 'NONE',  ( -0.0000000000000000000, -1.000000000000000000, -0.0000000000000000000 ) ) ;
#3370 = LINE ( 'NONE', #840, #1618 ) ;
#3371 = VERTEX_POINT ( 'NONE', #3429 ) ;
#3372 = CARTESIAN_POINT ( 'NONE',  ( -9.606709346345189400, 3.469446951953614200E-015, 5.249999999999932500 ) ) ;
#3373 = LINE ( 'NONE', #1844, #2624 ) ;
#3374 = EDGE_CURVE ( 'NONE', #616, #3276, #1476, .T. ) ;
#3375 = DIRECTION ( 'NONE',  ( -1.000000000000000000, 0.0000000000000000000, -5.782411586589375400E-015 ) ) ;
#3376 = ADVANCED_FACE ( 'NONE', ( #1731 ), #2308, .F. ) ;
#3377 = CARTESIAN_POINT ( 'NONE',  ( -10.15000000000006600, 1.095956709362984700E-015, 8.549999999999933200 ) ) ;
#3378 = LINE ( 'NONE', #1800, #2472 ) ;
#3379 = DIRECTION ( 'NONE',  ( 0.0000000000000000000, 1.000000000000000000, 0.0000000000000000000 ) ) ;
#3380 = ORIENTED_EDGE ( 'NONE', *, *, #807, .T. ) ;
#3381 =( BOUNDED_SURFACE ( )  B_SPLINE_SURFACE ( 3, 3, ( 
 ( #3344, #1077, #847, #2442 ),
 ( #2436, #1663, #1649, #1363 ),
 ( #1085, #1923, #3046, #3024 ),
 ( #812, #2185, #1351, #799 ) ),
 .UNSPECIFIED., .F., .F., .T. ) 
 B_SPLINE_SURFACE_WITH_KNOTS ( ( 4, 4 ),
 ( 4, 4 ),
 ( 0.0000000000000000000, 1.000000000000000000 ),
 ( 0.0000000000000000000, 1.000000000000000000 ),
 .UNSPECIFIED. ) 
 GEOMETRIC_REPRESENTATION_ITEM ( )  RATIONAL_B_SPLINE_SURFACE ( (
 ( 1.000000000000000000, 0.3333333333333334300, 0.3333333333333334300, 1.000000000000000000),
 ( 0.3333333333333315900, 0.1111111111111105600, 0.1111111111111105600, 0.3333333333333315900),
 ( 0.3333333333333315900, 0.1111111111111105600, 0.1111111111111105600, 0.3333333333333315900),
 ( 1.000000000000000000, 0.3333333333333334300, 0.3333333333333334300, 1.000000000000000000) ) ) 
 REPRESENTATION_ITEM ( '' )  SURFACE ( )  );
#3382 = DIRECTION ( 'NONE',  ( -6.986432124638220300E-015, 0.0000000000000000000, 1.000000000000000000 ) ) ;
#3383 = CARTESIAN_POINT ( 'NONE',  ( -10.04996572075090800, 3.777291346505593100E-015, -1.650000000000069900 ) ) ;
#3384 = VECTOR ( 'NONE', #3583, 1000.000000000000000 ) ;
#3385 = CIRCLE ( 'NONE', #3081, 0.2999999999999999300 ) ;
#3386 = VECTOR ( 'NONE', #1410, 1000.000000000000000 ) ;
#3387 = DIRECTION ( 'NONE',  ( 6.986432124638220300E-015, 0.0000000000000000000, -1.000000000000000000 ) ) ;
#3388 = PLANE ( 'NONE',  #1629 ) ;
#3389 = CARTESIAN_POINT ( 'NONE',  ( 10.04996572075097600, 3.541888297575882500E-015, -7.479999999999932900 ) ) ;
#3390 = ORIENTED_EDGE ( 'NONE', *, *, #309, .F. ) ;
#3391 = MECHANICAL_DESIGN_GEOMETRIC_PRESENTATION_REPRESENTATION (  '', ( #2634 ), #55 ) ;
#3392 = ADVANCED_FACE ( 'NONE', ( #3104 ), #409, .T. ) ;
#3393 = CARTESIAN_POINT ( 'NONE',  ( 9.783503977861952800, 10.17576342253238200, -8.549999999999935000 ) ) ;
#3394 = CARTESIAN_POINT ( 'NONE',  ( 7.620000000000079200, 0.0000000000000000000, -11.35999999999994800 ) ) ;
#3395 = DIRECTION ( 'NONE',  ( -0.9996573249755573700, -0.02617694830787324600, -7.074857582357340800E-015 ) ) ;
#3396 = PRESENTATION_LAYER_ASSIGNMENT (  '', '', ( #1220 ) ) ;
#3397 = AXIS2_PLACEMENT_3D ( 'NONE', #1590, #1290, #2371 ) ;
#3398 = EDGE_CURVE ( 'NONE', #3410, #224, #1387, .T. ) ;
#3399 = CARTESIAN_POINT ( 'NONE',  ( -10.14999999999989000, 0.0000000000000000000, -15.90000000000007300 ) ) ;
#3400 = ADVANCED_FACE ( 'NONE', ( #3408 ), #2557, .T. ) ;
#3401 = DIRECTION ( 'NONE',  ( -6.986432124638220300E-015, -0.0000000000000000000, 1.000000000000000000 ) ) ;
#3402 = EDGE_LOOP ( 'NONE', ( #870, #2205, #2497, #1947 ) ) ;
#3403 = ORIENTED_EDGE ( 'NONE', *, *, #3544, .T. ) ;
#3404 = ORIENTED_EDGE ( 'NONE', *, *, #3284, .F. ) ;
#3405 = VERTEX_POINT ( 'NONE', #3173 ) ;
#3406 = EDGE_LOOP ( 'NONE', ( #1522, #3380, #2316, #825, #2639 ) ) ;
#3407 = CARTESIAN_POINT ( 'NONE',  ( 10.15000000000003200, 3.344185297550340800E-015, -3.949999999999921600 ) ) ;
#3408 = FACE_OUTER_BOUND ( 'NONE', #927, .T. ) ;
#3409 = ORIENTED_EDGE ( 'NONE', *, *, #382, .T. ) ;
#3410 = VERTEX_POINT ( 'NONE', #2893 ) ;
#3411 = VECTOR ( 'NONE', #3431, 1000.000000000000000 ) ;
#3412 = CARTESIAN_POINT ( 'NONE',  ( 10.04996572075089400, 3.469446951953614200E-015, 3.950000000000069900 ) ) ;
#3413 = ORIENTED_EDGE ( 'NONE', *, *, #333, .F. ) ;
#3414 = CARTESIAN_POINT ( 'NONE',  ( 9.888003690805076600, 10.00523538966157500, -0.6499999999999316300 ) ) ;
#3415 = ORIENTED_EDGE ( 'NONE', *, *, #1449, .F. ) ;
#3416 = CARTESIAN_POINT ( 'NONE',  ( -10.14999999999997400, 0.0000000000000000000, -3.950000000000062800 ) ) ;
#3417 = DIRECTION ( 'NONE',  ( 0.0000000000000000000, 1.000000000000000000, 0.0000000000000000000 ) ) ;
#3418 = VECTOR ( 'NONE', #1285, 1000.000000000000100 ) ;
#3419 = ADVANCED_FACE ( 'NONE', ( #2285 ), #2030, .F. ) ;
#3420 = AXIS2_PLACEMENT_3D ( 'NONE', #686, #854, #1438 ) ;
#3421 = CARTESIAN_POINT ( 'NONE',  ( -9.888003690804957600, 10.00523538966157700, -15.90000000000007300 ) ) ;
#3422 = CARTESIAN_POINT ( 'NONE',  ( 9.688072225810064000, 9.999999999999998200, -15.43807222580989200 ) ) ;
#3423 = SURFACE_STYLE_FILL_AREA ( #1120 ) ;
#3424 = EDGE_CURVE ( 'NONE', #3056, #1423, #3147, .T. ) ;
#3425 = EDGE_CURVE ( 'NONE', #1222, #1138, #750, .T. ) ;
#3426 = DIRECTION ( 'NONE',  ( 0.02617694830787320500, -0.9996573249755572600, 1.828834725831194600E-016 ) ) ;
#3427 = LINE ( 'NONE', #1541, #2675 ) ;
#3428 = CARTESIAN_POINT ( 'NONE',  ( -9.688072225809955600, 9.999999999999998200, -6.768505902421399000E-014 ) ) ;
#3429 = CARTESIAN_POINT ( 'NONE',  ( 7.620000000000063200, -3.500000000000000000, -9.119999999999947700 ) ) ;
#3430 = EDGE_CURVE ( 'NONE', #2083, #1352, #714, .T. ) ;
#3431 = DIRECTION ( 'NONE',  ( -7.077220536570550400E-015, -2.377378234251031800E-018, 1.000000000000000000 ) ) ;
#3432 = LINE ( 'NONE', #324, #3336 ) ;
#3433 = FACE_OUTER_BOUND ( 'NONE', #2195, .T. ) ;
#3434 =( BOUNDED_SURFACE ( )  B_SPLINE_SURFACE ( 3, 3, ( 
 ( #2772, #3323, #2187, #222 ),
 ( #2413, #781, #3027, #1610 ),
 ( #538, #1097, #800, #250 ),
 ( #545, #2438, #3310, #1366 ) ),
 .UNSPECIFIED., .F., .F., .T. ) 
 B_SPLINE_SURFACE_WITH_KNOTS ( ( 4, 4 ),
 ( 4, 4 ),
 ( 0.0000000000000000000, 1.000000000000000000 ),
 ( 0.0000000000000000000, 1.000000000000000000 ),
 .UNSPECIFIED. ) 
 GEOMETRIC_REPRESENTATION_ITEM ( )  RATIONAL_B_SPLINE_SURFACE ( (
 ( 1.000000000000000000, 0.3333333333333334300, 0.3333333333333334300, 1.000000000000000000),
 ( 0.3333333333333351500, 0.1111111111111117400, 0.1111111111111117400, 0.3333333333333351500),
 ( 0.3333333333333351500, 0.1111111111111117400, 0.1111111111111117400, 0.3333333333333351500),
 ( 1.000000000000000000, 0.3333333333333334300, 0.3333333333333334300, 1.000000000000000000) ) ) 
 REPRESENTATION_ITEM ( '' )  SURFACE ( )  );
#3435 = DIRECTION ( 'NONE',  ( 0.02617694830787314900, -0.9996573249755572600, 3.533010577372079100E-016 ) ) ;
#3436 = CIRCLE ( 'NONE', #1830, 0.2999999999999999300 ) ;
#3437 = ORIENTED_EDGE ( 'NONE', *, *, #132, .F. ) ;
#3438 = ORIENTED_EDGE ( 'NONE', *, *, #2453, .F. ) ;
#3439 = ADVANCED_FACE ( 'NONE', ( #369 ), #708, .T. ) ;
#3440 = CARTESIAN_POINT ( 'NONE',  ( -9.606709346345125400, 16.92727801214174500, -3.950000000000069000 ) ) ;
#3441 = AXIS2_PLACEMENT_3D ( 'NONE', #7, #261, #1096 ) ;
#3442 = CARTESIAN_POINT ( 'NONE',  ( 10.14999999999989200, 10.00523538966157500, 15.63800369080513700 ) ) ;
#3443 = EDGE_CURVE ( 'NONE', #1160, #2083, #2457, .T. ) ;
#3444 = PLANE ( 'NONE',  #2559 ) ;
#3445 = ORIENTED_EDGE ( 'NONE', *, *, #678, .T. ) ;
#3446 = EDGE_LOOP ( 'NONE', ( #3309, #3273, #1507, #1901, #2747, #1727, #3272, #2474, #1208, #968, #3403, #1089, #373, #1346, #792, #3525, #3076, #3460, #530, #2669, #2690, #1652, #2343, #1551, #1787, #3390, #3194, #2244, #756, #3452, #2091, #151, #3234, #776, #469, #2041 ) ) ;
#3447 = EDGE_CURVE ( 'NONE', #1053, #1544, #3317, .T. ) ;
#3448 = DIRECTION ( 'NONE',  ( -6.986432124638220300E-015, 0.0000000000000000000, 1.000000000000000000 ) ) ;
#3449 = ORIENTED_EDGE ( 'NONE', *, *, #2481, .T. ) ;
#3450 = CARTESIAN_POINT ( 'NONE',  ( -9.688072225809840200, 10.00338228684918500, -15.63804362410405700 ) ) ;
#3451 = ORIENTED_EDGE ( 'NONE', *, *, #1496, .F. ) ;
#3452 = ORIENTED_EDGE ( 'NONE', *, *, #2846, .F. ) ;
#3453 = VECTOR ( 'NONE', #2189, 1000.000000000000200 ) ;
#3454 = CARTESIAN_POINT ( 'NONE',  ( -9.606709346345212500, 16.92727801214171600, 8.549999999999935000 ) ) ;
#3455 = EDGE_LOOP ( 'NONE', ( #1115, #523, #235, #1952 ) ) ;
#3456 = ORIENTED_EDGE ( 'NONE', *, *, #679, .F. ) ;
#3457 = ADVANCED_FACE ( 'NONE', ( #1011 ), #1613, .T. ) ;
#3458 = CIRCLE ( 'NONE', #3230, 0.2000000000000005100 ) ;
#3459 = CARTESIAN_POINT ( 'NONE',  ( 9.783503977861881800, 10.17576342253238800, 0.6500000000000677500 ) ) ;
#3460 = ORIENTED_EDGE ( 'NONE', *, *, #378, .F. ) ;
#3461 = CARTESIAN_POINT ( 'NONE',  ( 10.04996572075093300, 3.777291346505593100E-015, -1.649999999999929300 ) ) ;
#3462 = VECTOR ( 'NONE', #2843, 1000.000000000000000 ) ;
#3463 = DIRECTION ( 'NONE',  ( 0.0000000000000000000, 1.000000000000000000, 0.0000000000000000000 ) ) ;
#3464 = CIRCLE ( 'NONE', #612, 0.2000000000000005100 ) ;
#3465 = DIRECTION ( 'NONE',  ( 1.000000000000000000, -0.0000000000000000000, 6.986432124638220300E-015 ) ) ;
#3466 = AXIS2_PLACEMENT_3D ( 'NONE', #780, #2731, #1019 ) ;
#3467 = CARTESIAN_POINT ( 'NONE',  ( -9.783503977861860400, 10.17576342253238800, -3.950000000000069900 ) ) ;
#3468 = FACE_OUTER_BOUND ( 'NONE', #2407, .T. ) ;
#3469 = EDGE_CURVE ( 'NONE', #1544, #3087, #3051, .T. ) ;
#3470 = VECTOR ( 'NONE', #229, 1000.000000000000000 ) ;
#3471 = DIRECTION ( 'NONE',  ( -1.000000000000000000, -1.716359548925119100E-034, -6.988552135405472900E-015 ) ) ;
#3472 = VECTOR ( 'NONE', #1872, 1000.000000000000000 ) ;
#3473 = EDGE_CURVE ( 'NONE', #2655, #2206, #2085, .T. ) ;
#3474 = PRESENTATION_STYLE_ASSIGNMENT (( #2942 ) ) ;
#3475 = ADVANCED_FACE ( 'NONE', ( #2337 ), #1038, .T. ) ;
#3476 = DIRECTION ( 'NONE',  ( -0.9996573249755573700, -0.02617694830787317000, -5.340728552790067500E-015 ) ) ;
#3477 = CARTESIAN_POINT ( 'NONE',  ( -10.14999999999994200, 0.0000000000000000000, -8.550000000000066400 ) ) ;
#3478 = ORIENTED_EDGE ( 'NONE', *, *, #433, .T. ) ;
#3479 = CARTESIAN_POINT ( 'NONE',  ( 9.688072225807859500, 10.11895801442277900, -15.63608879322914400 ) ) ;
#3480 = PLANE ( 'NONE',  #2171 ) ;
#3481 = ORIENTED_EDGE ( 'NONE', *, *, #1616, .T. ) ;
#3482 = DIRECTION ( 'NONE',  ( -6.986432124638220300E-015, 0.0000000000000000000, 1.000000000000000000 ) ) ;
#3483 = DIRECTION ( 'NONE',  ( 6.941037918672055300E-015, -1.188689117125510700E-018, -1.000000000000000000 ) ) ;
#3484 = PRODUCT_DEFINITION_SHAPE ( 'NONE', 'NONE',  #1929 ) ;
#3485 = CARTESIAN_POINT ( 'NONE',  ( 7.619999999999957500, -3.500000000000000000, 6.120000000000057000 ) ) ;
#3486 = CARTESIAN_POINT ( 'NONE',  ( -7.620000000000081800, -3.500000000000000000, 11.79999999999994400 ) ) ;
#3487 = AXIS2_PLACEMENT_3D ( 'NONE', #375, #919, #2857 ) ;
#3488 = DIRECTION ( 'NONE',  ( -7.031826330604385400E-015, 1.188689117125510700E-018, 1.000000000000000000 ) ) ;
#3489 = EDGE_CURVE ( 'NONE', #241, #2122, #464, .T. ) ;
#3490 = EDGE_CURVE ( 'NONE', #1861, #3087, #159, .T. ) ;
#3491 = DIRECTION ( 'NONE',  ( -8.673617379883925000E-015, 0.02617694830787388100, 0.9996573249755571500 ) ) ;
#3492 = EDGE_CURVE ( 'NONE', #1950, #3493, #2243, .T. ) ;
#3493 = VERTEX_POINT ( 'NONE', #1214 ) ;
#3494 = DIRECTION ( 'NONE',  ( -6.990672146172726200E-015, -1.619198897889792900E-016, 1.000000000000000000 ) ) ;
#3495 = ORIENTED_EDGE ( 'NONE', *, *, #1655, .T. ) ;
#3496 = ORIENTED_EDGE ( 'NONE', *, *, #1083, .F. ) ;
#3497 = CARTESIAN_POINT ( 'NONE',  ( 7.620000000000077400, -3.500000000000000000, -11.05999999999994900 ) ) ;
#3498 = CARTESIAN_POINT ( 'NONE',  ( -10.04996572075093300, 3.488170767176124800E-015, 1.649999999999929300 ) ) ;
#3499 = CARTESIAN_POINT ( 'NONE',  ( 10.15000000000011200, 0.0000000000000000000, -15.89999999999993500 ) ) ;
#3500 = ORIENTED_EDGE ( 'NONE', *, *, #84, .T. ) ;
#3501 = ORIENTED_EDGE ( 'NONE', *, *, #3241, .T. ) ;
#3502 = PLANE ( 'NONE',  #3274 ) ;
#3503 = FACE_OUTER_BOUND ( 'NONE', #2456, .T. ) ;
#3504 = DIRECTION ( 'NONE',  ( -0.02617694830787320500, 0.9996573249755572600, -1.828834725831194600E-016 ) ) ;
#3505 = VERTEX_POINT ( 'NONE', #2658 ) ;
#3506 = CIRCLE ( 'NONE', #1064, 0.2000000000000005100 ) ;
#3507 = DIRECTION ( 'NONE',  ( 6.988552135405472900E-015, 8.095994489448965500E-017, -1.000000000000000000 ) ) ;
#3508 = CARTESIAN_POINT ( 'NONE',  ( -7.020000000000084000, -4.699999999999994800, 11.79999999999994200 ) ) ;
#3509 = AXIS2_PLACEMENT_3D ( 'NONE', #2713, #2403, #3292 ) ;
#3510 = CARTESIAN_POINT ( 'NONE',  ( 7.619999999999954800, 0.0000000000000000000, 6.420000000000056800 ) ) ;
#3511 = LINE ( 'NONE', #1187, #770 ) ;
#3512 = EDGE_CURVE ( 'NONE', #3571, #2235, #1432, .T. ) ;
#3513 = CARTESIAN_POINT ( 'NONE',  ( 10.04307915638188000, 0.2629872831021538000, 5.250000000000071100 ) ) ;
#3514 = LINE ( 'NONE', #563, #2766 ) ;
#3515 = CIRCLE ( 'NONE', #3136, 0.2000000000000005100 ) ;
#3516 = AXIS2_PLACEMENT_3D ( 'NONE', #2534, #2488, #849 ) ;
#3517 = AXIS2_PLACEMENT_3D ( 'NONE', #585, #2524, #2546 ) ;
#3518 = CIRCLE ( 'NONE', #597, 0.2000000000000005100 ) ;
#3519 = CARTESIAN_POINT ( 'NONE',  ( -9.783503977861931500, 10.17576342253238800, 6.249999999999933400 ) ) ;
#3520 = FACE_OUTER_BOUND ( 'NONE', #1933, .T. ) ;
#3521 =( NAMED_UNIT ( * ) SI_UNIT ( $, .STERADIAN. ) SOLID_ANGLE_UNIT ( ) );
#3522 = CARTESIAN_POINT ( 'NONE',  ( 10.04996572075092200, 3.523657060577889400E-015, 7.067415455352371700E-014 ) ) ;
#3523 = DIRECTION ( 'NONE',  ( 0.02617694830787316600, -0.9996573249755572600, 1.828834725831191800E-016 ) ) ;
#3524 = CARTESIAN_POINT ( 'NONE',  ( 10.15000000000011000, 0.0000000000000000000, -15.70006853500482300 ) ) ;
#3525 = ORIENTED_EDGE ( 'NONE', *, *, #3235, .F. ) ;
#3526 = VERTEX_POINT ( 'NONE', #2398 ) ;
#3527 = AXIS2_PLACEMENT_3D ( 'NONE', #389, #970, #2916 ) ;
#3528 = CARTESIAN_POINT ( 'NONE',  ( 9.783503977861959900, 10.17576342253238200, -8.549999999999933200 ) ) ;
#3529 = CARTESIAN_POINT ( 'NONE',  ( 10.14999999999989000, 4.336808689942017700E-016, 15.70006853500496800 ) ) ;
#3530 = ORIENTED_EDGE ( 'NONE', *, *, #3190, .T. ) ;
#3531 = CARTESIAN_POINT ( 'NONE',  ( 10.04307915638189600, 0.2629872831021538600, 2.950000000000071700 ) ) ;
#3532 = ORIENTED_EDGE ( 'NONE', *, *, #2910, .F. ) ;
#3533 = DIRECTION ( 'NONE',  ( -1.000000000000000000, -1.716359548925119100E-034, -6.988552135405472900E-015 ) ) ;
#3534 = ORIENTED_EDGE ( 'NONE', *, *, #929, .T. ) ;
#3535 = VERTEX_POINT ( 'NONE', #3138 ) ;
#3536 = EDGE_CURVE ( 'NONE', #281, #2813, #880, .T. ) ;
#3537 = EDGE_CURVE ( 'NONE', #3493, #197, #667, .T. ) ;
#3538 =( BOUNDED_SURFACE ( )  B_SPLINE_SURFACE ( 3, 3, ( 
 ( #606, #1989, #1422, #2492 ),
 ( #2190, #1672, #1944, #40 ),
 ( #562, #2483, #3061, #2182 ),
 ( #3341, #577, #859, #311 ) ),
 .UNSPECIFIED., .F., .F., .T. ) 
 B_SPLINE_SURFACE_WITH_KNOTS ( ( 4, 4 ),
 ( 4, 4 ),
 ( 0.0000000000000000000, 1.000000000000000000 ),
 ( 0.0000000000000000000, 1.000000000000000000 ),
 .UNSPECIFIED. ) 
 GEOMETRIC_REPRESENTATION_ITEM ( )  RATIONAL_B_SPLINE_SURFACE ( (
 ( 1.000000000000000000, 0.8087072059024119600, 0.8087072059024119600, 1.000000000000000000),
 ( 0.8087072059023485700, 0.6540073448784349300, 0.6540073448784349300, 0.8087072059023485700),
 ( 0.8087072059023485700, 0.6540073448784349300, 0.6540073448784349300, 0.8087072059023485700),
 ( 1.000000000000000000, 0.8087072059024119600, 0.8087072059024119600, 1.000000000000000000) ) ) 
 REPRESENTATION_ITEM ( '' )  SURFACE ( )  );
#3539 = DIRECTION ( 'NONE',  ( 0.02617694830787306900, -0.9996573249755572600, 2.695445536087161000E-016 ) ) ;
#3540 = ORIENTED_EDGE ( 'NONE', *, *, #2778, .T. ) ;
#3541 = CIRCLE ( 'NONE', #3019, 0.2000000000000005100 ) ;
#3542 = ORIENTED_EDGE ( 'NONE', *, *, #2666, .T. ) ;
#3544 = EDGE_CURVE ( 'NONE', #1352, #503, #2928, .T. ) ;
#3543 = ORIENTED_EDGE ( 'NONE', *, *, #2994, .F. ) ;
#3545 = CYLINDRICAL_SURFACE ( 'NONE', #546, 0.2999999999999990500 ) ;
#3546 =( LENGTH_UNIT ( ) NAMED_UNIT ( * ) SI_UNIT ( .MILLI., .METRE. ) );
#3547 = FACE_OUTER_BOUND ( 'NONE', #1480, .T. ) ;
#3548 = FACE_OUTER_BOUND ( 'NONE', #1688, .T. ) ;
#3549 = CARTESIAN_POINT ( 'NONE',  ( 7.620000000000063200, -3.500000000000000000, -9.119999999999944200 ) ) ;
#3550 = PLANE ( 'NONE',  #1518 ) ;
#3551 = CIRCLE ( 'NONE', #2312, 0.2999999999999999300 ) ;
#3552 = DIRECTION ( 'NONE',  ( 0.0000000000000000000, 1.000000000000000000, 0.0000000000000000000 ) ) ;
#3553 = FACE_OUTER_BOUND ( 'NONE', #1946, .T. ) ;
#3554 = DIRECTION ( 'NONE',  ( -0.02617694830787320500, 0.9996573249755572600, -1.828834725831194600E-016 ) ) ;
#3555 = LINE ( 'NONE', #3524, #1286 ) ;
#3556 = EDGE_CURVE ( 'NONE', #3535, #3229, #1588, .T. ) ;
#3557 = CIRCLE ( 'NONE', #595, 0.2999999999999999300 ) ;
#3558 = CARTESIAN_POINT ( 'NONE',  ( 7.620000000000058700, -3.500000000000000000, -8.519999999999946300 ) ) ;
#3559 = ADVANCED_FACE ( 'NONE', ( #1525 ), #1687, .T. ) ;
#3560 = VERTEX_POINT ( 'NONE', #2981 ) ;
#3561 = DIRECTION ( 'NONE',  ( -0.02617694830787306900, 0.9996573249755572600, -9.622239155752097100E-017 ) ) ;
#3562 = VERTEX_POINT ( 'NONE', #2393 ) ;
#3563 = CARTESIAN_POINT ( 'NONE',  ( 7.019999999999960500, -3.500000000000000000, 6.120000000000053400 ) ) ;
#3564 = ADVANCED_FACE ( 'NONE', ( #3099 ), #1176, .T. ) ;
#3565 = ORIENTED_EDGE ( 'NONE', *, *, #2053, .F. ) ;
#3566 = DIRECTION ( 'NONE',  ( 0.02616798426497905400, 0.9993150019883697600, 0.02616798426497942200 ) ) ;
#3567 = CARTESIAN_POINT ( 'NONE',  ( 8.220000000000061000, -4.700000000000001100, -8.519999999999942700 ) ) ;
#3568 = SURFACE_STYLE_USAGE ( .BOTH. , #2421 ) ;
#3569 = AXIS2_PLACEMENT_3D ( 'NONE', #2188, #262, #2201 ) ;
#3570 = CARTESIAN_POINT ( 'NONE',  ( 9.888003690805179600, 10.00523538966157700, -15.89999999999993500 ) ) ;
#3571 = VERTEX_POINT ( 'NONE', #3498 ) ;
#3572 = ORIENTED_EDGE ( 'NONE', *, *, #1725, .F. ) ;
#3573 = VECTOR ( 'NONE', #473, 1000.000000000000000 ) ;
#3574 = ORIENTED_EDGE ( 'NONE', *, *, #2347, .F. ) ;
#3575 = ORIENTED_EDGE ( 'NONE', *, *, #1566, .F. ) ;
#3576 = AXIS2_PLACEMENT_3D ( 'NONE', #2684, #2123, #460 ) ;
#3577 = DIRECTION ( 'NONE',  ( -7.031826330604385400E-015, -1.188689117125510700E-018, 1.000000000000000000 ) ) ;
#3578 = FACE_OUTER_BOUND ( 'NONE', #2549, .T. ) ;
#3579 = DIRECTION ( 'NONE',  ( 0.9996573249755573700, -0.02617694830787324300, 7.029447815598241600E-015 ) ) ;
#3580 = EDGE_CURVE ( 'NONE', #3276, #3078, #1828, .T. ) ;
#3581 = ORIENTED_EDGE ( 'NONE', *, *, #148, .T. ) ;
#3582 = ORIENTED_EDGE ( 'NONE', *, *, #1105, .T. ) ;
#3583 = DIRECTION ( 'NONE',  ( -6.986432124638220300E-015, 0.0000000000000000000, 1.000000000000000000 ) ) ;
#3584 = VECTOR ( 'NONE', #2682, 1000.000000000000100 ) ;
#3585 = ADVANCED_FACE ( 'NONE', ( #570 ), #2380, .F. ) ;
#3586 = VERTEX_POINT ( 'NONE', #2361 ) ;
#3587 = DIRECTION ( 'NONE',  ( -6.986432124638220300E-015, 0.0000000000000000000, 1.000000000000000000 ) ) ;
#3588 = VECTOR ( 'NONE', #3319, 1000.000000000000100 ) ;
ENDSEC;
END-ISO-10303-21;
